// nissan  240 x 240  (RGB565)
const uint16_t nissan[] PROGMEM = {
  0x1925, 0x1925, 0x1125, 0x1925, 0x1946, 0x1946, 0x1925, 0x1925, 0x1905, 0x1905, 0x1905, 0x1925,
  0x1925, 0x1925, 0x1925, 0x1925, 0x1125, 0x1125, 0x1125, 0x1925, 0x1925, 0x1125, 0x1946, 0x1925,
  0x1946, 0x2166, 0x1946, 0x1105, 0x1966, 0x1966, 0x29C8, 0x42AC, 0x5B6F, 0x534F, 0x21C8, 0x21C9,
  0x322A, 0x324B, 0x534E, 0x3229, 0x1946, 0x1105, 0x1926, 0x1105, 0x29A7, 0x1105, 0x1105, 0x1125,
  0x1925, 0x1125, 0x1105, 0x1105, 0x1905, 0x1905, 0x1105, 0x1104, 0x1104, 0x10E4, 0x10E4, 0x10E4,
  0x1105, 0x1104, 0x10E4, 0x08C4, 0x08C4, 0x10C4, 0x10C4, 0x10E4, 0x1104, 0x10E4, 0x10E4, 0x10E4,
  0x1104, 0x10C4, 0x1104, 0x10E4, 0x08C4, 0x10C4, 0x10C4, 0x1104, 0x1105, 0x1925, 0x1925, 0x1105,
  0x1105, 0x1925, 0x1925, 0x1104, 0x10C4, 0x10A3, 0x10C3, 0x10C3, 0x10C3, 0x10C3, 0x08A3, 0x08A3,
  0x10C4, 0x10C4, 0x08A3, 0x10C3, 0x10C4, 0x10C3, 0x08A3, 0x10C3, 0x10C4, 0x10E4, 0x10C4, 0x10C3,
  0x10A3, 0x10C3, 0x10A3, 0x10C3, 0x10C3, 0x10E3, 0x10E4, 0x10E3, 0x10C3, 0x10E3, 0x08A3, 0x08A2,
  0x10E3, 0x1904, 0x10E4, 0x1104, 0x1904, 0x10E3, 0x10E4, 0x10E3, 0x08C3, 0x08C3, 0x10C3, 0x10C3,
  0x08A3, 0x08A3, 0x08A3, 0x08A3, 0x08A3, 0x08A3, 0x08A3, 0x08A3, 0x08A3, 0x08A3, 0x08A3, 0x08A2,
  0x08A2, 0x08A2, 0x0882, 0x0882, 0x0882, 0x0882, 0x0882, 0x0882, 0x0882, 0x0882, 0x0882, 0x0882,
  0x0882, 0x0882, 0x0882, 0x0882, 0x0882, 0x0882, 0x0882, 0x0882, 0x0882, 0x0882, 0x0882, 0x0882,
  0x08A2, 0x08A2, 0x08A2, 0x08A2, 0x0882, 0x0882, 0x0882, 0x08A2, 0x08A2, 0x08A2, 0x08A2, 0x08A2,
  0x08A2, 0x08A2, 0x08A2, 0x0882, 0x0882, 0x0882, 0x0882, 0x0882, 0x0882, 0x0882, 0x0882, 0x0882,
  0x0882, 0x0882, 0x0882, 0x0882, 0x0882, 0x0882, 0x0882, 0x0882, 0x0882, 0x0882, 0x0882, 0x0882,
  0x0882, 0x0882, 0x0882, 0x0882, 0x08A2, 0x08A2, 0x08A2, 0x08A2, 0x0882, 0x0882, 0x0882, 0x0882,
  0x08A2, 0x08A3, 0x08A3, 0x08A2, 0x08A2, 0x08A3, 0x08A3, 0x08A2, 0x08A2, 0x08A3, 0x08A3, 0x10A3,
  0x08A3, 0x08A3, 0x10A3, 0x10A3, 0x10A3, 0x08A3, 0x10A3, 0x10C3, 0x10E4, 0x10C3, 0x10A3, 0x10A3,
  0x1946, 0x1925, 0x1905, 0x1925, 0x1925, 0x1905, 0x1925, 0x1926, 0x10E5, 0x1105, 0x1925, 0x1925,
  0x1125, 0x1125, 0x1125, 0x1105, 0x1925, 0x1125, 0x1925, 0x1925, 0x1925, 0x1925, 0x1925, 0x1925,
  0x1946, 0x29C8, 0x29E8, 0x1946, 0x1125, 0x29A7, 0x3229, 0x3A6B, 0x7473, 0x6C12, 0x3A8C, 0x1988,
  0x21A8, 0x29E8, 0x29E8, 0x31E8, 0x1946, 0x1104, 0x1104, 0x1905, 0x1904, 0x1104, 0x1105, 0x1105,
  0x1105, 0x1105, 0x1105, 0x1105, 0x1104, 0x1104, 0x10E4, 0x10E4, 0x10E4, 0x1104, 0x10E4, 0x10E4,
  0x18E4, 0x10C4, 0x08A3, 0x10C4, 0x10A4, 0x10A4, 0x10A4, 0x10E4, 0x10E4, 0x10E4, 0x10C4, 0x10E4,
  0x1104, 0x1105, 0x1104, 0x10E4, 0x08C4, 0x08C3, 0x10E4, 0x10E4, 0x1104, 0x1905, 0x1905, 0x1925,
  0x1105, 0x1925, 0x1104, 0x1105, 0x08C4, 0x10C4, 0x10E3, 0x10E3, 0x10C3, 0x08C3, 0x08C3, 0x08C3,
  0x10A3, 0x10A3, 0x10C4, 0x10C4, 0x10C4, 0x10C4, 0x10A3, 0x10C4, 0x10E4, 0x10C4, 0x10C4, 0x08A3,
  0x08A3, 0x08A4, 0x10A3, 0x10A3, 0x10A3, 0x10E3, 0x10C3, 0x10C3, 0x10C3, 0x08A2, 0x08A3, 0x10E3,
  0x10E4, 0x1104, 0x1104, 0x10E3, 0x08C3, 0x08C3, 0x10C3, 0x08A3, 0x08A3, 0x08A3, 0x08A3, 0x0882,
  0x08A2, 0x0882, 0x08A2, 0x08A3, 0x08A3, 0x08A3, 0x08A3, 0x08A3, 0x08A2, 0x08A3, 0x08A2, 0x08A3,
  0x08A3, 0x08A3, 0x08A3, 0x08A3, 0x08A3, 0x08A3, 0x0882, 0x08A2, 0x08A2, 0x08A2, 0x0882, 0x0882,
  0x0882, 0x0882, 0x0882, 0x0882, 0x0882, 0x0882, 0x0882, 0x0882, 0x0882, 0x0882, 0x08A2, 0x08A3,
  0x0882, 0x0882, 0x0882, 0x0882, 0x0882, 0x08A2, 0x08A2, 0x08A3, 0x08A3, 0x08A3, 0x08A3, 0x08A2,
  0x08A2, 0x08A2, 0x08A2, 0x0882, 0x0882, 0x0882, 0x0882, 0x0882, 0x0882, 0x0882, 0x0882, 0x0882,
  0x0882, 0x0882, 0x0882, 0x0882, 0x0882, 0x0882, 0x0882, 0x0882, 0x0882, 0x0882, 0x0882, 0x0882,
  0x0882, 0x0882, 0x0882, 0x0882, 0x08A3, 0x08A2, 0x0882, 0x0882, 0x0882, 0x0882, 0x0882, 0x08A2,
  0x08A2, 0x08A2, 0x08A2, 0x08A3, 0x08A3, 0x08A2, 0x08A2, 0x0882, 0x0882, 0x08A3, 0x08A3, 0x08A2,
  0x10C3, 0x08A3, 0x08A3, 0x08A2, 0x08A3, 0x10C3, 0x10C3, 0x10C3, 0x10C3, 0x08A3, 0x08A3, 0x08A3,
  0x1946, 0x1946, 0x1926, 0x1905, 0x1105, 0x1905, 0x1925, 0x1925, 0x1925, 0x1105, 0x1105, 0x1105,
  0x1125, 0x1125, 0x1125, 0x1125, 0x1925, 0x1925, 0x1925, 0x1925, 0x1925, 0x1925, 0x1925, 0x1125,
  0x1104, 0x1946, 0x21A7, 0x2166, 0x1125, 0x1946, 0x29C8, 0x2A09, 0x6C11, 0x84D5, 0x5B90, 0x21A8,
  0x1967, 0x2166, 0x2187, 0x2187, 0x1105, 0x10E4, 0x10E4, 0x10E4, 0x1104, 0x1104, 0x1104, 0x1105,
  0x1105, 0x1104, 0x1104, 0x1104, 0x10E4, 0x10E4, 0x10E4, 0x1104, 0x1104, 0x1105, 0x10E4, 0x1104,
  0x10E4, 0x10C4, 0x10C4, 0x10A4, 0x10A4, 0x10A4, 0x10A4, 0x10C4, 0x10C4, 0x10E4, 0x10C4, 0x10E4,
  0x1104, 0x1105, 0x1104, 0x10E4, 0x10C4, 0x10E4, 0x10E4, 0x1104, 0x1925, 0x1925, 0x1925, 0x1925,
  0x1925, 0x1925, 0x1104, 0x1104, 0x10E4, 0x10E4, 0x10E4, 0x10E3, 0x10C3, 0x08C3, 0x08C3, 0x08C3,
  0x10A4, 0x10C4, 0x10C4, 0x18E4, 0x10C4, 0x10C4, 0x10A4, 0x10C4, 0x10C4, 0x10C4, 0x08A3, 0x08A3,
  0x08A3, 0x08A3, 0x10C3, 0x10A3, 0x10E3, 0x10E3, 0x10C3, 0x10A3, 0x10A3, 0x08C3, 0x08A2, 0x08C3,
  0x10E4, 0x1104, 0x10E3, 0x08C3, 0x08C3, 0x10C3, 0x10C3, 0x08A3, 0x08A3, 0x08A3, 0x08A3, 0x0882,
  0x08A2, 0x08A3, 0x08A3, 0x08A3, 0x08A3, 0x08A3, 0x08A3, 0x08A3, 0x08A2, 0x08A3, 0x0882, 0x08A2,
  0x08A2, 0x08A2, 0x08A2, 0x08A2, 0x08A2, 0x08A2, 0x0882, 0x08A2, 0x08A2, 0x08A2, 0x0882, 0x0882,
  0x0882, 0x0882, 0x0882, 0x0882, 0x0882, 0x0882, 0x0882, 0x0882, 0x0882, 0x0882, 0x08A2, 0x08A2,
  0x0882, 0x0882, 0x0882, 0x0882, 0x0882, 0x08A2, 0x08A2, 0x08A3, 0x08A3, 0x08A3, 0x08A3, 0x0882,
  0x0882, 0x0882, 0x0882, 0x0882, 0x0882, 0x0882, 0x0882, 0x0882, 0x0882, 0x0882, 0x0882, 0x0882,
  0x0882, 0x0882, 0x0882, 0x0882, 0x0882, 0x0882, 0x0882, 0x0882, 0x0882, 0x0882, 0x0882, 0x0882,
  0x0882, 0x0882, 0x0882, 0x0882, 0x08A3, 0x08A2, 0x0882, 0x08A2, 0x0882, 0x0882, 0x0882, 0x08A2,
  0x08A2, 0x08A2, 0x08A2, 0x08A2, 0x08A2, 0x08A2, 0x0882, 0x08A3, 0x08A3, 0x08A3, 0x08A3, 0x08A3,
  0x10C3, 0x10C3, 0x08A3, 0x08A3, 0x10C3, 0x10C3, 0x10C3, 0x10C3, 0x08A3, 0x08A3, 0x08A3, 0x08A3,
  0x1125, 0x1945, 0x1925, 0x1925, 0x1925, 0x1905, 0x1925, 0x1926, 0x2166, 0x1925, 0x1105, 0x1105,
  0x1105, 0x1105, 0x1125, 0x1925, 0x1125, 0x1925, 0x1925, 0x1125, 0x1125, 0x1125, 0x1125, 0x1945,
  0x1125, 0x1125, 0x1125, 0x1946, 0x1946, 0x1945, 0x1966, 0x21A8, 0x324B, 0x6C12, 0x63D0, 0x320A,
  0x1967, 0x1926, 0x1946, 0x1946, 0x1105, 0x1104, 0x1905, 0x1904, 0x1904, 0x1104, 0x10E4, 0x1104,
  0x1105, 0x10E4, 0x10E4, 0x10E4, 0x10E4, 0x10E4, 0x10E4, 0x1104, 0x1105, 0x1905, 0x10E4, 0x1104,
  0x10C4, 0x10C4, 0x10C4, 0x10A4, 0x10A4, 0x10A4, 0x10A4, 0x10C4, 0x10C4, 0x10C4, 0x10E4, 0x1104,
  0x1905, 0x1105, 0x10E4, 0x10C4, 0x10E4, 0x10E4, 0x10E4, 0x1925, 0x1925, 0x1925, 0x1925, 0x1905,
  0x1925, 0x1905, 0x1105, 0x1104, 0x1105, 0x10E4, 0x10E4, 0x10E4, 0x10E4, 0x10C3, 0x08C3, 0x08A3,
  0x10C4, 0x10E4, 0x10E4, 0x1905, 0x10C4, 0x10C4, 0x10C4, 0x10C4, 0x10C4, 0x10C4, 0x08A3, 0x10A3,
  0x08A3, 0x10A3, 0x10C3, 0x08A3, 0x1904, 0x10C3, 0x10C3, 0x08A3, 0x08A3, 0x08A2, 0x08A2, 0x08C3,
  0x1104, 0x10E4, 0x08C3, 0x08C3, 0x10E3, 0x10C3, 0x10C3, 0x08A3, 0x08A3, 0x08A3, 0x08A3, 0x0882,
  0x0882, 0x08A3, 0x08A3, 0x08A2, 0x08A3, 0x08A3, 0x08A3, 0x08A3, 0x08A2, 0x08A3, 0x0882, 0x08A2,
  0x08A2, 0x08A2, 0x08A2, 0x08A2, 0x08A2, 0x08A2, 0x0882, 0x08A2, 0x08A2, 0x08A2, 0x0882, 0x0882,
  0x0882, 0x0882, 0x0882, 0x0882, 0x0882, 0x0882, 0x0882, 0x0882, 0x0882, 0x08A2, 0x08A2, 0x08A2,
  0x08A2, 0x08A2, 0x08A2, 0x08A2, 0x0882, 0x08A2, 0x08A2, 0x08A3, 0x08A3, 0x08A3, 0x08A3, 0x0882,
  0x0882, 0x0882, 0x0882, 0x08A2, 0x08A2, 0x08A2, 0x0882, 0x0882, 0x0882, 0x0882, 0x0882, 0x0882,
  0x0882, 0x0882, 0x0882, 0x0882, 0x0882, 0x0882, 0x0882, 0x0882, 0x0882, 0x0882, 0x0882, 0x0882,
  0x0882, 0x0882, 0x0882, 0x0882, 0x08A2, 0x0882, 0x0882, 0x08A2, 0x0882, 0x0882, 0x0882, 0x08A2,
  0x08A2, 0x08A2, 0x08A2, 0x0882, 0x0882, 0x08A2, 0x08A3, 0x08A3, 0x10C3, 0x10C3, 0x10C3, 0x10C3,
  0x08A3, 0x08A2, 0x08A3, 0x08A3, 0x10C3, 0x10C3, 0x10C3, 0x08A3, 0x08A3, 0x08A3, 0x08A3, 0x08A3,
  0x1946, 0x1945, 0x1925, 0x1925, 0x1925, 0x1946, 0x1946, 0x1946, 0x1966, 0x1946, 0x1925, 0x1105,
  0x1105, 0x1105, 0x1125, 0x1925, 0x1925, 0x1925, 0x1925, 0x1925, 0x1105, 0x1125, 0x1125, 0x1105,
  0x1125, 0x1925, 0x1925, 0x1125, 0x1925, 0x1946, 0x1946, 0x1967, 0x1988, 0x324A, 0x4AED, 0x322A,
  0x1946, 0x1966, 0x1925, 0x1946, 0x1105, 0x1925, 0x1905, 0x1904, 0x1104, 0x1104, 0x10E4, 0x1104,
  0x1105, 0x1104, 0x1104, 0x10E4, 0x10E4, 0x10E4, 0x10E4, 0x10E4, 0x1105, 0x1104, 0x10E4, 0x10E4,
  0x10C4, 0x10E4, 0x10C4, 0x10C4, 0x10A4, 0x10A4, 0x10A4, 0x10A3, 0x10C4, 0x10E4, 0x10E4, 0x1905,
  0x1925, 0x1105, 0x10C4, 0x10E4, 0x10E4, 0x10E4, 0x10E4, 0x1105, 0x1905, 0x1104, 0x1925, 0x1104,
  0x1925, 0x1104, 0x1925, 0x1104, 0x1105, 0x10E4, 0x10E4, 0x08C3, 0x10E4, 0x10C3, 0x08C3, 0x08C3,
  0x10C4, 0x10C4, 0x10E4, 0x10E4, 0x08A3, 0x10C4, 0x10C4, 0x10A3, 0x10C4, 0x10C4, 0x10C4, 0x10C4,
  0x10A3, 0x10C4, 0x10C3, 0x10E4, 0x10E4, 0x10C3, 0x10C3, 0x08A3, 0x08A3, 0x08A2, 0x10C3, 0x1904,
  0x1104, 0x10C3, 0x10C3, 0x10E3, 0x10E4, 0x10C3, 0x10C3, 0x08A3, 0x08A3, 0x08A3, 0x08A3, 0x0882,
  0x08A2, 0x08A2, 0x08A3, 0x08A3, 0x08A3, 0x08A3, 0x08A3, 0x08A3, 0x08A2, 0x08A2, 0x0882, 0x0882,
  0x0882, 0x0882, 0x0882, 0x0882, 0x0882, 0x0882, 0x0882, 0x08A2, 0x08A2, 0x08A2, 0x0882, 0x0882,
  0x0882, 0x0882, 0x0882, 0x0882, 0x0882, 0x08A2, 0x08A2, 0x08A2, 0x08A2, 0x08A2, 0x08A2, 0x0882,
  0x08A3, 0x08A3, 0x08A3, 0x08A3, 0x0882, 0x08A2, 0x08A2, 0x08A3, 0x08A3, 0x08A3, 0x08A3, 0x08A3,
  0x08A3, 0x08A3, 0x08A3, 0x08A3, 0x08A3, 0x08A3, 0x0882, 0x0882, 0x0882, 0x0882, 0x0882, 0x0882,
  0x0882, 0x0882, 0x0882, 0x0882, 0x0882, 0x0882, 0x0882, 0x0882, 0x0882, 0x0882, 0x0882, 0x0882,
  0x0882, 0x0882, 0x0882, 0x0882, 0x0882, 0x0882, 0x0882, 0x08A2, 0x0882, 0x0882, 0x0882, 0x08A2,
  0x08A2, 0x08A2, 0x08A2, 0x08A2, 0x08A3, 0x08A3, 0x10C3, 0x10C3, 0x10C3, 0x10C3, 0x10E3, 0x10C3,
  0x0882, 0x08A2, 0x08A3, 0x08A3, 0x08A3, 0x08A3, 0x08A3, 0x08A3, 0x08A3, 0x08A3, 0x08A3, 0x10C3,
  0x1946, 0x1946, 0x1925, 0x1925, 0x1946, 0x2166, 0x2166, 0x1966, 0x1946, 0x2166, 0x1946, 0x1925,
  0x1105, 0x1105, 0x1925, 0x1925, 0x1925, 0x1105, 0x1105, 0x1125, 0x1105, 0x1105, 0x1125, 0x1105,
  0x1925, 0x1946, 0x1925, 0x1925, 0x1925, 0x1946, 0x1946, 0x1946, 0x21C8, 0x29E9, 0x21A8, 0x21A8,
  0x1966, 0x1946, 0x1925, 0x1925, 0x1105, 0x1925, 0x1905, 0x10E4, 0x10E4, 0x10E4, 0x10E4, 0x1104,
  0x1104, 0x1104, 0x10E4, 0x1104, 0x10E4, 0x10E4, 0x10E4, 0x10E4, 0x1105, 0x10E4, 0x10C4, 0x10E4,
  0x10E4, 0x10C4, 0x10C4, 0x10A3, 0x10A3, 0x10A3, 0x10A3, 0x08A3, 0x08A3, 0x1905, 0x1905, 0x1105,
  0x1104, 0x10E4, 0x10E4, 0x10E4, 0x10E4, 0x1104, 0x1104, 0x10E4, 0x10E4, 0x1105, 0x1104, 0x10E4,
  0x1925, 0x1925, 0x1105, 0x1104, 0x1105, 0x08C4, 0x1104, 0x10C4, 0x10E4, 0x10C4, 0x08C4, 0x10C4,
  0x10C4, 0x10C4, 0x10E4, 0x08A3, 0x10E4, 0x10C4, 0x08C3, 0x08A3, 0x10E4, 0x10C4, 0x08A3, 0x10A3,
  0x08A3, 0x10C3, 0x10C4, 0x10E4, 0x10E4, 0x10E4, 0x08A3, 0x08A3, 0x08C3, 0x10C3, 0x10E4, 0x10E4,
  0x10E3, 0x10C3, 0x10E4, 0x10E4, 0x10E3, 0x10C3, 0x08A3, 0x08A3, 0x08A3, 0x08A3, 0x08A3, 0x08A2,
  0x08A2, 0x08A2, 0x08A3, 0x08A3, 0x0882, 0x0882, 0x0882, 0x08A2, 0x08A2, 0x0882, 0x0882, 0x0882,
  0x0882, 0x0882, 0x0882, 0x0882, 0x0882, 0x0882, 0x0882, 0x0882, 0x0882, 0x0882, 0x08A2, 0x08A2,
  0x08A2, 0x0882, 0x0882, 0x0882, 0x0882, 0x0882, 0x0882, 0x0882, 0x0882, 0x08A2, 0x08A2, 0x08A2,
  0x08A2, 0x08A2, 0x08A2, 0x08A2, 0x08A2, 0x08A2, 0x08A2, 0x0882, 0x08A2, 0x08A3, 0x08A3, 0x08A3,
  0x08A3, 0x08A3, 0x08A3, 0x08A3, 0x08A3, 0x08A2, 0x0882, 0x08A3, 0x08A2, 0x0882, 0x0882, 0x0882,
  0x0882, 0x08A2, 0x08A2, 0x08A2, 0x0882, 0x0882, 0x0882, 0x0882, 0x0882, 0x0882, 0x0882, 0x0882,
  0x0882, 0x0882, 0x0882, 0x0882, 0x0882, 0x0882, 0x0882, 0x0882, 0x08A2, 0x08A2, 0x08A2, 0x08A2,
  0x08A2, 0x08A2, 0x08A2, 0x08A3, 0x08A3, 0x10C3, 0x08A3, 0x10C3, 0x10C3, 0x10E3, 0x10C3, 0x08A2,
  0x08A2, 0x08A2, 0x08A3, 0x08A2, 0x08A3, 0x10C3, 0x10C3, 0x08A3, 0x08A3, 0x08A3, 0x08A3, 0x08A3,
  0x1946, 0x1946, 0x1966, 0x1946, 0x2186, 0x2187, 0x2186, 0x1966, 0x1946, 0x1946, 0x1946, 0x1946,
  0x1105, 0x1105, 0x1125, 0x1925, 0x1925, 0x1105, 0x1105, 0x1125, 0x1105, 0x1105, 0x1125, 0x1905,
  0x1905, 0x1925, 0x1925, 0x1946, 0x1926, 0x1926, 0x1946, 0x2166, 0x29E8, 0x3209, 0x29C9, 0x21A8,
  0x1946, 0x1946, 0x1925, 0x1925, 0x1105, 0x1104, 0x10E4, 0x10E4, 0x10E4, 0x10E4, 0x10E4, 0x1104,
  0x1104, 0x1104, 0x1104, 0x1104, 0x10E4, 0x10E4, 0x10E4, 0x10E4, 0x1105, 0x10E4, 0x08C4, 0x08C4,
  0x10E4, 0x10E4, 0x10C4, 0x10E4, 0x10C4, 0x08A3, 0x0883, 0x08A3, 0x10C4, 0x1905, 0x10E4, 0x10E4,
  0x1925, 0x1905, 0x10E4, 0x10E4, 0x10E4, 0x1105, 0x1104, 0x10C4, 0x10E4, 0x1905, 0x1105, 0x10E4,
  0x1104, 0x1905, 0x1105, 0x1104, 0x1104, 0x10E4, 0x10E4, 0x08C4, 0x10E4, 0x08C4, 0x08C3, 0x08C3,
  0x08C3, 0x08A3, 0x08C3, 0x08C3, 0x10E4, 0x10E4, 0x10C4, 0x10C3, 0x10C4, 0x10C3, 0x08A3, 0x10C3,
  0x10C3, 0x10C4, 0x10C3, 0x10E4, 0x10E4, 0x10C3, 0x10C3, 0x10C4, 0x10C4, 0x10C3, 0x10E3, 0x10E4,
  0x10E3, 0x10C3, 0x10C3, 0x10C3, 0x08C3, 0x08A3, 0x08A3, 0x08A2, 0x08A3, 0x08A3, 0x08A3, 0x08A2,
  0x08A3, 0x08A3, 0x08A2, 0x08A2, 0x0882, 0x0882, 0x0882, 0x08A2, 0x08A2, 0x0882, 0x0882, 0x0882,
  0x0882, 0x0882, 0x0882, 0x0882, 0x0882, 0x0882, 0x0882, 0x0882, 0x0882, 0x0882, 0x08A2, 0x08A2,
  0x08A2, 0x0882, 0x0882, 0x0882, 0x0882, 0x0882, 0x0882, 0x0882, 0x0882, 0x08A2, 0x08A2, 0x08A2,
  0x08A2, 0x08A2, 0x08A2, 0x08A2, 0x08A2, 0x08A2, 0x08A2, 0x0882, 0x08A2, 0x08A3, 0x08A3, 0x08A3,
  0x08A3, 0x08A3, 0x10C3, 0x08A2, 0x0882, 0x08A2, 0x08A3, 0x08A3, 0x0882, 0x0882, 0x0882, 0x0882,
  0x0882, 0x08A2, 0x08A2, 0x08A2, 0x0882, 0x0882, 0x0882, 0x0882, 0x0882, 0x0882, 0x0882, 0x0882,
  0x0882, 0x0882, 0x0882, 0x0882, 0x0882, 0x0882, 0x0882, 0x0882, 0x08A2, 0x08A2, 0x08A2, 0x08A2,
  0x08A2, 0x08A2, 0x08A2, 0x10C3, 0x08A3, 0x08A3, 0x10C3, 0x10C3, 0x10C3, 0x10E3, 0x10C3, 0x08A2,
  0x08A3, 0x08A2, 0x0882, 0x0882, 0x08A3, 0x10C3, 0x10C3, 0x10C3, 0x10C3, 0x10C3, 0x10C3, 0x08A3,
  0x1925, 0x1125, 0x1966, 0x1966, 0x2186, 0x29A7, 0x21A7, 0x2187, 0x2186, 0x2166, 0x1966, 0x1946,
  0x1125, 0x1105, 0x1105, 0x1105, 0x1125, 0x1125, 0x1105, 0x1105, 0x1105, 0x1105, 0x1125, 0x1925,
  0x1905, 0x1905, 0x1925, 0x1925, 0x1946, 0x2146, 0x2146, 0x2166, 0x29E8, 0x322A, 0x322A, 0x2187,
  0x1966, 0x1946, 0x1925, 0x1925, 0x1125, 0x1905, 0x1104, 0x10E4, 0x10E4, 0x10E4, 0x10E4, 0x10E4,
  0x1104, 0x10E4, 0x1105, 0x1104, 0x1104, 0x10E4, 0x10C4, 0x10E4, 0x1104, 0x10E4, 0x08C4, 0x08C3,
  0x10E4, 0x08C4, 0x08C4, 0x10C4, 0x10C4, 0x10A3, 0x08A3, 0x10A3, 0x10E4, 0x1104, 0x10E4, 0x10E4,
  0x1925, 0x1105, 0x10E4, 0x10C4, 0x10E4, 0x1104, 0x1104, 0x08C4, 0x10E4, 0x1104, 0x1104, 0x10E4,
  0x10E4, 0x1105, 0x1905, 0x1104, 0x10E4, 0x1945, 0x10E4, 0x08C4, 0x10E4, 0x08C4, 0x08C3, 0x08C4,
  0x10C4, 0x10C4, 0x10E4, 0x10E4, 0x10E4, 0x10E4, 0x10C4, 0x10E4, 0x10C3, 0x10C3, 0x10C3, 0x10C3,
  0x10C3, 0x10C3, 0x10C3, 0x10E4, 0x10E4, 0x10C4, 0x10E4, 0x10E4, 0x10E4, 0x10C3, 0x10C3, 0x10C3,
  0x10C3, 0x10C3, 0x08A3, 0x08A3, 0x08A3, 0x08A3, 0x08A3, 0x08A2, 0x08A3, 0x08A3, 0x08A3, 0x08A2,
  0x08A3, 0x08A3, 0x08A2, 0x0882, 0x08A2, 0x08A2, 0x08A2, 0x08A2, 0x08A2, 0x0882, 0x0882, 0x0882,
  0x0882, 0x0882, 0x0882, 0x0882, 0x0882, 0x0882, 0x08A2, 0x08A2, 0x08A2, 0x08A2, 0x08A2, 0x08A2,
  0x08A2, 0x0882, 0x0882, 0x0882, 0x0882, 0x0882, 0x0882, 0x0882, 0x0882, 0x08A2, 0x08A2, 0x08A2,
  0x08A2, 0x08A2, 0x08A2, 0x08A2, 0x08A2, 0x08A2, 0x08A2, 0x0882, 0x08A2, 0x08A3, 0x08A3, 0x08A3,
  0x08A3, 0x08A3, 0x08A3, 0x08A3, 0x08A3, 0x08A3, 0x08A3, 0x08A2, 0x0882, 0x0882, 0x0882, 0x0882,
  0x0882, 0x08A2, 0x08A2, 0x08A2, 0x0882, 0x0882, 0x0882, 0x0882, 0x0882, 0x0882, 0x0882, 0x0882,
  0x0882, 0x0882, 0x0882, 0x0882, 0x0882, 0x0882, 0x0882, 0x0882, 0x08A2, 0x08A2, 0x08A2, 0x08A2,
  0x08A2, 0x08A2, 0x08A2, 0x08A3, 0x08A3, 0x08A3, 0x10C3, 0x10C3, 0x10C3, 0x10C3, 0x08A3, 0x08A2,
  0x08A3, 0x0882, 0x08A2, 0x08A3, 0x10C3, 0x10E4, 0x10C3, 0x10C3, 0x08A3, 0x08A2, 0x08A2, 0x08A2,
  0x1946, 0x1946, 0x1966, 0x2187, 0x2186, 0x21A7, 0x2187, 0x1966, 0x2166, 0x2166, 0x2166, 0x1946,
  0x1125, 0x1105, 0x1105, 0x1105, 0x1105, 0x1925, 0x1125, 0x1105, 0x1105, 0x1105, 0x1125, 0x1925,
  0x1925, 0x1925, 0x1925, 0x1926, 0x1946, 0x1926, 0x1925, 0x1925, 0x1966, 0x322A, 0x4B0D, 0x29E9,
  0x1967, 0x1946, 0x1925, 0x1925, 0x1125, 0x1925, 0x1905, 0x10E4, 0x10E4, 0x10E4, 0x10E4, 0x10E4,
  0x10E4, 0x10E4, 0x1105, 0x1104, 0x1104, 0x1104, 0x08C3, 0x1104, 0x10E4, 0x1104, 0x10E4, 0x10C4,
  0x10E4, 0x10E4, 0x10E4, 0x10C4, 0x10C4, 0x10C4, 0x10C4, 0x10C4, 0x10E4, 0x10E4, 0x10C4, 0x10E4,
  0x10E4, 0x1105, 0x1105, 0x10E4, 0x1105, 0x10E4, 0x1104, 0x10C4, 0x10C4, 0x08C4, 0x10E4, 0x10E4,
  0x10E4, 0x1104, 0x1905, 0x1104, 0x10E4, 0x1925, 0x10C4, 0x10C4, 0x10E4, 0x10C4, 0x10C4, 0x10E4,
  0x10E4, 0x10C4, 0x1104, 0x1104, 0x1105, 0x10E4, 0x10E4, 0x10C3, 0x10C3, 0x10C3, 0x10C3, 0x08A3,
  0x10C3, 0x10C3, 0x08C3, 0x10E4, 0x10E4, 0x10E4, 0x10E4, 0x08C3, 0x08C3, 0x10C3, 0x10C3, 0x10C3,
  0x10C3, 0x10C3, 0x08A3, 0x08A3, 0x08A3, 0x08A3, 0x08A3, 0x08A3, 0x08A3, 0x08A3, 0x08A3, 0x08A2,
  0x08A2, 0x08A2, 0x08A3, 0x08A3, 0x08A3, 0x08A3, 0x08A3, 0x08A2, 0x08A2, 0x0882, 0x0882, 0x0882,
  0x0882, 0x0882, 0x0882, 0x0882, 0x0882, 0x0882, 0x08A3, 0x08A3, 0x08A3, 0x08A3, 0x08A2, 0x08A2,
  0x08A2, 0x0882, 0x0882, 0x0882, 0x0882, 0x0882, 0x0882, 0x0882, 0x0882, 0x08A2, 0x08A2, 0x08A2,
  0x08A2, 0x08A2, 0x08A2, 0x08A2, 0x08A2, 0x08A2, 0x08A2, 0x0882, 0x08A2, 0x08A3, 0x08A3, 0x08A3,
  0x08A3, 0x08A2, 0x08A2, 0x08A3, 0x10C3, 0x08A3, 0x0882, 0x08A2, 0x08A2, 0x08A2, 0x0882, 0x0882,
  0x0882, 0x08A2, 0x08A2, 0x08A2, 0x0882, 0x0882, 0x0882, 0x0882, 0x0882, 0x0882, 0x0882, 0x0882,
  0x0882, 0x0882, 0x0882, 0x0882, 0x0882, 0x0882, 0x0882, 0x0882, 0x08A2, 0x08A2, 0x08A2, 0x08A2,
  0x08A2, 0x08A2, 0x08A2, 0x08A2, 0x08A2, 0x08A3, 0x08A3, 0x08A3, 0x10C3, 0x08A3, 0x08A3, 0x08A3,
  0x08A3, 0x0882, 0x08A2, 0x10C3, 0x10C3, 0x10C3, 0x08A3, 0x08A2, 0x0882, 0x0882, 0x08A3, 0x08A3,
  0x1946, 0x1946, 0x1966, 0x2187, 0x1966, 0x21A7, 0x2187, 0x2187, 0x2186, 0x2186, 0x1966, 0x1945,
  0x1925, 0x1105, 0x1104, 0x1104, 0x1105, 0x1905, 0x1105, 0x1104, 0x1104, 0x1105, 0x1925, 0x1925,
  0x1925, 0x1925, 0x1925, 0x1946, 0x1946, 0x1925, 0x1105, 0x1905, 0x1926, 0x29C9, 0x5B6F, 0x532E,
  0x1966, 0x1966, 0x1925, 0x1925, 0x1925, 0x1925, 0x1905, 0x1105, 0x1104, 0x10E4, 0x10E4, 0x1104,
  0x10E4, 0x10E4, 0x1104, 0x1104, 0x1105, 0x1104, 0x1104, 0x10E4, 0x1104, 0x1925, 0x1104, 0x10E4,
  0x1105, 0x1104, 0x1104, 0x10E4, 0x10E4, 0x10C4, 0x10C4, 0x10E4, 0x10C4, 0x10A3, 0x10C4, 0x10C4,
  0x10C4, 0x1905, 0x1925, 0x1104, 0x1905, 0x1104, 0x1905, 0x10E4, 0x1104, 0x08C3, 0x10C4, 0x10E4,
  0x1104, 0x1925, 0x1905, 0x1905, 0x1104, 0x1104, 0x10C4, 0x1925, 0x10E4, 0x10E4, 0x1105, 0x10C4,
  0x08C4, 0x10C4, 0x1104, 0x1105, 0x1104, 0x1104, 0x10E4, 0x10E4, 0x10E4, 0x10C3, 0x08A3, 0x08A3,
  0x10C3, 0x10C3, 0x10C4, 0x10E4, 0x10E4, 0x10C4, 0x10C3, 0x08C3, 0x10C3, 0x10C3, 0x10C3, 0x10C3,
  0x10C3, 0x08A2, 0x08A3, 0x08A2, 0x10C3, 0x08A3, 0x08A2, 0x08A3, 0x0882, 0x08A3, 0x08A3, 0x08A3,
  0x08A3, 0x08A3, 0x08A3, 0x08A3, 0x08A3, 0x08A3, 0x08A3, 0x0882, 0x0882, 0x0882, 0x0882, 0x0882,
  0x0882, 0x0882, 0x0882, 0x0882, 0x0882, 0x0882, 0x0882, 0x0882, 0x0882, 0x0882, 0x0882, 0x0882,
  0x0882, 0x0882, 0x0882, 0x0882, 0x0882, 0x0882, 0x0882, 0x0882, 0x0882, 0x0882, 0x0882, 0x0882,
  0x08A3, 0x08A3, 0x08A3, 0x08A3, 0x08A2, 0x08A2, 0x08A2, 0x08A3, 0x08A2, 0x08A3, 0x08A3, 0x08A3,
  0x08A3, 0x08A3, 0x08A3, 0x08A3, 0x08A3, 0x0882, 0x0882, 0x0882, 0x0882, 0x0882, 0x08A3, 0x08A3,
  0x08A3, 0x0882, 0x0882, 0x0882, 0x0882, 0x0882, 0x0882, 0x0882, 0x0882, 0x0882, 0x0882, 0x0882,
  0x0882, 0x0882, 0x0882, 0x0882, 0x0882, 0x0882, 0x0882, 0x0882, 0x0882, 0x0882, 0x0882, 0x0882,
  0x0882, 0x0882, 0x0882, 0x08A2, 0x08A3, 0x08A3, 0x08A3, 0x08A3, 0x0882, 0x0882, 0x08A3, 0x08A3,
  0x08A2, 0x08A2, 0x08A3, 0x08A3, 0x08A2, 0x08A2, 0x08A2, 0x0882, 0x0882, 0x08A3, 0x10C3, 0x10C3,
  0x1946, 0x1946, 0x1966, 0x2186, 0x1966, 0x1966, 0x2186, 0x2187, 0x2186, 0x2166, 0x1946, 0x1945,
  0x1945, 0x1905, 0x1104, 0x1925, 0x1105, 0x1905, 0x1105, 0x1104, 0x1104, 0x1105, 0x1925, 0x1925,
  0x1925, 0x1925, 0x1925, 0x1946, 0x1946, 0x1925, 0x1105, 0x1945, 0x1125, 0x29A8, 0x5B6F, 0x7452,
  0x1987, 0x1146, 0x1925, 0x1925, 0x1925, 0x1104, 0x1105, 0x1105, 0x1105, 0x1104, 0x10E4, 0x1104,
  0x10E4, 0x10E4, 0x1104, 0x1104, 0x1905, 0x1905, 0x1905, 0x1905, 0x1104, 0x1105, 0x1104, 0x1105,
  0x1105, 0x10E4, 0x10E4, 0x10E4, 0x10C4, 0x10C4, 0x10C4, 0x10C4, 0x10C4, 0x10C4, 0x10C4, 0x10C4,
  0x10C4, 0x1905, 0x1925, 0x1105, 0x1105, 0x1104, 0x1105, 0x1104, 0x1925, 0x08C4, 0x10E4, 0x10E4,
  0x10E4, 0x1945, 0x1925, 0x1905, 0x10E4, 0x1105, 0x10C4, 0x1925, 0x10E4, 0x1104, 0x1104, 0x10C4,
  0x10E4, 0x10E4, 0x10E4, 0x1104, 0x10E4, 0x10E4, 0x10E4, 0x10E4, 0x10C3, 0x08A3, 0x10C3, 0x08A3,
  0x10C3, 0x10C3, 0x10E4, 0x08C4, 0x10C4, 0x10E4, 0x10C4, 0x10C3, 0x10C3, 0x10C3, 0x10C3, 0x10C3,
  0x08A3, 0x08A2, 0x08A3, 0x08A3, 0x10C3, 0x08A3, 0x08A3, 0x08A3, 0x08A3, 0x08A3, 0x08A2, 0x08A3,
  0x10C3, 0x08A3, 0x08A3, 0x08A2, 0x08A3, 0x08A3, 0x08A2, 0x0882, 0x0882, 0x0882, 0x0882, 0x0882,
  0x0882, 0x0882, 0x0882, 0x0882, 0x0882, 0x0882, 0x0882, 0x0882, 0x0882, 0x0882, 0x0882, 0x0882,
  0x0882, 0x0882, 0x0882, 0x0882, 0x0882, 0x0882, 0x0882, 0x0882, 0x0882, 0x0882, 0x0882, 0x0882,
  0x08A2, 0x08A2, 0x08A2, 0x08A2, 0x08A2, 0x08A2, 0x08A2, 0x08A2, 0x0882, 0x08A2, 0x08A3, 0x08A3,
  0x08A3, 0x08A3, 0x08A3, 0x08A3, 0x0882, 0x08A2, 0x0882, 0x0882, 0x0882, 0x0882, 0x08A2, 0x08A2,
  0x08A2, 0x0882, 0x0882, 0x0882, 0x0882, 0x0882, 0x0882, 0x0882, 0x0882, 0x0882, 0x0882, 0x0882,
  0x0882, 0x0882, 0x0882, 0x0882, 0x0882, 0x0882, 0x0882, 0x0882, 0x0882, 0x0882, 0x0882, 0x0882,
  0x0882, 0x0882, 0x0882, 0x08A2, 0x08A3, 0x08A3, 0x08A3, 0x08A2, 0x08A2, 0x0882, 0x08A3, 0x08A2,
  0x08A2, 0x0882, 0x08A2, 0x08A2, 0x08A3, 0x10C3, 0x08A3, 0x08A2, 0x08A3, 0x08A3, 0x08A3, 0x10C3,
  0x1966, 0x1966, 0x1966, 0x1946, 0x1966, 0x1946, 0x1966, 0x2166, 0x2186, 0x1946, 0x1925, 0x1925,
  0x1925, 0x1925, 0x1905, 0x1905, 0x1105, 0x1905, 0x1105, 0x1104, 0x1104, 0x1105, 0x1925, 0x1105,
  0x1125, 0x1125, 0x1925, 0x1925, 0x1925, 0x1925, 0x1125, 0x1924, 0x1925, 0x1946, 0x320A, 0x8494,
  0x29C9, 0x1946, 0x1905, 0x1105, 0x1104, 0x1104, 0x1104, 0x1104, 0x1104, 0x1104, 0x10E4, 0x1104,
  0x10E4, 0x10E4, 0x10E4, 0x10E4, 0x1105, 0x1105, 0x1925, 0x1925, 0x1105, 0x1905, 0x1104, 0x1905,
  0x1104, 0x10E4, 0x10C4, 0x10C4, 0x10C4, 0x10C4, 0x10C4, 0x10C4, 0x10A3, 0x10C4, 0x10C4, 0x08A3,
  0x10C4, 0x1905, 0x1104, 0x1905, 0x1105, 0x1905, 0x1925, 0x1104, 0x1104, 0x08C3, 0x10E4, 0x10E4,
  0x1104, 0x1945, 0x1925, 0x1104, 0x1104, 0x1905, 0x10E4, 0x1925, 0x1105, 0x1905, 0x1104, 0x10E4,
  0x1104, 0x08C4, 0x1104, 0x1104, 0x10E4, 0x10E4, 0x1104, 0x10C4, 0x08A3, 0x08A3, 0x08A3, 0x0883,
  0x10C4, 0x10E4, 0x10E4, 0x10E4, 0x10C4, 0x10E4, 0x10E4, 0x10C3, 0x10C3, 0x08A3, 0x10C3, 0x08A3,
  0x08A2, 0x08A3, 0x08A3, 0x10C3, 0x10C3, 0x10C3, 0x10C3, 0x10C3, 0x10C3, 0x08A3, 0x08A3, 0x08A3,
  0x08A3, 0x08A3, 0x0882, 0x0882, 0x08A2, 0x08A2, 0x0882, 0x0882, 0x0882, 0x0882, 0x0882, 0x0882,
  0x0882, 0x0882, 0x0882, 0x0882, 0x0882, 0x0882, 0x0882, 0x0882, 0x0882, 0x0882, 0x0882, 0x0882,
  0x0882, 0x0882, 0x0882, 0x0882, 0x0882, 0x0882, 0x0882, 0x0882, 0x0882, 0x0882, 0x0882, 0x0882,
  0x0882, 0x0882, 0x0882, 0x0882, 0x08A2, 0x08A2, 0x08A2, 0x08A2, 0x0882, 0x08A2, 0x08A2, 0x08A3,
  0x08A3, 0x08A3, 0x08A3, 0x0882, 0x0882, 0x0882, 0x0882, 0x0882, 0x0882, 0x0882, 0x0882, 0x0882,
  0x0882, 0x0882, 0x0882, 0x0882, 0x0882, 0x0882, 0x0882, 0x0882, 0x0882, 0x0882, 0x0882, 0x0882,
  0x0882, 0x0882, 0x0882, 0x0882, 0x0882, 0x0882, 0x0882, 0x0882, 0x0882, 0x0882, 0x0882, 0x0882,
  0x0882, 0x0882, 0x0882, 0x08A2, 0x08A3, 0x08A3, 0x08A2, 0x08A2, 0x08A2, 0x08A2, 0x08A2, 0x0882,
  0x0882, 0x0882, 0x0882, 0x08A2, 0x08A3, 0x10C3, 0x08A3, 0x08A3, 0x08A3, 0x08A2, 0x08A3, 0x08A3,
  0x1946, 0x1966, 0x2166, 0x1966, 0x1966, 0x1966, 0x1946, 0x1966, 0x2186, 0x1966, 0x1125, 0x1104,
  0x1105, 0x1925, 0x1925, 0x1104, 0x1105, 0x1905, 0x1105, 0x1104, 0x1104, 0x1105, 0x1925, 0x1105,
  0x1105, 0x1105, 0x1105, 0x1105, 0x1925, 0x1925, 0x1925, 0x1924, 0x1104, 0x1926, 0x2167, 0x4ACD,
  0x6BD1, 0x1946, 0x1925, 0x1104, 0x10E4, 0x1104, 0x1104, 0x1104, 0x1104, 0x1105, 0x1104, 0x1104,
  0x10E4, 0x10E4, 0x10E4, 0x10E4, 0x1104, 0x1104, 0x1925, 0x1925, 0x1105, 0x1925, 0x1105, 0x1105,
  0x10E4, 0x10C4, 0x10C4, 0x10C4, 0x10C4, 0x10C4, 0x10E4, 0x10C4, 0x08A3, 0x10C4, 0x08A3, 0x0883,
  0x10A3, 0x10C4, 0x10E4, 0x1905, 0x1905, 0x1925, 0x1925, 0x10E4, 0x10E4, 0x10E4, 0x10E4, 0x1104,
  0x1925, 0x1945, 0x1925, 0x10E4, 0x1905, 0x1105, 0x10E4, 0x1925, 0x1925, 0x1925, 0x1105, 0x1104,
  0x10E4, 0x10E4, 0x1104, 0x1104, 0x10E4, 0x10E4, 0x1105, 0x10C4, 0x08A3, 0x10C3, 0x10A3, 0x10A3,
  0x10C4, 0x10E4, 0x10E5, 0x10E4, 0x10E4, 0x10E4, 0x10E4, 0x10C4, 0x10C3, 0x08A3, 0x08A3, 0x08A3,
  0x08A3, 0x10C3, 0x08A3, 0x10C3, 0x08A3, 0x08A3, 0x10C3, 0x08A3, 0x08A3, 0x08A3, 0x10C3, 0x08A2,
  0x08A3, 0x08A3, 0x08A3, 0x10C3, 0x08A2, 0x0882, 0x0882, 0x0882, 0x0882, 0x0882, 0x0882, 0x0882,
  0x0882, 0x0882, 0x0882, 0x0882, 0x0882, 0x0882, 0x0882, 0x0882, 0x0882, 0x0882, 0x0882, 0x0882,
  0x0882, 0x0882, 0x0882, 0x0882, 0x0882, 0x0882, 0x0882, 0x0882, 0x0882, 0x0882, 0x0882, 0x0882,
  0x0882, 0x0882, 0x0882, 0x0882, 0x08A2, 0x08A2, 0x08A2, 0x08A3, 0x08A2, 0x08A3, 0x08A2, 0x08A3,
  0x08A3, 0x08A3, 0x08A3, 0x0882, 0x08A2, 0x0882, 0x0882, 0x0882, 0x0882, 0x0882, 0x0882, 0x0882,
  0x0882, 0x0882, 0x0882, 0x0882, 0x0882, 0x0882, 0x0882, 0x0882, 0x0882, 0x0882, 0x0882, 0x0882,
  0x0882, 0x0882, 0x0882, 0x0882, 0x0882, 0x0882, 0x0882, 0x0882, 0x0882, 0x0882, 0x0882, 0x0882,
  0x0882, 0x0882, 0x0882, 0x08A2, 0x08A3, 0x08A3, 0x0882, 0x0882, 0x08A2, 0x08A2, 0x0882, 0x0882,
  0x0882, 0x0882, 0x0882, 0x08A3, 0x08A3, 0x08A3, 0x08A3, 0x08A3, 0x08A3, 0x0882, 0x08A3, 0x08A3,
  0x1966, 0x1966, 0x2166, 0x2186, 0x1966, 0x1966, 0x1966, 0x1966, 0x1966, 0x2166, 0x1966, 0x1125,
  0x1105, 0x1905, 0x1105, 0x1104, 0x1104, 0x1104, 0x1104, 0x1104, 0x1105, 0x1925, 0x1905, 0x1105,
  0x1925, 0x1946, 0x1925, 0x1925, 0x1925, 0x1946, 0x1946, 0x1945, 0x1925, 0x1925, 0x1946, 0x2188,
  0x4AAC, 0x29A8, 0x1925, 0x10E4, 0x1104, 0x1104, 0x10E4, 0x10E4, 0x10E4, 0x10E4, 0x1104, 0x1905,
  0x10E4, 0x10C4, 0x08C3, 0x10E4, 0x10E4, 0x10E4, 0x1104, 0x1925, 0x1925, 0x1105, 0x1104, 0x1905,
  0x1104, 0x10E4, 0x10C4, 0x10C4, 0x10C4, 0x10C4, 0x10C4, 0x10C4, 0x10C4, 0x10A3, 0x08A3, 0x08A3,
  0x08A3, 0x08A3, 0x10C4, 0x10E4, 0x1104, 0x1104, 0x1905, 0x10E4, 0x10C4, 0x10E4, 0x1925, 0x1925,
  0x1925, 0x1105, 0x1945, 0x1104, 0x1105, 0x10E4, 0x10E4, 0x10E4, 0x10E4, 0x1925, 0x1925, 0x10E4,
  0x10E4, 0x1925, 0x10C4, 0x10E4, 0x10E4, 0x10E4, 0x1905, 0x10E4, 0x08A3, 0x10C4, 0x10C4, 0x10C4,
  0x10C4, 0x10E4, 0x10E4, 0x10E4, 0x10E4, 0x10C4, 0x10E4, 0x10C4, 0x10C3, 0x10C3, 0x08A3, 0x08A3,
  0x08A3, 0x08A3, 0x08A3, 0x08A3, 0x08A3, 0x10C3, 0x10C3, 0x08A3, 0x08A3, 0x08A3, 0x08A3, 0x08A3,
  0x08A3, 0x08A2, 0x10C3, 0x0882, 0x08A2, 0x08A3, 0x08A3, 0x08A2, 0x08A2, 0x08A2, 0x0882, 0x0882,
  0x0882, 0x0882, 0x0882, 0x0882, 0x0882, 0x0882, 0x0882, 0x08A2, 0x08A2, 0x08A2, 0x0882, 0x08A2,
  0x08A2, 0x0882, 0x08A2, 0x08A3, 0x08A3, 0x08A2, 0x08A2, 0x0882, 0x0882, 0x0882, 0x0882, 0x0882,
  0x0882, 0x0882, 0x0882, 0x0882, 0x0882, 0x08A2, 0x08A3, 0x08A3, 0x08A2, 0x0882, 0x08A3, 0x10C3,
  0x08A3, 0x08A2, 0x08A2, 0x08A3, 0x08A2, 0x0882, 0x0882, 0x0882, 0x0882, 0x0882, 0x0882, 0x0882,
  0x0882, 0x0882, 0x0882, 0x0882, 0x0882, 0x0882, 0x0882, 0x0882, 0x0882, 0x0882, 0x0882, 0x0882,
  0x0882, 0x0882, 0x0882, 0x0882, 0x0882, 0x0882, 0x0882, 0x0882, 0x0882, 0x0882, 0x0882, 0x0882,
  0x0882, 0x0882, 0x08A2, 0x08A3, 0x08A3, 0x08A3, 0x0882, 0x0882, 0x0882, 0x0882, 0x0882, 0x0882,
  0x0882, 0x0882, 0x0882, 0x0882, 0x08A2, 0x08A3, 0x08A3, 0x08A2, 0x08A2, 0x0882, 0x0882, 0x0882,
  0x1946, 0x1966, 0x1966, 0x2166, 0x2186, 0x1966, 0x1966, 0x1966, 0x1966, 0x1966, 0x1966, 0x1945,
  0x1104, 0x1104, 0x10E4, 0x1104, 0x10E4, 0x1104, 0x1104, 0x1104, 0x1104, 0x1905, 0x1905, 0x1125,
  0x1925, 0x1946, 0x1946, 0x1946, 0x1946, 0x1946, 0x1946, 0x1965, 0x1945, 0x1926, 0x1926, 0x2167,
  0x2167, 0x2166, 0x1925, 0x1104, 0x10E4, 0x1104, 0x10E4, 0x10E4, 0x10E4, 0x10E4, 0x1104, 0x1105,
  0x1104, 0x08C4, 0x08C3, 0x10E4, 0x1104, 0x10E4, 0x1104, 0x1104, 0x1905, 0x1105, 0x1105, 0x1104,
  0x1104, 0x1104, 0x10E4, 0x10E4, 0x10E4, 0x10C4, 0x10C4, 0x10C4, 0x10C4, 0x08A3, 0x10A3, 0x08A3,
  0x08A3, 0x08A3, 0x08C3, 0x10C4, 0x10E4, 0x1104, 0x1905, 0x08C3, 0x10C4, 0x1925, 0x1925, 0x1925,
  0x1104, 0x1104, 0x1925, 0x1104, 0x1104, 0x1104, 0x1104, 0x10E4, 0x10E4, 0x1925, 0x1925, 0x10E4,
  0x1105, 0x1925, 0x10E4, 0x08C4, 0x10E4, 0x10E4, 0x1105, 0x10E4, 0x10C4, 0x10C4, 0x10C4, 0x10C4,
  0x10E4, 0x18E4, 0x10C4, 0x10E4, 0x10E4, 0x10C4, 0x10E4, 0x10C4, 0x10C3, 0x10C3, 0x08A3, 0x08A3,
  0x08A3, 0x10C3, 0x08A3, 0x08A3, 0x08A3, 0x10C3, 0x10C3, 0x08A3, 0x10C3, 0x08A2, 0x08A3, 0x10C3,
  0x08A3, 0x08A2, 0x08A3, 0x0882, 0x08A2, 0x08A3, 0x08A3, 0x08A2, 0x08A2, 0x08A2, 0x0882, 0x0882,
  0x08A3, 0x08A3, 0x0882, 0x0882, 0x0882, 0x0882, 0x0882, 0x08A2, 0x08A2, 0x08A2, 0x0882, 0x08A3,
  0x08A2, 0x0882, 0x08A2, 0x08A3, 0x08A3, 0x08A2, 0x08A2, 0x0882, 0x0882, 0x0882, 0x0882, 0x0882,
  0x0882, 0x0882, 0x0882, 0x0882, 0x08A2, 0x08A2, 0x08A3, 0x08A2, 0x08A2, 0x08A2, 0x08A2, 0x08A2,
  0x0882, 0x0882, 0x08A3, 0x08A3, 0x08A2, 0x0882, 0x0882, 0x0882, 0x0882, 0x0882, 0x0882, 0x0882,
  0x0882, 0x0882, 0x0882, 0x0882, 0x0882, 0x0882, 0x0882, 0x0882, 0x0882, 0x0882, 0x0882, 0x0882,
  0x0882, 0x0882, 0x0882, 0x0882, 0x0882, 0x0882, 0x0882, 0x0882, 0x0882, 0x0882, 0x0882, 0x0882,
  0x0882, 0x0882, 0x08A2, 0x08A3, 0x08A3, 0x08A3, 0x0882, 0x0882, 0x0882, 0x0882, 0x0882, 0x0882,
  0x0882, 0x0882, 0x0882, 0x0882, 0x08A2, 0x08A3, 0x08A2, 0x08A2, 0x0882, 0x0882, 0x0882, 0x0882,
  0x1946, 0x1946, 0x1966, 0x1966, 0x1966, 0x1966, 0x1966, 0x2166, 0x2186, 0x1966, 0x1966, 0x1945,
  0x1105, 0x1104, 0x10E4, 0x1104, 0x10E4, 0x10E4, 0x1104, 0x1104, 0x1104, 0x1105, 0x1905, 0x1925,
  0x1925, 0x1925, 0x1925, 0x1946, 0x1946, 0x1946, 0x1946, 0x1945, 0x1946, 0x1925, 0x1926, 0x1926,
  0x1925, 0x1905, 0x1925, 0x1104, 0x10E4, 0x1105, 0x1104, 0x10E4, 0x10E4, 0x10E4, 0x10E4, 0x10E4,
  0x1105, 0x10E4, 0x08C3, 0x10C4, 0x10E4, 0x10C4, 0x10E4, 0x08C4, 0x10E4, 0x1105, 0x1105, 0x1104,
  0x1104, 0x1104, 0x10E4, 0x10E4, 0x10C4, 0x10A3, 0x08A3, 0x10C4, 0x08A3, 0x08A3, 0x08A3, 0x08A3,
  0x10A3, 0x10C4, 0x08A3, 0x10A3, 0x10C4, 0x10E4, 0x10E4, 0x10C4, 0x10E4, 0x1925, 0x1905, 0x10E4,
  0x1104, 0x10E4, 0x10E4, 0x10E4, 0x10C4, 0x1104, 0x10E4, 0x08C4, 0x1105, 0x1925, 0x1905, 0x10E4,
  0x1925, 0x1925, 0x10E4, 0x10C4, 0x10E4, 0x10E4, 0x1104, 0x10E4, 0x10E4, 0x10C4, 0x10C4, 0x10C4,
  0x10E4, 0x10E4, 0x10C4, 0x10E4, 0x10E4, 0x10C4, 0x10C4, 0x10C4, 0x10C3, 0x08A3, 0x08A3, 0x08A2,
  0x08A3, 0x08A3, 0x08A3, 0x08A3, 0x08A3, 0x10C3, 0x10C3, 0x08A3, 0x08A3, 0x0882, 0x08A3, 0x10C3,
  0x08A3, 0x08A3, 0x08A2, 0x0882, 0x08A3, 0x08A3, 0x08A2, 0x08A2, 0x08A2, 0x08A2, 0x0882, 0x08A2,
  0x08A3, 0x08A3, 0x0882, 0x0882, 0x0882, 0x0882, 0x0882, 0x08A2, 0x08A2, 0x08A2, 0x08A3, 0x08A3,
  0x0882, 0x0882, 0x08A2, 0x08A3, 0x08A3, 0x08A2, 0x08A2, 0x0882, 0x0882, 0x0882, 0x0882, 0x0882,
  0x0882, 0x0882, 0x0882, 0x0882, 0x08A3, 0x08A3, 0x08A3, 0x0882, 0x08A2, 0x08A2, 0x0882, 0x0882,
  0x08A2, 0x08A2, 0x08A2, 0x0882, 0x0882, 0x0882, 0x0882, 0x0882, 0x0882, 0x0882, 0x0882, 0x0882,
  0x0882, 0x0882, 0x0882, 0x0882, 0x0882, 0x0882, 0x0882, 0x0882, 0x0882, 0x0882, 0x0882, 0x0882,
  0x0882, 0x0882, 0x0882, 0x0882, 0x0882, 0x0882, 0x0882, 0x0882, 0x0882, 0x0882, 0x0882, 0x0882,
  0x0882, 0x0882, 0x08A2, 0x08A3, 0x08A3, 0x08A3, 0x0882, 0x0882, 0x0882, 0x0882, 0x0882, 0x0882,
  0x0882, 0x0882, 0x0882, 0x0882, 0x08A2, 0x08A2, 0x08A2, 0x0882, 0x0882, 0x0882, 0x0882, 0x0882,
  0x1946, 0x1966, 0x1946, 0x1966, 0x1966, 0x1946, 0x1946, 0x1946, 0x2186, 0x1966, 0x1966, 0x1966,
  0x1105, 0x1104, 0x1104, 0x10E4, 0x1104, 0x1104, 0x1104, 0x10E4, 0x1104, 0x1105, 0x1104, 0x1104,
  0x1105, 0x1925, 0x1925, 0x1925, 0x1925, 0x1925, 0x1925, 0x1125, 0x1105, 0x1105, 0x1105, 0x1105,
  0x1105, 0x1104, 0x10E4, 0x10E4, 0x10E4, 0x10E4, 0x10E4, 0x10E4, 0x10C4, 0x10E4, 0x10E4, 0x10E4,
  0x1104, 0x1104, 0x10E4, 0x10E4, 0x10E4, 0x10E4, 0x1104, 0x1104, 0x10E4, 0x1104, 0x1904, 0x1104,
  0x10C4, 0x10E4, 0x08C4, 0x10C4, 0x10C4, 0x08A4, 0x08A3, 0x10A3, 0x10A3, 0x10A3, 0x0883, 0x10A3,
  0x10A3, 0x0883, 0x08C3, 0x08C3, 0x08C4, 0x10E4, 0x10E4, 0x1104, 0x1104, 0x08C3, 0x10E4, 0x08C3,
  0x2145, 0x1925, 0x1104, 0x10E4, 0x10E4, 0x18E4, 0x10C4, 0x10C4, 0x1905, 0x18E4, 0x10C4, 0x10E4,
  0x1105, 0x1104, 0x10C4, 0x10C3, 0x10C3, 0x10C4, 0x10C4, 0x10C3, 0x10C3, 0x10C3, 0x10C4, 0x10C4,
  0x10C3, 0x10C4, 0x10C3, 0x10E4, 0x10E4, 0x10C3, 0x08A3, 0x10C3, 0x10C3, 0x08A2, 0x08A3, 0x10C3,
  0x10C3, 0x08A3, 0x10C3, 0x10C3, 0x08A3, 0x10C3, 0x08A3, 0x08A3, 0x08A3, 0x08A3, 0x10C3, 0x0882,
  0x08A2, 0x08A2, 0x08A3, 0x0882, 0x08A3, 0x0882, 0x0882, 0x08A3, 0x08A3, 0x08A3, 0x08A3, 0x08A3,
  0x10A3, 0x10A3, 0x0882, 0x0882, 0x0882, 0x0882, 0x0882, 0x0882, 0x0882, 0x10A3, 0x10A3, 0x0882,
  0x0882, 0x0882, 0x0882, 0x0882, 0x0882, 0x08A3, 0x08A2, 0x0882, 0x08A2, 0x0882, 0x0882, 0x0882,
  0x0882, 0x0882, 0x0882, 0x08A3, 0x10A3, 0x10A3, 0x0882, 0x08A3, 0x0882, 0x0882, 0x08A3, 0x0882,
  0x0882, 0x0882, 0x0882, 0x0882, 0x0882, 0x0882, 0x0882, 0x0882, 0x0882, 0x0882, 0x0882, 0x0882,
  0x0882, 0x0882, 0x0882, 0x0882, 0x0882, 0x0882, 0x0882, 0x0882, 0x0882, 0x0882, 0x0882, 0x08A2,
  0x08A2, 0x0882, 0x0882, 0x0882, 0x0882, 0x0882, 0x0882, 0x0882, 0x0882, 0x0882, 0x0882, 0x0882,
  0x0882, 0x0882, 0x0882, 0x08A3, 0x08A3, 0x08A3, 0x08A2, 0x08A2, 0x08A2, 0x08A2, 0x0882, 0x0882,
  0x0882, 0x0882, 0x0882, 0x0882, 0x0882, 0x0882, 0x0882, 0x0882, 0x0882, 0x0882, 0x0882, 0x08A2,
  0x1945, 0x1945, 0x1966, 0x1966, 0x1966, 0x1945, 0x1925, 0x1945, 0x1966, 0x2166, 0x1946, 0x1946,
  0x1925, 0x1105, 0x1105, 0x10E4, 0x1104, 0x1105, 0x1905, 0x1105, 0x1105, 0x1104, 0x1104, 0x1104,
  0x1105, 0x1905, 0x1925, 0x1905, 0x1925, 0x1925, 0x1925, 0x1925, 0x1105, 0x1105, 0x1105, 0x1105,
  0x1105, 0x1105, 0x10E4, 0x10E4, 0x10E4, 0x10E4, 0x10E4, 0x10E4, 0x10E4, 0x10E4, 0x10E4, 0x10E4,
  0x1104, 0x10E4, 0x10E4, 0x10E4, 0x10E4, 0x10E4, 0x1104, 0x1904, 0x1904, 0x1904, 0x1104, 0x1104,
  0x1104, 0x10E4, 0x08C3, 0x08A3, 0x08C3, 0x08C3, 0x08A3, 0x10A3, 0x10A3, 0x10A3, 0x10A3, 0x0883,
  0x10A3, 0x10A3, 0x10E4, 0x10E4, 0x1104, 0x1104, 0x1104, 0x10E4, 0x10E4, 0x10E4, 0x1904, 0x1904,
  0x2146, 0x10E4, 0x10E4, 0x10E4, 0x10C3, 0x10A3, 0x10A3, 0x10C4, 0x18E5, 0x10C4, 0x10C4, 0x10C4,
  0x10E4, 0x10E4, 0x10C4, 0x10A3, 0x10C3, 0x10C3, 0x10C3, 0x10C3, 0x10C3, 0x10C3, 0x10E3, 0x10C3,
  0x10C3, 0x10C3, 0x10E4, 0x10E4, 0x10E4, 0x10C3, 0x10C3, 0x10C3, 0x10C3, 0x10C3, 0x10C3, 0x10C3,
  0x10C3, 0x10C3, 0x08A3, 0x10C3, 0x10C3, 0x10C3, 0x08A3, 0x08A3, 0x08A3, 0x08A2, 0x08A3, 0x08A3,
  0x08A3, 0x08A2, 0x08A3, 0x08A3, 0x08A3, 0x0882, 0x08A2, 0x08A3, 0x08A3, 0x08A3, 0x08A3, 0x08A3,
  0x10A3, 0x08A3, 0x0882, 0x0882, 0x0882, 0x0882, 0x0882, 0x0882, 0x0882, 0x10A3, 0x08A3, 0x0882,
  0x0882, 0x0882, 0x0882, 0x0882, 0x0882, 0x08A3, 0x08A2, 0x0882, 0x08A2, 0x0882, 0x0882, 0x0882,
  0x0882, 0x0882, 0x0882, 0x08A3, 0x10A3, 0x08A3, 0x0882, 0x0882, 0x0882, 0x0882, 0x0882, 0x0882,
  0x0882, 0x0882, 0x0882, 0x0882, 0x08A3, 0x0882, 0x0882, 0x0882, 0x0882, 0x0882, 0x0882, 0x0882,
  0x0882, 0x0882, 0x0882, 0x0882, 0x0882, 0x0882, 0x0882, 0x0882, 0x0882, 0x0882, 0x0882, 0x08A2,
  0x08A2, 0x0882, 0x0882, 0x0882, 0x0882, 0x0882, 0x0882, 0x0882, 0x0882, 0x0882, 0x0882, 0x0882,
  0x0882, 0x0882, 0x0882, 0x08A3, 0x08A3, 0x08A3, 0x08A2, 0x08A2, 0x08A2, 0x08A2, 0x0882, 0x0882,
  0x0882, 0x0882, 0x0882, 0x0882, 0x0882, 0x0882, 0x0882, 0x0882, 0x0882, 0x0882, 0x0882, 0x08A2,
  0x1966, 0x1966, 0x1966, 0x2186, 0x1966, 0x1925, 0x1125, 0x1925, 0x1966, 0x2166, 0x1945, 0x1946,
  0x1945, 0x1925, 0x1925, 0x1104, 0x10E4, 0x1905, 0x1925, 0x1925, 0x1925, 0x1104, 0x1104, 0x1105,
  0x1105, 0x1105, 0x1105, 0x1104, 0x1905, 0x1925, 0x1925, 0x1925, 0x1105, 0x1105, 0x1105, 0x1105,
  0x1105, 0x1105, 0x10E4, 0x10E4, 0x10E4, 0x10E4, 0x10E4, 0x10E4, 0x1104, 0x10E4, 0x10E4, 0x10E4,
  0x10E4, 0x10C4, 0x10E4, 0x10E4, 0x10C3, 0x10E4, 0x1104, 0x1904, 0x1925, 0x1104, 0x1104, 0x1904,
  0x1104, 0x1104, 0x1104, 0x10C4, 0x08C4, 0x08A3, 0x08A3, 0x08A3, 0x10C4, 0x10C4, 0x18E4, 0x10C4,
  0x10A3, 0x10C4, 0x1104, 0x1104, 0x10E4, 0x10C4, 0x10E4, 0x10C4, 0x10E4, 0x1104, 0x1925, 0x1904,
  0x10E4, 0x10E4, 0x10E4, 0x1904, 0x10E4, 0x08A3, 0x08A3, 0x10E4, 0x18E4, 0x10C4, 0x10E4, 0x10C4,
  0x10C4, 0x10C4, 0x10C4, 0x08A3, 0x10A3, 0x10C3, 0x10C3, 0x10C3, 0x10C3, 0x10E3, 0x10C3, 0x10C3,
  0x10C3, 0x10C3, 0x10E3, 0x10E3, 0x10C3, 0x08A3, 0x10C3, 0x10C3, 0x10C3, 0x10C3, 0x10C3, 0x10C3,
  0x08A3, 0x10C3, 0x08A3, 0x10C3, 0x10C3, 0x08A3, 0x08A3, 0x08A3, 0x08A3, 0x0882, 0x08A3, 0x10C3,
  0x08A2, 0x08A3, 0x08A3, 0x0882, 0x08A2, 0x08A2, 0x08A3, 0x08A3, 0x08A3, 0x08A3, 0x08A3, 0x0882,
  0x08A3, 0x08A3, 0x0882, 0x0882, 0x0882, 0x0882, 0x0882, 0x0882, 0x0882, 0x0882, 0x0882, 0x0882,
  0x0882, 0x0882, 0x0882, 0x0882, 0x0882, 0x08A3, 0x08A2, 0x0882, 0x08A2, 0x0882, 0x0882, 0x0882,
  0x0882, 0x0882, 0x0882, 0x0882, 0x0882, 0x0882, 0x08A3, 0x0882, 0x10A3, 0x10A3, 0x0882, 0x0882,
  0x0882, 0x0882, 0x0882, 0x0882, 0x08A3, 0x0882, 0x0882, 0x0882, 0x0882, 0x0882, 0x0882, 0x0882,
  0x0882, 0x0882, 0x0882, 0x0882, 0x0882, 0x0882, 0x0882, 0x0882, 0x0882, 0x0882, 0x0882, 0x08A2,
  0x08A2, 0x0882, 0x0882, 0x0882, 0x0882, 0x0882, 0x0882, 0x0882, 0x0882, 0x0882, 0x0882, 0x0882,
  0x0882, 0x0882, 0x0882, 0x08A3, 0x08A3, 0x08A3, 0x08A2, 0x08A2, 0x08A2, 0x08A2, 0x0882, 0x0882,
  0x0882, 0x0882, 0x0882, 0x0882, 0x0882, 0x0882, 0x0882, 0x0882, 0x0882, 0x0882, 0x08A2, 0x08A3,
  0x1945, 0x1945, 0x1966, 0x2187, 0x1966, 0x1946, 0x1946, 0x1946, 0x2166, 0x1966, 0x1946, 0x1946,
  0x1946, 0x1945, 0x1925, 0x1105, 0x10E4, 0x1104, 0x1105, 0x1105, 0x1105, 0x1905, 0x1105, 0x1105,
  0x1105, 0x1104, 0x1104, 0x1105, 0x1105, 0x1905, 0x1905, 0x1125, 0x1925, 0x1925, 0x1105, 0x1125,
  0x1105, 0x1105, 0x10E4, 0x10E4, 0x10E4, 0x10E4, 0x10E4, 0x10E4, 0x10E4, 0x10E4, 0x10E4, 0x10E4,
  0x10E4, 0x08C4, 0x10E4, 0x10C4, 0x10C3, 0x10C3, 0x10E4, 0x10E4, 0x1905, 0x10E4, 0x10E4, 0x1905,
  0x1905, 0x10E4, 0x1925, 0x10E4, 0x10E4, 0x10C4, 0x10C4, 0x10E4, 0x10E4, 0x1905, 0x18E4, 0x10C4,
  0x10C4, 0x10C4, 0x10E4, 0x10E4, 0x10C4, 0x10C4, 0x10E4, 0x10C4, 0x10E4, 0x1904, 0x1904, 0x1904,
  0x10E4, 0x10C4, 0x10C3, 0x10E4, 0x10C4, 0x08A3, 0x08A3, 0x10E4, 0x10E4, 0x10C4, 0x10C4, 0x10C4,
  0x10C4, 0x10C4, 0x10C4, 0x10C3, 0x10C3, 0x10C3, 0x10C3, 0x10C3, 0x10C3, 0x10E4, 0x10C3, 0x10C3,
  0x10C3, 0x10E3, 0x10C3, 0x10C3, 0x10C3, 0x10C3, 0x10C3, 0x10C3, 0x10C3, 0x10C3, 0x10C3, 0x10C3,
  0x08A3, 0x08A3, 0x08A3, 0x10C3, 0x10C3, 0x08A3, 0x08A3, 0x08A3, 0x08A3, 0x08A3, 0x08A3, 0x08A3,
  0x08A3, 0x08A3, 0x08A2, 0x08A3, 0x0882, 0x08A3, 0x08A3, 0x08A3, 0x08A3, 0x08A3, 0x08A3, 0x0882,
  0x0882, 0x0882, 0x08A3, 0x0882, 0x0882, 0x0882, 0x0882, 0x0882, 0x0882, 0x0882, 0x0882, 0x0882,
  0x0882, 0x0882, 0x0882, 0x0882, 0x0882, 0x08A3, 0x08A2, 0x0882, 0x08A2, 0x0882, 0x0882, 0x0882,
  0x08A3, 0x08A3, 0x0882, 0x0882, 0x0882, 0x0882, 0x08A3, 0x10A3, 0x10A3, 0x10A3, 0x0882, 0x0882,
  0x0882, 0x0882, 0x0882, 0x0882, 0x0882, 0x0882, 0x0882, 0x0882, 0x0882, 0x0882, 0x0882, 0x0882,
  0x0882, 0x0882, 0x0882, 0x0882, 0x0882, 0x0882, 0x0882, 0x0882, 0x0882, 0x0882, 0x0882, 0x08A2,
  0x08A2, 0x0882, 0x0882, 0x0882, 0x0882, 0x0882, 0x0882, 0x0882, 0x0882, 0x0882, 0x0882, 0x0882,
  0x0882, 0x0882, 0x0882, 0x08A3, 0x08A3, 0x08A3, 0x08A2, 0x08A2, 0x08A2, 0x08A2, 0x0882, 0x0882,
  0x0882, 0x0882, 0x0882, 0x0882, 0x0882, 0x0882, 0x0882, 0x0882, 0x0882, 0x08A3, 0x08A3, 0x10C3,
  0x1945, 0x1945, 0x1946, 0x2186, 0x1966, 0x1946, 0x1946, 0x1946, 0x1966, 0x2166, 0x1966, 0x1966,
  0x2166, 0x1966, 0x1946, 0x1925, 0x1905, 0x1104, 0x1105, 0x1104, 0x1105, 0x1105, 0x1105, 0x1104,
  0x1104, 0x10E4, 0x1104, 0x1104, 0x1104, 0x1104, 0x1104, 0x1105, 0x1125, 0x1925, 0x1925, 0x1925,
  0x1125, 0x1105, 0x10E4, 0x10E4, 0x1104, 0x1104, 0x10E4, 0x08C4, 0x10E4, 0x1104, 0x1104, 0x10E4,
  0x10C4, 0x08C4, 0x10E4, 0x10E4, 0x10C3, 0x10C3, 0x10C3, 0x08C3, 0x10E4, 0x10E4, 0x10E4, 0x1104,
  0x1904, 0x10E4, 0x1104, 0x10E4, 0x10E4, 0x1904, 0x1904, 0x10E4, 0x10E4, 0x10E4, 0x10C4, 0x10E4,
  0x10C4, 0x10C4, 0x10C4, 0x10E4, 0x1104, 0x10E4, 0x10E4, 0x08C4, 0x10E4, 0x1104, 0x10E4, 0x1104,
  0x10C4, 0x10E4, 0x10C3, 0x10A3, 0x10E4, 0x08A3, 0x10E4, 0x1104, 0x10E4, 0x10E4, 0x10C4, 0x10C4,
  0x10C4, 0x10C4, 0x10C4, 0x10C4, 0x10C3, 0x10C3, 0x10E4, 0x10C3, 0x10C3, 0x10C3, 0x10C3, 0x10C3,
  0x10C3, 0x10E4, 0x10C3, 0x10C3, 0x10C3, 0x10C3, 0x08A3, 0x10E3, 0x10C3, 0x10C3, 0x10C3, 0x08A3,
  0x08A2, 0x08A3, 0x10C3, 0x10C3, 0x08A3, 0x10C3, 0x10C3, 0x08A3, 0x10C3, 0x10C3, 0x10C3, 0x08A3,
  0x08A2, 0x08A2, 0x08A2, 0x08A3, 0x08A3, 0x08A3, 0x08A3, 0x0882, 0x0882, 0x0882, 0x0882, 0x0882,
  0x0882, 0x08A3, 0x0882, 0x0882, 0x0882, 0x0882, 0x0882, 0x0882, 0x0882, 0x0882, 0x0882, 0x0882,
  0x0882, 0x0882, 0x0882, 0x0882, 0x0882, 0x0882, 0x0882, 0x0882, 0x0882, 0x0882, 0x0882, 0x0882,
  0x0882, 0x0882, 0x0882, 0x0882, 0x0882, 0x0882, 0x0882, 0x0882, 0x0882, 0x0882, 0x0882, 0x0882,
  0x0882, 0x0882, 0x0882, 0x0882, 0x0882, 0x0882, 0x0882, 0x0882, 0x0882, 0x0882, 0x0882, 0x0882,
  0x08A2, 0x0882, 0x0882, 0x0882, 0x0882, 0x0882, 0x0882, 0x0882, 0x0882, 0x0882, 0x0882, 0x0882,
  0x0882, 0x0882, 0x0882, 0x0882, 0x0882, 0x0882, 0x0882, 0x0882, 0x0882, 0x0882, 0x0882, 0x0882,
  0x0882, 0x0882, 0x0882, 0x0882, 0x08A2, 0x08A3, 0x0882, 0x08A2, 0x08A3, 0x08A3, 0x0882, 0x0882,
  0x0882, 0x0882, 0x0882, 0x0882, 0x0882, 0x08A3, 0x0882, 0x0882, 0x10C3, 0x10C3, 0x10C3, 0x10C3,
  0x1966, 0x1966, 0x1946, 0x2166, 0x1966, 0x1966, 0x1946, 0x1946, 0x2187, 0x2186, 0x2166, 0x2166,
  0x2166, 0x1966, 0x1966, 0x1925, 0x1104, 0x10E4, 0x1104, 0x10E4, 0x1104, 0x1104, 0x1104, 0x1104,
  0x1104, 0x1105, 0x1104, 0x1104, 0x1104, 0x1104, 0x1104, 0x1125, 0x1925, 0x1925, 0x1946, 0x1946,
  0x1125, 0x1105, 0x10E4, 0x10E4, 0x10E4, 0x10E4, 0x10E4, 0x10E4, 0x10E4, 0x10E4, 0x10E4, 0x10E4,
  0x08C4, 0x10C4, 0x10E4, 0x10E4, 0x10C3, 0x10C3, 0x10C3, 0x08C3, 0x10E4, 0x10C4, 0x10C3, 0x10E4,
  0x10E4, 0x10E4, 0x10E4, 0x10E4, 0x10C3, 0x1904, 0x1905, 0x1925, 0x10E4, 0x08C3, 0x10C4, 0x10E4,
  0x10E4, 0x10E4, 0x08C4, 0x08C3, 0x10E4, 0x10E4, 0x10E4, 0x10C4, 0x08C3, 0x1104, 0x1104, 0x1104,
  0x10E4, 0x10E4, 0x10C3, 0x10A3, 0x10C4, 0x10C4, 0x1104, 0x1104, 0x10E4, 0x1925, 0x10E4, 0x10C4,
  0x10C4, 0x10C4, 0x10C4, 0x10E4, 0x10E4, 0x10E4, 0x1904, 0x10C3, 0x10C3, 0x08A3, 0x10C3, 0x10C3,
  0x10C3, 0x10E3, 0x10C3, 0x10C3, 0x10C3, 0x10C3, 0x10C3, 0x10E4, 0x10E4, 0x10C3, 0x10C3, 0x08A3,
  0x08A3, 0x08A3, 0x10C3, 0x10C3, 0x08A3, 0x10C3, 0x10E4, 0x08A2, 0x08A3, 0x08A3, 0x10C3, 0x08A3,
  0x08A2, 0x08A3, 0x08A3, 0x08A3, 0x10C3, 0x10C3, 0x0882, 0x0882, 0x0882, 0x0882, 0x0882, 0x08A3,
  0x08A3, 0x08A3, 0x0882, 0x0882, 0x0882, 0x0882, 0x0882, 0x0882, 0x0882, 0x0882, 0x0882, 0x0882,
  0x0882, 0x0882, 0x0882, 0x0882, 0x0882, 0x0882, 0x0882, 0x0882, 0x0882, 0x0882, 0x0882, 0x0882,
  0x0882, 0x0882, 0x0882, 0x0882, 0x0882, 0x0882, 0x0882, 0x0882, 0x0882, 0x0882, 0x0882, 0x0882,
  0x0882, 0x0882, 0x0882, 0x0882, 0x0882, 0x0882, 0x0882, 0x0882, 0x0882, 0x0882, 0x0882, 0x08A2,
  0x08A2, 0x0882, 0x0882, 0x0882, 0x0882, 0x0882, 0x0882, 0x0882, 0x0882, 0x0882, 0x0882, 0x0882,
  0x0882, 0x0882, 0x0882, 0x0882, 0x0882, 0x0882, 0x0882, 0x0882, 0x0882, 0x0882, 0x0882, 0x0882,
  0x0882, 0x0882, 0x0882, 0x08A3, 0x10C3, 0x10C3, 0x08A3, 0x08A3, 0x0882, 0x08A2, 0x0882, 0x0882,
  0x0882, 0x0882, 0x0882, 0x0882, 0x0882, 0x0882, 0x0882, 0x08A3, 0x10E4, 0x10C3, 0x10C3, 0x10C3,
  0x1946, 0x1945, 0x1946, 0x1966, 0x1946, 0x1966, 0x1946, 0x1966, 0x2187, 0x2186, 0x2166, 0x2166,
  0x2166, 0x2166, 0x2166, 0x1945, 0x1104, 0x10E4, 0x1104, 0x10E4, 0x1104, 0x1104, 0x1104, 0x1104,
  0x1104, 0x1104, 0x1104, 0x1105, 0x1105, 0x1105, 0x1105, 0x1105, 0x1105, 0x1125, 0x1925, 0x1925,
  0x1925, 0x1125, 0x10E4, 0x10E4, 0x10E4, 0x10E4, 0x10E4, 0x10E4, 0x1104, 0x1104, 0x1104, 0x1104,
  0x10E4, 0x10E4, 0x10E4, 0x10E4, 0x10C3, 0x10C3, 0x10C3, 0x10A3, 0x10C3, 0x10C3, 0x10A3, 0x10C4,
  0x10C3, 0x10C3, 0x08A3, 0x08A3, 0x08A3, 0x10E4, 0x10E4, 0x10E4, 0x10E4, 0x10E4, 0x10C4, 0x10C4,
  0x08C3, 0x08A3, 0x08C3, 0x08A3, 0x10C4, 0x10E4, 0x10E4, 0x10E4, 0x08C3, 0x1104, 0x1104, 0x1104,
  0x10E4, 0x10C4, 0x10C3, 0x10A3, 0x10C3, 0x10E4, 0x1905, 0x1104, 0x1905, 0x1925, 0x10C4, 0x10C4,
  0x10C4, 0x10C4, 0x10C4, 0x10C4, 0x10C4, 0x10E4, 0x1904, 0x10C3, 0x10C3, 0x08A3, 0x08A3, 0x10C3,
  0x10E4, 0x10C3, 0x10C3, 0x10C3, 0x10C3, 0x10C3, 0x10E4, 0x1904, 0x10E4, 0x10C3, 0x08A3, 0x0882,
  0x08A3, 0x10C3, 0x10C3, 0x10C3, 0x08A3, 0x10C3, 0x08A2, 0x0882, 0x08A3, 0x08A3, 0x08A3, 0x08A3,
  0x08A2, 0x08A3, 0x08A3, 0x08A3, 0x10C3, 0x08A3, 0x0882, 0x0882, 0x0882, 0x0882, 0x0882, 0x08A3,
  0x08A3, 0x0882, 0x0882, 0x0882, 0x0882, 0x0882, 0x0882, 0x0882, 0x0882, 0x0882, 0x0882, 0x0882,
  0x0882, 0x0882, 0x0882, 0x0882, 0x0882, 0x0882, 0x0882, 0x0882, 0x0882, 0x0882, 0x0882, 0x0882,
  0x0882, 0x0882, 0x0882, 0x0882, 0x0882, 0x0882, 0x0882, 0x0882, 0x0882, 0x0882, 0x0882, 0x0882,
  0x0882, 0x0882, 0x0882, 0x0882, 0x0882, 0x0882, 0x0882, 0x0882, 0x0882, 0x0882, 0x0882, 0x08A2,
  0x08A3, 0x0882, 0x0882, 0x0882, 0x0882, 0x0882, 0x0882, 0x0882, 0x0882, 0x0882, 0x0882, 0x0882,
  0x0882, 0x0882, 0x0882, 0x0882, 0x0882, 0x0882, 0x0882, 0x0882, 0x0882, 0x0882, 0x0882, 0x0882,
  0x0882, 0x0882, 0x08A3, 0x10C3, 0x10E4, 0x10C3, 0x10C3, 0x08A3, 0x0882, 0x0882, 0x0882, 0x0882,
  0x0882, 0x0882, 0x0882, 0x0882, 0x0882, 0x0882, 0x08A2, 0x08A3, 0x08A3, 0x10C3, 0x10C3, 0x10C3,
  0x1945, 0x1925, 0x1946, 0x1946, 0x1946, 0x1925, 0x1946, 0x1966, 0x2166, 0x2166, 0x2166, 0x1966,
  0x2166, 0x2166, 0x2166, 0x1946, 0x1105, 0x10E4, 0x1104, 0x1104, 0x1104, 0x1104, 0x1104, 0x1104,
  0x10E4, 0x10E4, 0x1104, 0x1105, 0x1105, 0x1105, 0x1105, 0x1105, 0x1105, 0x1125, 0x1925, 0x1946,
  0x1946, 0x1925, 0x1104, 0x10E4, 0x10E4, 0x10E4, 0x10C4, 0x10E4, 0x1104, 0x1104, 0x1105, 0x1104,
  0x1104, 0x10E4, 0x10E4, 0x10E4, 0x10C3, 0x10C3, 0x10C3, 0x10A3, 0x10C3, 0x10C3, 0x08A3, 0x10C3,
  0x10C3, 0x08A3, 0x08A2, 0x08A2, 0x10C3, 0x10E4, 0x10C3, 0x10E4, 0x10E4, 0x08C3, 0x08C3, 0x08C3,
  0x08C3, 0x08C4, 0x08A3, 0x08C3, 0x10E4, 0x1105, 0x1104, 0x1905, 0x08C4, 0x1104, 0x1104, 0x10E4,
  0x10E4, 0x10C3, 0x10C3, 0x10A3, 0x10C3, 0x10E4, 0x1105, 0x1104, 0x1104, 0x1905, 0x08C3, 0x10C4,
  0x10C4, 0x10E4, 0x10C4, 0x10A3, 0x10A3, 0x10E3, 0x1904, 0x10C3, 0x10C3, 0x08A3, 0x10C3, 0x10C3,
  0x10E4, 0x10C3, 0x10C3, 0x10C3, 0x10C3, 0x10E3, 0x1904, 0x10E3, 0x10E4, 0x10C3, 0x08A3, 0x08A3,
  0x10C3, 0x10C3, 0x10C3, 0x10C3, 0x10C3, 0x08A3, 0x0882, 0x08A3, 0x10C3, 0x10C3, 0x10C3, 0x08A3,
  0x08A2, 0x08A3, 0x08A3, 0x10C3, 0x08A3, 0x0882, 0x0882, 0x0882, 0x0882, 0x0882, 0x0882, 0x10A3,
  0x08A3, 0x0882, 0x0882, 0x0882, 0x0882, 0x0882, 0x0882, 0x0882, 0x0882, 0x0882, 0x0882, 0x0882,
  0x0882, 0x0882, 0x0882, 0x0882, 0x0882, 0x0882, 0x0882, 0x0882, 0x0882, 0x0882, 0x0882, 0x0882,
  0x0882, 0x0882, 0x0882, 0x0882, 0x0882, 0x0882, 0x0882, 0x0882, 0x0882, 0x0882, 0x0882, 0x0882,
  0x0882, 0x0882, 0x0882, 0x0882, 0x0882, 0x0882, 0x0882, 0x0882, 0x0882, 0x0882, 0x08A2, 0x08A3,
  0x08A3, 0x0882, 0x0882, 0x0882, 0x0882, 0x0882, 0x0882, 0x0882, 0x0882, 0x0882, 0x0882, 0x0882,
  0x0882, 0x0882, 0x0882, 0x0882, 0x0882, 0x0882, 0x0882, 0x0882, 0x0882, 0x0882, 0x0882, 0x08A2,
  0x0882, 0x08A2, 0x08A3, 0x10E3, 0x10E4, 0x10C3, 0x08A3, 0x08A3, 0x08A2, 0x0882, 0x0882, 0x0882,
  0x0882, 0x0882, 0x0882, 0x0882, 0x0882, 0x08A2, 0x08A2, 0x08A3, 0x08A3, 0x10C3, 0x10C3, 0x10C3,
  0x1945, 0x1946, 0x1946, 0x1945, 0x1945, 0x1946, 0x1946, 0x2166, 0x2166, 0x2166, 0x1966, 0x1966,
  0x1966, 0x1966, 0x1966, 0x1946, 0x1925, 0x1104, 0x1104, 0x1104, 0x1104, 0x10E4, 0x1104, 0x1105,
  0x10E4, 0x10E4, 0x1105, 0x1925, 0x1925, 0x1946, 0x1925, 0x1946, 0x1946, 0x1925, 0x1946, 0x1946,
  0x1946, 0x1925, 0x1925, 0x1104, 0x1104, 0x08C4, 0x08C4, 0x10E4, 0x10E4, 0x10E5, 0x10E4, 0x10E4,
  0x10E4, 0x10E4, 0x10E3, 0x08C3, 0x08A3, 0x10C3, 0x10C4, 0x10C3, 0x08A3, 0x08A3, 0x10A3, 0x10C4,
  0x10A3, 0x08A3, 0x08A2, 0x08A2, 0x10E4, 0x1925, 0x1104, 0x10E4, 0x10C4, 0x08A3, 0x08C3, 0x08C4,
  0x1925, 0x1104, 0x10E4, 0x1104, 0x1905, 0x1925, 0x1104, 0x1105, 0x10E4, 0x10E4, 0x1104, 0x10E4,
  0x10C3, 0x08C3, 0x08C3, 0x10A3, 0x10A3, 0x10E4, 0x10E4, 0x10E4, 0x10C3, 0x1904, 0x08C3, 0x1904,
  0x10C4, 0x10C4, 0x08A3, 0x08A3, 0x10A3, 0x10E4, 0x18E4, 0x10C3, 0x10C3, 0x08A3, 0x08A3, 0x08A3,
  0x10C3, 0x10E3, 0x10E4, 0x10E4, 0x10C3, 0x08C3, 0x10C3, 0x10E3, 0x10E3, 0x10E3, 0x10E3, 0x10E3,
  0x10C3, 0x08A3, 0x10C3, 0x10C3, 0x08A3, 0x08A3, 0x08A3, 0x10C3, 0x10C3, 0x10C3, 0x08A3, 0x0882,
  0x10A3, 0x10A3, 0x10A3, 0x0882, 0x0882, 0x0882, 0x0882, 0x08A3, 0x08A3, 0x08A3, 0x08A3, 0x0882,
  0x0882, 0x0882, 0x0882, 0x0882, 0x0882, 0x0882, 0x08A3, 0x0882, 0x0882, 0x0882, 0x0882, 0x0882,
  0x0882, 0x0882, 0x0882, 0x0882, 0x0882, 0x08A3, 0x0882, 0x0882, 0x0882, 0x0882, 0x0882, 0x0882,
  0x0882, 0x0882, 0x0882, 0x0882, 0x0882, 0x0882, 0x0882, 0x0882, 0x0882, 0x0882, 0x0882, 0x0882,
  0x0882, 0x0882, 0x0882, 0x0882, 0x0882, 0x0882, 0x0882, 0x0882, 0x0882, 0x0882, 0x08A3, 0x08A3,
  0x08A3, 0x0882, 0x0882, 0x0882, 0x0882, 0x0882, 0x0882, 0x0882, 0x0882, 0x0882, 0x0882, 0x0882,
  0x0882, 0x0882, 0x0882, 0x0882, 0x0882, 0x0882, 0x0882, 0x0882, 0x0883, 0x0883, 0x0883, 0x0883,
  0x0883, 0x10A3, 0x10A3, 0x10A3, 0x10C3, 0x10C3, 0x0882, 0x0882, 0x0882, 0x0882, 0x0882, 0x0882,
  0x0882, 0x0882, 0x0882, 0x0882, 0x0882, 0x0882, 0x08A2, 0x08A3, 0x10C3, 0x10C3, 0x10C3, 0x10C3,
  0x1105, 0x1925, 0x1925, 0x1125, 0x1125, 0x1925, 0x1945, 0x2166, 0x1946, 0x1966, 0x1946, 0x1966,
  0x1966, 0x1966, 0x1966, 0x1946, 0x1925, 0x1925, 0x1925, 0x1104, 0x10E4, 0x10E4, 0x1104, 0x1105,
  0x1105, 0x1925, 0x1946, 0x1946, 0x1946, 0x1946, 0x1946, 0x1946, 0x2166, 0x1925, 0x1105, 0x1125,
  0x1925, 0x1125, 0x1105, 0x1905, 0x1905, 0x10C4, 0x08C4, 0x08C3, 0x08C4, 0x10C4, 0x10E4, 0x10E4,
  0x10E4, 0x10E4, 0x10E3, 0x10C3, 0x08A3, 0x08A3, 0x10A3, 0x10C3, 0x10A3, 0x08A3, 0x10A3, 0x10C4,
  0x10A3, 0x08A2, 0x0882, 0x0882, 0x1924, 0x1904, 0x1925, 0x1104, 0x08C4, 0x08C3, 0x08C4, 0x10E4,
  0x1925, 0x1905, 0x1905, 0x1104, 0x1104, 0x1104, 0x1105, 0x1104, 0x10E4, 0x1104, 0x1104, 0x10C3,
  0x10C3, 0x08A3, 0x08C3, 0x10A3, 0x10A3, 0x10E4, 0x10E4, 0x10C4, 0x10E4, 0x1104, 0x10E4, 0x10E4,
  0x10C3, 0x10C3, 0x08A3, 0x0883, 0x10C3, 0x10C3, 0x10C3, 0x10C3, 0x10C3, 0x08A3, 0x08A2, 0x0882,
  0x10C3, 0x10E4, 0x10E4, 0x10C3, 0x08A2, 0x0882, 0x08C3, 0x10E3, 0x10E4, 0x10E3, 0x10E4, 0x10E3,
  0x10C3, 0x10C3, 0x08A3, 0x08A3, 0x10C3, 0x08A3, 0x08A3, 0x10C3, 0x08A3, 0x08A3, 0x08A3, 0x08A3,
  0x10A3, 0x10A3, 0x0882, 0x0862, 0x0882, 0x0882, 0x0882, 0x0882, 0x0882, 0x0882, 0x0882, 0x0882,
  0x0882, 0x0882, 0x0882, 0x0882, 0x0882, 0x0882, 0x0882, 0x0882, 0x0882, 0x0882, 0x0882, 0x0882,
  0x0882, 0x0882, 0x0882, 0x0882, 0x0882, 0x08A3, 0x0882, 0x0882, 0x0882, 0x0882, 0x0882, 0x0882,
  0x0882, 0x0882, 0x0882, 0x0882, 0x0882, 0x0882, 0x0882, 0x0882, 0x0882, 0x0882, 0x0882, 0x0882,
  0x0882, 0x0882, 0x0882, 0x0882, 0x0882, 0x0882, 0x0882, 0x0882, 0x0882, 0x0882, 0x0882, 0x0882,
  0x0882, 0x0882, 0x0882, 0x0882, 0x0882, 0x0882, 0x0882, 0x0882, 0x0882, 0x0882, 0x0882, 0x0882,
  0x0882, 0x0882, 0x0882, 0x0882, 0x0882, 0x0882, 0x0882, 0x0882, 0x0883, 0x0883, 0x0883, 0x0883,
  0x0883, 0x0883, 0x0883, 0x10A3, 0x10C3, 0x10C3, 0x08A2, 0x0882, 0x0882, 0x0882, 0x0882, 0x0882,
  0x0882, 0x0882, 0x0882, 0x0882, 0x0882, 0x08A2, 0x08A2, 0x08A3, 0x08A3, 0x10C3, 0x08A3, 0x10C3,
  0x1104, 0x1105, 0x1104, 0x1104, 0x1104, 0x1105, 0x1925, 0x1946, 0x1945, 0x1946, 0x1946, 0x1946,
  0x2166, 0x2166, 0x2166, 0x1966, 0x1945, 0x2146, 0x1945, 0x1925, 0x1925, 0x1925, 0x1925, 0x1925,
  0x1925, 0x1946, 0x1946, 0x1946, 0x1946, 0x1946, 0x1946, 0x1925, 0x1946, 0x1946, 0x1925, 0x1925,
  0x1946, 0x1946, 0x1925, 0x1905, 0x1925, 0x10E4, 0x10C4, 0x08C3, 0x08C3, 0x08C4, 0x10E4, 0x10E4,
  0x10E4, 0x10E4, 0x10E3, 0x10C3, 0x08A3, 0x08A3, 0x08A3, 0x10C3, 0x10A3, 0x10A3, 0x10C4, 0x10C4,
  0x10C3, 0x08A3, 0x0883, 0x0883, 0x10E4, 0x10E4, 0x1925, 0x1905, 0x10C4, 0x08C3, 0x08A3, 0x10E4,
  0x1925, 0x1104, 0x1905, 0x10E4, 0x10E4, 0x10E4, 0x1925, 0x1105, 0x10E4, 0x1104, 0x1904, 0x10C3,
  0x10C4, 0x08C3, 0x10C3, 0x10C3, 0x10C4, 0x10C3, 0x10E4, 0x10E4, 0x10E4, 0x10E4, 0x10E4, 0x10C3,
  0x08A3, 0x10C4, 0x08A3, 0x08A3, 0x10C4, 0x08A3, 0x10A3, 0x10C3, 0x08C3, 0x0882, 0x0882, 0x08A2,
  0x10C3, 0x10E3, 0x08A3, 0x08A3, 0x08A2, 0x08A2, 0x08A3, 0x10E3, 0x1104, 0x10E4, 0x10E4, 0x10E3,
  0x10C3, 0x10C3, 0x08A3, 0x08C3, 0x10C3, 0x08A3, 0x08A3, 0x08A3, 0x08A3, 0x0882, 0x0882, 0x08A3,
  0x10A3, 0x0882, 0x0882, 0x08A3, 0x0882, 0x0882, 0x0882, 0x0882, 0x0882, 0x0882, 0x0882, 0x0882,
  0x0882, 0x0882, 0x0882, 0x0882, 0x0882, 0x0882, 0x0882, 0x0882, 0x0882, 0x0882, 0x0882, 0x0882,
  0x0882, 0x0882, 0x0882, 0x0882, 0x0882, 0x0882, 0x0882, 0x0882, 0x0882, 0x0882, 0x0882, 0x0882,
  0x0882, 0x0882, 0x0882, 0x0882, 0x0882, 0x0882, 0x0882, 0x0882, 0x0882, 0x0882, 0x0882, 0x0882,
  0x0882, 0x0882, 0x0882, 0x0882, 0x0882, 0x0882, 0x0882, 0x0882, 0x0882, 0x0882, 0x0882, 0x0882,
  0x0882, 0x0882, 0x0882, 0x0882, 0x0882, 0x0882, 0x0882, 0x0882, 0x0882, 0x0882, 0x0882, 0x0882,
  0x0882, 0x0882, 0x0882, 0x0882, 0x0882, 0x0882, 0x0882, 0x0882, 0x0883, 0x0883, 0x0883, 0x0883,
  0x0883, 0x0883, 0x0882, 0x10C3, 0x10E3, 0x10C3, 0x10C3, 0x08A3, 0x0882, 0x0882, 0x0882, 0x0882,
  0x0882, 0x0882, 0x0882, 0x0882, 0x0882, 0x08A3, 0x08A3, 0x08A3, 0x08A3, 0x08A3, 0x08A3, 0x10C3,
  0x1105, 0x1105, 0x1105, 0x1104, 0x1104, 0x1925, 0x1125, 0x1945, 0x1966, 0x2166, 0x2166, 0x1966,
  0x1966, 0x1966, 0x1966, 0x1966, 0x2166, 0x2166, 0x1946, 0x1945, 0x1925, 0x1925, 0x1925, 0x1946,
  0x1925, 0x1125, 0x1925, 0x1925, 0x1105, 0x1125, 0x1925, 0x1946, 0x1105, 0x1925, 0x1946, 0x1946,
  0x2166, 0x2166, 0x1925, 0x1905, 0x1905, 0x1104, 0x10E4, 0x08C3, 0x08C3, 0x08C4, 0x10E4, 0x10E4,
  0x10C4, 0x10E4, 0x10E3, 0x10E3, 0x10C3, 0x08A3, 0x08A3, 0x10C4, 0x10C4, 0x10A3, 0x10C4, 0x10C4,
  0x10C3, 0x08A3, 0x08A3, 0x08C3, 0x10E4, 0x10E4, 0x1945, 0x1925, 0x10E4, 0x08C3, 0x08A3, 0x1105,
  0x1945, 0x1105, 0x1925, 0x10E4, 0x10E4, 0x1905, 0x1905, 0x1925, 0x1925, 0x1925, 0x1904, 0x10C3,
  0x10C4, 0x10C3, 0x10C4, 0x10E4, 0x10E4, 0x10C3, 0x10C4, 0x10C4, 0x10C4, 0x08C3, 0x1104, 0x08A3,
  0x10C3, 0x10E4, 0x08A3, 0x10A3, 0x10C4, 0x0883, 0x10C3, 0x10E4, 0x10C3, 0x08A2, 0x08A2, 0x08C3,
  0x10E3, 0x08C3, 0x10C3, 0x08A3, 0x08A2, 0x0882, 0x08C3, 0x10E3, 0x10E4, 0x10E4, 0x10E4, 0x10E3,
  0x08C3, 0x10C3, 0x08A3, 0x08C3, 0x10C3, 0x08A3, 0x08A3, 0x0882, 0x08A2, 0x0882, 0x0882, 0x08A3,
  0x0882, 0x08A3, 0x08A3, 0x08A3, 0x0882, 0x0882, 0x0882, 0x0882, 0x0882, 0x0882, 0x0882, 0x0882,
  0x0882, 0x0882, 0x0882, 0x0882, 0x0882, 0x0882, 0x0882, 0x0882, 0x0882, 0x0882, 0x0882, 0x0882,
  0x0882, 0x0882, 0x0882, 0x0882, 0x0882, 0x0882, 0x0882, 0x0882, 0x0882, 0x0882, 0x0882, 0x0882,
  0x0882, 0x0882, 0x0882, 0x0882, 0x0882, 0x0882, 0x0882, 0x0882, 0x0882, 0x0882, 0x0882, 0x0882,
  0x0882, 0x0882, 0x0882, 0x0882, 0x0882, 0x0882, 0x0882, 0x0882, 0x0882, 0x0882, 0x0882, 0x0882,
  0x0882, 0x0882, 0x0882, 0x0882, 0x0882, 0x0882, 0x0882, 0x0882, 0x0882, 0x0882, 0x0882, 0x0882,
  0x0882, 0x0882, 0x0882, 0x0882, 0x0882, 0x0882, 0x0882, 0x0882, 0x0883, 0x0883, 0x0883, 0x0883,
  0x0883, 0x0883, 0x0883, 0x10C3, 0x10C3, 0x10E3, 0x10C3, 0x08A3, 0x0882, 0x0882, 0x0882, 0x0882,
  0x0882, 0x0882, 0x0882, 0x0882, 0x0882, 0x08A3, 0x08A3, 0x08A3, 0x08A3, 0x08A2, 0x10C3, 0x10C3,
  0x1946, 0x1946, 0x1925, 0x1125, 0x1125, 0x1925, 0x1105, 0x1945, 0x1966, 0x2166, 0x2166, 0x1966,
  0x1966, 0x1966, 0x1966, 0x2186, 0x2186, 0x2186, 0x1966, 0x1945, 0x1925, 0x1125, 0x1925, 0x1105,
  0x1105, 0x1105, 0x1105, 0x1105, 0x1105, 0x1105, 0x1125, 0x1125, 0x1125, 0x1925, 0x1925, 0x1925,
  0x1946, 0x1946, 0x1945, 0x1905, 0x1104, 0x10E4, 0x10E4, 0x10E4, 0x10E4, 0x08A3, 0x10C4, 0x10C4,
  0x10C4, 0x10C3, 0x10C3, 0x10C3, 0x10C3, 0x10C3, 0x08A3, 0x10C3, 0x10C4, 0x10C4, 0x10A3, 0x08A4,
  0x10C4, 0x10C4, 0x10C4, 0x08A3, 0x10E4, 0x10E4, 0x1925, 0x1925, 0x1104, 0x10E4, 0x08C3, 0x1925,
  0x1925, 0x1945, 0x1925, 0x10E4, 0x1104, 0x1925, 0x1925, 0x1105, 0x1104, 0x10E4, 0x10E4, 0x10E4,
  0x08A3, 0x10C3, 0x10E4, 0x10E4, 0x10C4, 0x10C3, 0x10C4, 0x10C3, 0x10E4, 0x10E4, 0x10C3, 0x08A3,
  0x08A3, 0x10C3, 0x10A3, 0x10E4, 0x10C3, 0x10A3, 0x10C4, 0x10C3, 0x08C3, 0x10C3, 0x08C3, 0x08A3,
  0x08C3, 0x10C3, 0x10C3, 0x10C3, 0x08A3, 0x08A2, 0x08C3, 0x10E3, 0x10E4, 0x10E3, 0x10C3, 0x10C3,
  0x10C3, 0x08C3, 0x08C3, 0x10C3, 0x10E3, 0x08A3, 0x08A3, 0x0882, 0x0882, 0x0882, 0x08A3, 0x0882,
  0x0882, 0x0882, 0x0882, 0x08A3, 0x0882, 0x0882, 0x0882, 0x0882, 0x0882, 0x0882, 0x0882, 0x0882,
  0x0882, 0x0882, 0x0882, 0x0882, 0x0882, 0x0882, 0x0882, 0x0882, 0x0882, 0x0882, 0x0882, 0x0882,
  0x0882, 0x0882, 0x0882, 0x0882, 0x0882, 0x0882, 0x0882, 0x0882, 0x0882, 0x0882, 0x0882, 0x0882,
  0x08A3, 0x08A3, 0x08A3, 0x08A3, 0x0882, 0x08A3, 0x0882, 0x0882, 0x0882, 0x0882, 0x0882, 0x0882,
  0x0882, 0x0882, 0x0882, 0x0882, 0x0882, 0x0882, 0x0882, 0x0882, 0x0882, 0x0882, 0x0882, 0x0882,
  0x0882, 0x0882, 0x0882, 0x0882, 0x0882, 0x0882, 0x0882, 0x0882, 0x0882, 0x0882, 0x0882, 0x0882,
  0x0882, 0x0882, 0x0882, 0x0882, 0x0882, 0x0882, 0x0882, 0x0882, 0x0883, 0x0883, 0x0883, 0x0883,
  0x0883, 0x0883, 0x10A3, 0x10E4, 0x1904, 0x10E4, 0x10C3, 0x08A3, 0x08A3, 0x0883, 0x0882, 0x0882,
  0x0882, 0x0882, 0x0882, 0x0882, 0x0882, 0x08A3, 0x08A2, 0x0882, 0x08A2, 0x08A3, 0x10C3, 0x10C3,
  0x1946, 0x2166, 0x1946, 0x1945, 0x1925, 0x1945, 0x1925, 0x1925, 0x2166, 0x2187, 0x2166, 0x2166,
  0x2186, 0x2166, 0x2166, 0x2186, 0x1966, 0x2166, 0x2186, 0x2166, 0x1925, 0x1105, 0x1104, 0x1105,
  0x1105, 0x1105, 0x1105, 0x1105, 0x1105, 0x1105, 0x1125, 0x1105, 0x1105, 0x1105, 0x1125, 0x1925,
  0x1105, 0x1105, 0x1925, 0x1925, 0x1905, 0x10E4, 0x10E4, 0x10E4, 0x10E4, 0x10C4, 0x10C4, 0x10C4,
  0x10C4, 0x10C3, 0x10C3, 0x10C3, 0x10C3, 0x10C3, 0x08A3, 0x10C3, 0x10A3, 0x10A3, 0x08A3, 0x08A3,
  0x10C4, 0x10C4, 0x10C4, 0x10C4, 0x10E4, 0x10E4, 0x1905, 0x1104, 0x10E4, 0x10E4, 0x1104, 0x1925,
  0x1925, 0x1946, 0x1925, 0x10E4, 0x1105, 0x1945, 0x1905, 0x10E4, 0x1105, 0x1104, 0x10E4, 0x10C3,
  0x08A3, 0x10C3, 0x10E4, 0x10E4, 0x10C4, 0x10A3, 0x10C3, 0x10C3, 0x10C3, 0x10C4, 0x0882, 0x08A3,
  0x08A3, 0x10C3, 0x10C3, 0x10C3, 0x10C4, 0x10C3, 0x10C4, 0x08C3, 0x08C3, 0x10C3, 0x08C3, 0x08C3,
  0x10E3, 0x1924, 0x10E4, 0x10C3, 0x08C3, 0x08C3, 0x10E3, 0x10E3, 0x10E3, 0x10E3, 0x10E3, 0x08C3,
  0x10C3, 0x10C3, 0x10E3, 0x10E3, 0x08C3, 0x08A3, 0x08A3, 0x08A3, 0x10C3, 0x10C3, 0x08A3, 0x0882,
  0x0882, 0x0882, 0x0882, 0x08A3, 0x0882, 0x0882, 0x0882, 0x0882, 0x0882, 0x0882, 0x0882, 0x0882,
  0x0882, 0x0882, 0x0882, 0x0882, 0x0882, 0x0882, 0x0882, 0x0882, 0x0882, 0x0882, 0x0882, 0x0882,
  0x0882, 0x0882, 0x0882, 0x0882, 0x0882, 0x0882, 0x0882, 0x0882, 0x0882, 0x0882, 0x0882, 0x0882,
  0x0882, 0x0882, 0x0882, 0x0882, 0x08A3, 0x08A3, 0x0882, 0x0882, 0x0882, 0x0882, 0x0882, 0x0882,
  0x0882, 0x0882, 0x0882, 0x0882, 0x0882, 0x0882, 0x0882, 0x0882, 0x0882, 0x0882, 0x0882, 0x0882,
  0x0882, 0x0882, 0x0882, 0x0882, 0x0882, 0x0882, 0x0882, 0x0882, 0x0882, 0x0882, 0x0882, 0x0882,
  0x0882, 0x0882, 0x0882, 0x0882, 0x0882, 0x0882, 0x0882, 0x0882, 0x0882, 0x0882, 0x0882, 0x0883,
  0x0883, 0x08A3, 0x10C3, 0x1104, 0x1104, 0x10E4, 0x10C4, 0x08A3, 0x0883, 0x0883, 0x0882, 0x0882,
  0x0882, 0x0882, 0x0882, 0x0882, 0x0882, 0x0882, 0x0882, 0x0882, 0x08A2, 0x08A3, 0x08A3, 0x10C3,
  0x1946, 0x1966, 0x1945, 0x1945, 0x1945, 0x1945, 0x1945, 0x1925, 0x1946, 0x2166, 0x2187, 0x2166,
  0x1945, 0x1945, 0x1946, 0x1966, 0x1966, 0x1966, 0x1966, 0x1966, 0x1946, 0x1125, 0x1104, 0x1105,
  0x1105, 0x1105, 0x1125, 0x1105, 0x1105, 0x1105, 0x1125, 0x1105, 0x1105, 0x1105, 0x1105, 0x1925,
  0x1105, 0x10E4, 0x1104, 0x1905, 0x1925, 0x10E4, 0x10E4, 0x10C4, 0x10E4, 0x10C4, 0x10C4, 0x10C4,
  0x10C4, 0x10C4, 0x10C3, 0x10A3, 0x10C3, 0x10C3, 0x10A3, 0x10A3, 0x10C4, 0x10A3, 0x08A3, 0x08A3,
  0x10A3, 0x10C4, 0x10E4, 0x10E4, 0x10C4, 0x10E4, 0x10E4, 0x1104, 0x10E4, 0x10E4, 0x1105, 0x1945,
  0x1925, 0x1946, 0x1105, 0x1104, 0x1105, 0x1925, 0x1105, 0x10E4, 0x10E4, 0x10E4, 0x10E4, 0x10E4,
  0x10E4, 0x10C4, 0x10E4, 0x10E4, 0x10E4, 0x10C3, 0x10C3, 0x10C3, 0x10C3, 0x10A3, 0x0862, 0x0883,
  0x08A3, 0x10A3, 0x10C4, 0x10A3, 0x10C3, 0x08A3, 0x10A3, 0x10C3, 0x08C3, 0x10C3, 0x08C3, 0x08C3,
  0x1925, 0x1945, 0x1904, 0x10E4, 0x10C3, 0x10E3, 0x10E3, 0x08C3, 0x08C3, 0x10E3, 0x10E3, 0x10C3,
  0x10E3, 0x1104, 0x10E3, 0x08C3, 0x08A3, 0x08A3, 0x08A3, 0x10C3, 0x10C3, 0x08A3, 0x08A2, 0x0882,
  0x0882, 0x0882, 0x0882, 0x08A3, 0x0882, 0x0882, 0x0882, 0x0882, 0x0882, 0x0882, 0x0882, 0x0882,
  0x0882, 0x0882, 0x0882, 0x0882, 0x0882, 0x0882, 0x0882, 0x0882, 0x0882, 0x0882, 0x0882, 0x0882,
  0x0882, 0x0882, 0x0882, 0x0882, 0x0882, 0x0882, 0x0882, 0x0882, 0x0882, 0x08A3, 0x08A3, 0x0882,
  0x0882, 0x0882, 0x0882, 0x0882, 0x0882, 0x0882, 0x0882, 0x0882, 0x0882, 0x0882, 0x0882, 0x0882,
  0x0882, 0x0882, 0x0882, 0x0882, 0x0882, 0x0882, 0x0882, 0x0882, 0x0882, 0x0882, 0x0882, 0x0882,
  0x0882, 0x0882, 0x0882, 0x0882, 0x0882, 0x0882, 0x0882, 0x0882, 0x0882, 0x0882, 0x0882, 0x0882,
  0x0882, 0x0882, 0x0882, 0x0882, 0x0882, 0x0882, 0x0882, 0x0882, 0x0882, 0x0882, 0x0883, 0x0883,
  0x10A3, 0x10C3, 0x10E4, 0x10E4, 0x1905, 0x1905, 0x10E4, 0x08C3, 0x0883, 0x08A3, 0x0882, 0x0882,
  0x0882, 0x0882, 0x0882, 0x0882, 0x0882, 0x0882, 0x0882, 0x0882, 0x08A3, 0x08A3, 0x10C3, 0x10C3,
  0x1946, 0x1925, 0x1925, 0x1125, 0x1925, 0x1925, 0x1925, 0x1925, 0x1104, 0x1945, 0x2166, 0x2166,
  0x1925, 0x1125, 0x1945, 0x1925, 0x1946, 0x2166, 0x1945, 0x1925, 0x1925, 0x1925, 0x1105, 0x1104,
  0x1104, 0x1104, 0x1925, 0x1105, 0x1104, 0x1104, 0x1905, 0x10E4, 0x10E4, 0x1104, 0x1105, 0x1104,
  0x1105, 0x10E4, 0x10E4, 0x10E4, 0x10E4, 0x10C4, 0x10C4, 0x10C4, 0x10C4, 0x10C4, 0x10E4, 0x10E4,
  0x10C4, 0x10C4, 0x08A3, 0x08A3, 0x08A3, 0x08A3, 0x08A3, 0x08A3, 0x10C3, 0x10C3, 0x08A3, 0x08A3,
  0x10E4, 0x1905, 0x1925, 0x10E4, 0x08C4, 0x08C4, 0x10C4, 0x10C4, 0x10E4, 0x08A3, 0x10C4, 0x1105,
  0x1905, 0x1905, 0x1925, 0x1905, 0x10C4, 0x10E4, 0x1105, 0x10E4, 0x10E4, 0x10E4, 0x10E3, 0x10C3,
  0x10E3, 0x10A3, 0x10A3, 0x10A3, 0x10C4, 0x10E4, 0x10E4, 0x10C4, 0x10C3, 0x0882, 0x0882, 0x0882,
  0x08A3, 0x08C3, 0x10C4, 0x10E3, 0x10E4, 0x08A3, 0x10E3, 0x1104, 0x10E4, 0x1104, 0x10C3, 0x10E3,
  0x1945, 0x1104, 0x10E3, 0x10E3, 0x10E3, 0x10E3, 0x08C3, 0x08A3, 0x08C3, 0x10E3, 0x08C3, 0x10C3,
  0x10E4, 0x1104, 0x08C3, 0x08C3, 0x10E3, 0x10C3, 0x10C3, 0x10C3, 0x10C3, 0x10C3, 0x08A3, 0x08A3,
  0x08A3, 0x0882, 0x0882, 0x0882, 0x0882, 0x0882, 0x0882, 0x0882, 0x0882, 0x0882, 0x0882, 0x0882,
  0x0882, 0x0882, 0x0882, 0x0882, 0x0882, 0x0882, 0x0882, 0x0882, 0x0882, 0x0882, 0x0882, 0x0882,
  0x0882, 0x0882, 0x0882, 0x0882, 0x0882, 0x0882, 0x0882, 0x0882, 0x08A3, 0x0882, 0x0882, 0x0882,
  0x0882, 0x0882, 0x0882, 0x0882, 0x0882, 0x08A3, 0x0882, 0x0882, 0x0882, 0x0882, 0x0882, 0x0882,
  0x0882, 0x0882, 0x0882, 0x0882, 0x0882, 0x0882, 0x0882, 0x0882, 0x0882, 0x0882, 0x0882, 0x0882,
  0x0882, 0x0882, 0x0882, 0x0882, 0x0882, 0x0882, 0x0882, 0x0882, 0x0882, 0x0882, 0x0882, 0x0882,
  0x0882, 0x0882, 0x0882, 0x0882, 0x0882, 0x0882, 0x0882, 0x0882, 0x0883, 0x08A3, 0x10E4, 0x10E4,
  0x10E4, 0x10C3, 0x10C4, 0x1926, 0x1946, 0x1946, 0x10E4, 0x10A3, 0x08A3, 0x08A3, 0x08A3, 0x0882,
  0x0882, 0x08A2, 0x0882, 0x0882, 0x0882, 0x0882, 0x0882, 0x0882, 0x08A3, 0x08A3, 0x08A3, 0x10C3,
  0x1945, 0x1946, 0x1945, 0x1125, 0x1925, 0x1945, 0x1925, 0x1945, 0x1905, 0x1925, 0x1945, 0x2166,
  0x1946, 0x1945, 0x1925, 0x1925, 0x1945, 0x1946, 0x1945, 0x1925, 0x1105, 0x1105, 0x1104, 0x10E4,
  0x10E4, 0x10E4, 0x10E4, 0x1104, 0x10E4, 0x1104, 0x1105, 0x10E4, 0x10E4, 0x10E4, 0x1104, 0x10E4,
  0x10E4, 0x08C4, 0x10C4, 0x10C4, 0x10C4, 0x10C4, 0x10A3, 0x10A4, 0x10C4, 0x10C4, 0x10C4, 0x10C4,
  0x10C4, 0x10A3, 0x08A3, 0x10A3, 0x10C3, 0x08A3, 0x08A3, 0x10C3, 0x10C3, 0x10C3, 0x08A3, 0x08A3,
  0x1104, 0x1925, 0x1925, 0x1105, 0x10E4, 0x08C3, 0x08C3, 0x10E4, 0x1905, 0x10E4, 0x10E4, 0x10E4,
  0x1105, 0x1925, 0x1925, 0x1925, 0x10E4, 0x10E4, 0x1905, 0x10E4, 0x08C3, 0x10C3, 0x10A3, 0x10A3,
  0x10C3, 0x10A3, 0x0883, 0x0883, 0x08A3, 0x10E4, 0x10E4, 0x10E4, 0x08A3, 0x0883, 0x0883, 0x08A3,
  0x08C4, 0x08C3, 0x1104, 0x1924, 0x1104, 0x10E3, 0x1104, 0x1104, 0x1904, 0x10E4, 0x10E3, 0x1924,
  0x1924, 0x10E4, 0x10C3, 0x10E3, 0x10E3, 0x10C3, 0x08C3, 0x08C3, 0x10C3, 0x10E3, 0x08C3, 0x10C3,
  0x10E4, 0x10E4, 0x08C3, 0x08C3, 0x08C3, 0x10C3, 0x10C3, 0x10C3, 0x08A3, 0x08A3, 0x10C3, 0x10C3,
  0x0882, 0x0882, 0x0882, 0x0882, 0x0882, 0x0882, 0x0882, 0x0882, 0x0882, 0x0882, 0x0882, 0x0882,
  0x0882, 0x0882, 0x0882, 0x0882, 0x0882, 0x0882, 0x0882, 0x0882, 0x0882, 0x0882, 0x0882, 0x0882,
  0x0882, 0x0882, 0x0882, 0x0882, 0x0882, 0x0882, 0x0882, 0x0882, 0x0882, 0x08A3, 0x08A3, 0x0882,
  0x0882, 0x0882, 0x0882, 0x0882, 0x08A3, 0x0882, 0x0882, 0x0882, 0x0882, 0x0882, 0x0882, 0x0882,
  0x0882, 0x0882, 0x0882, 0x0882, 0x0882, 0x0882, 0x0882, 0x0882, 0x0882, 0x0882, 0x0882, 0x0882,
  0x0882, 0x0882, 0x0882, 0x0882, 0x0882, 0x0882, 0x0882, 0x0882, 0x0882, 0x0882, 0x0882, 0x0882,
  0x0882, 0x0882, 0x0882, 0x0882, 0x0882, 0x0882, 0x0882, 0x0882, 0x10C3, 0x1904, 0x1925, 0x10E4,
  0x08C3, 0x08E3, 0x1105, 0x1946, 0x1946, 0x1925, 0x10E4, 0x10C3, 0x10A3, 0x10A3, 0x08A3, 0x0882,
  0x0882, 0x08A2, 0x0882, 0x0882, 0x0882, 0x08A2, 0x08A2, 0x08A2, 0x08A3, 0x0882, 0x0882, 0x08A3,
  0x1925, 0x2166, 0x1945, 0x1124, 0x1925, 0x1104, 0x1904, 0x1925, 0x1925, 0x1925, 0x1925, 0x2166,
  0x2166, 0x1945, 0x1925, 0x1925, 0x1925, 0x1945, 0x1945, 0x1125, 0x1104, 0x10E4, 0x10E4, 0x10E4,
  0x1104, 0x10E4, 0x10C4, 0x10E4, 0x10E4, 0x1104, 0x1104, 0x1104, 0x10E4, 0x10E4, 0x10E4, 0x1104,
  0x10E4, 0x08C3, 0x08C4, 0x10C4, 0x10C4, 0x10A3, 0x10A3, 0x10A3, 0x10C4, 0x10C4, 0x10A4, 0x10A4,
  0x10A3, 0x08A3, 0x08A3, 0x10C3, 0x10C3, 0x10C3, 0x10C3, 0x10C3, 0x10C3, 0x08A3, 0x08A3, 0x08C3,
  0x1925, 0x1925, 0x1925, 0x1925, 0x1905, 0x08C3, 0x08C4, 0x10E4, 0x1925, 0x1925, 0x1905, 0x10E4,
  0x10E4, 0x10E4, 0x1905, 0x1925, 0x10E4, 0x10C4, 0x10E4, 0x10E4, 0x08A3, 0x0882, 0x10A3, 0x10C3,
  0x10C3, 0x10E4, 0x10A3, 0x0883, 0x10A3, 0x10C3, 0x10E4, 0x10E4, 0x0882, 0x08A3, 0x08A3, 0x08C3,
  0x10E4, 0x08C4, 0x1904, 0x1924, 0x1104, 0x1104, 0x1104, 0x1904, 0x1924, 0x10E4, 0x10E4, 0x1904,
  0x10E4, 0x10E4, 0x10E3, 0x10E4, 0x10E4, 0x10E3, 0x10E4, 0x10C3, 0x08C3, 0x10C3, 0x10C3, 0x10E3,
  0x10E3, 0x10C3, 0x08C3, 0x08C3, 0x08C3, 0x08A3, 0x08A3, 0x10C3, 0x10C3, 0x10C3, 0x08A3, 0x08A3,
  0x0882, 0x08A3, 0x0882, 0x0882, 0x0882, 0x0882, 0x0882, 0x0882, 0x0882, 0x0882, 0x0882, 0x0882,
  0x0882, 0x0882, 0x0882, 0x0882, 0x0882, 0x0882, 0x0882, 0x0882, 0x0882, 0x0882, 0x0882, 0x0882,
  0x0882, 0x0882, 0x0882, 0x0882, 0x0882, 0x0882, 0x0882, 0x0882, 0x0882, 0x10A3, 0x08A3, 0x0882,
  0x0882, 0x0882, 0x0882, 0x08A3, 0x08A3, 0x0882, 0x0882, 0x0882, 0x0882, 0x0882, 0x0882, 0x0882,
  0x0882, 0x0882, 0x0882, 0x0882, 0x0882, 0x0882, 0x0882, 0x0882, 0x0882, 0x0882, 0x0882, 0x0882,
  0x0882, 0x0882, 0x0882, 0x0882, 0x0882, 0x0882, 0x0882, 0x0882, 0x0882, 0x0882, 0x0882, 0x0882,
  0x0882, 0x0882, 0x0882, 0x0882, 0x0882, 0x0882, 0x0882, 0x0882, 0x1904, 0x1925, 0x1104, 0x08A3,
  0x08C3, 0x10E4, 0x1104, 0x1946, 0x1925, 0x1125, 0x10C4, 0x10C3, 0x10A3, 0x10A3, 0x08A3, 0x0882,
  0x0882, 0x08A2, 0x0882, 0x0882, 0x0882, 0x0882, 0x0882, 0x0882, 0x08A3, 0x08A2, 0x10C3, 0x10C3,
  0x1925, 0x2146, 0x1965, 0x1124, 0x1104, 0x10E4, 0x10E4, 0x1904, 0x1905, 0x1905, 0x1905, 0x2146,
  0x1946, 0x1945, 0x1925, 0x1125, 0x1125, 0x1925, 0x1946, 0x1105, 0x10E4, 0x08E4, 0x1104, 0x1104,
  0x10E4, 0x10E4, 0x10C4, 0x10E4, 0x1104, 0x1105, 0x1104, 0x1905, 0x1104, 0x10E4, 0x10E4, 0x1905,
  0x10C4, 0x08C4, 0x08C3, 0x10C4, 0x10C4, 0x10A3, 0x08A3, 0x10A3, 0x10C4, 0x10C4, 0x10A4, 0x08A3,
  0x10A3, 0x08A3, 0x08A3, 0x10C3, 0x10C3, 0x10C3, 0x10C3, 0x10C3, 0x10C3, 0x08A3, 0x08A3, 0x10C3,
  0x1925, 0x1905, 0x1905, 0x10E4, 0x1905, 0x10E4, 0x1905, 0x1905, 0x1905, 0x1905, 0x1905, 0x1104,
  0x08A3, 0x10C4, 0x1905, 0x10E4, 0x10E4, 0x10C4, 0x10C4, 0x08A3, 0x0883, 0x0882, 0x08A2, 0x10C3,
  0x10C3, 0x18E4, 0x10E4, 0x10A4, 0x10A3, 0x08C3, 0x10E4, 0x08A3, 0x0883, 0x08A3, 0x0883, 0x10C4,
  0x1104, 0x10E4, 0x1104, 0x10E4, 0x1924, 0x1104, 0x1104, 0x1904, 0x10E4, 0x10E4, 0x10E3, 0x10E4,
  0x10C3, 0x10E3, 0x10E4, 0x10E3, 0x10E3, 0x10E4, 0x10E4, 0x08A3, 0x08A3, 0x10C3, 0x10E3, 0x10E3,
  0x10E3, 0x10C3, 0x08C3, 0x08C3, 0x08C3, 0x08A3, 0x08A3, 0x08A3, 0x10C3, 0x08A3, 0x08A3, 0x0882,
  0x10A3, 0x0882, 0x0882, 0x0882, 0x0882, 0x0882, 0x0882, 0x0882, 0x0882, 0x0882, 0x0882, 0x0882,
  0x0882, 0x0882, 0x0882, 0x0882, 0x0882, 0x0882, 0x0882, 0x0882, 0x0882, 0x0882, 0x0882, 0x0882,
  0x0882, 0x0882, 0x0882, 0x0882, 0x0882, 0x0882, 0x0882, 0x0882, 0x0882, 0x10A3, 0x08A3, 0x0882,
  0x0882, 0x0882, 0x0882, 0x0882, 0x08A3, 0x08A3, 0x0882, 0x0882, 0x0882, 0x0882, 0x0882, 0x0882,
  0x0882, 0x0882, 0x0882, 0x0882, 0x0882, 0x0882, 0x0882, 0x0882, 0x0882, 0x0882, 0x0882, 0x0882,
  0x0882, 0x0882, 0x0882, 0x0882, 0x0882, 0x0882, 0x0882, 0x0882, 0x0882, 0x0882, 0x0882, 0x0882,
  0x0882, 0x0882, 0x0882, 0x0882, 0x0882, 0x0882, 0x0882, 0x08A2, 0x10E4, 0x10E4, 0x08C3, 0x08A3,
  0x08C3, 0x10E4, 0x10E4, 0x1925, 0x1125, 0x1104, 0x10C3, 0x10C3, 0x10C3, 0x10C3, 0x08A3, 0x0882,
  0x0882, 0x08A2, 0x0882, 0x0882, 0x0882, 0x0882, 0x0882, 0x0882, 0x08A3, 0x10C3, 0x10E4, 0x10C3,
  0x1945, 0x1925, 0x1945, 0x1925, 0x1104, 0x10E4, 0x10E4, 0x10E4, 0x10E4, 0x1104, 0x1925, 0x2146,
  0x1946, 0x1125, 0x1125, 0x1125, 0x1105, 0x1104, 0x1925, 0x1945, 0x08C4, 0x10E4, 0x10E4, 0x1104,
  0x10E4, 0x10C4, 0x08C3, 0x08C4, 0x10E4, 0x1104, 0x1104, 0x1925, 0x1104, 0x1104, 0x1105, 0x1105,
  0x1104, 0x10E4, 0x08C4, 0x10C4, 0x10C4, 0x10C4, 0x10A3, 0x10A3, 0x10A4, 0x10C4, 0x10C4, 0x10A3,
  0x10C3, 0x08A3, 0x08A3, 0x10C3, 0x10C3, 0x10C3, 0x10C3, 0x10C3, 0x10C3, 0x08A3, 0x08A3, 0x08A3,
  0x10E4, 0x10E4, 0x1905, 0x10C3, 0x1104, 0x1904, 0x1904, 0x1104, 0x10E4, 0x10E4, 0x10E4, 0x10E4,
  0x0882, 0x08A3, 0x1905, 0x10E4, 0x10E4, 0x10C3, 0x10C3, 0x0882, 0x0062, 0x0882, 0x10A3, 0x10C3,
  0x10C3, 0x10C3, 0x18E4, 0x10C4, 0x10A3, 0x10C3, 0x10C3, 0x0882, 0x0882, 0x0883, 0x0883, 0x08C3,
  0x1104, 0x10E4, 0x1104, 0x1104, 0x1104, 0x1104, 0x1924, 0x10E4, 0x10C3, 0x10C3, 0x10E3, 0x10C3,
  0x10E3, 0x10E3, 0x08C3, 0x10E3, 0x10E4, 0x10E4, 0x08C3, 0x08A2, 0x10C3, 0x10C3, 0x10E3, 0x10E4,
  0x10E3, 0x08C3, 0x10E3, 0x10C3, 0x08A3, 0x08A3, 0x08A2, 0x08A3, 0x08A3, 0x10C3, 0x08A2, 0x0882,
  0x10A3, 0x0882, 0x0882, 0x0882, 0x0882, 0x0882, 0x0882, 0x0862, 0x0882, 0x0882, 0x0882, 0x0882,
  0x0882, 0x0882, 0x0882, 0x0882, 0x0882, 0x0882, 0x0882, 0x0882, 0x0882, 0x0882, 0x0882, 0x0882,
  0x0882, 0x0882, 0x0882, 0x0882, 0x0882, 0x0882, 0x0882, 0x0882, 0x0882, 0x10A3, 0x0882, 0x0882,
  0x10A3, 0x08A3, 0x0882, 0x0882, 0x10A3, 0x08A3, 0x0882, 0x0882, 0x0882, 0x0882, 0x0882, 0x0882,
  0x0882, 0x0882, 0x0882, 0x0882, 0x0882, 0x0882, 0x0882, 0x0882, 0x0882, 0x0882, 0x0882, 0x0882,
  0x0882, 0x0882, 0x0882, 0x0882, 0x0882, 0x0882, 0x0882, 0x0882, 0x0882, 0x0882, 0x0882, 0x0882,
  0x0882, 0x0882, 0x0882, 0x0882, 0x0882, 0x0882, 0x08A3, 0x08A3, 0x08A3, 0x08A3, 0x08A3, 0x08A3,
  0x08E4, 0x08E3, 0x1104, 0x1904, 0x1925, 0x10E4, 0x08A3, 0x10C3, 0x10E3, 0x08A3, 0x08A3, 0x08A2,
  0x08A2, 0x08A2, 0x0882, 0x0882, 0x0882, 0x08A2, 0x0882, 0x0882, 0x10C3, 0x10E4, 0x10E3, 0x08A3,
  0x1945, 0x1945, 0x1104, 0x1945, 0x1925, 0x1104, 0x10E4, 0x10E4, 0x10E4, 0x10C4, 0x10E4, 0x1905,
  0x1946, 0x1125, 0x1125, 0x1945, 0x1105, 0x1105, 0x1125, 0x2166, 0x1925, 0x1105, 0x1105, 0x1104,
  0x10E4, 0x10E4, 0x10E4, 0x08C3, 0x08C4, 0x10E4, 0x1105, 0x1925, 0x1104, 0x10E4, 0x1104, 0x1104,
  0x1104, 0x1104, 0x08C3, 0x08C3, 0x10C4, 0x10C4, 0x10A3, 0x10A3, 0x10A3, 0x10C4, 0x10A3, 0x10A3,
  0x10C3, 0x08A3, 0x08A3, 0x08A3, 0x10C3, 0x10C3, 0x08A3, 0x08A3, 0x10C3, 0x08A3, 0x08A3, 0x08A3,
  0x08C3, 0x08A3, 0x1904, 0x08A3, 0x10E4, 0x10E4, 0x10E4, 0x10E4, 0x10C4, 0x10E4, 0x10E4, 0x10C3,
  0x08A3, 0x10E4, 0x1904, 0x10E4, 0x10E4, 0x10C3, 0x10C4, 0x0882, 0x0882, 0x0882, 0x10A3, 0x10A3,
  0x10A3, 0x10E4, 0x10C4, 0x10C4, 0x10A3, 0x10C3, 0x08A3, 0x0882, 0x0882, 0x0882, 0x0882, 0x08A3,
  0x08C3, 0x10C4, 0x1104, 0x1904, 0x10E4, 0x1104, 0x1104, 0x10E3, 0x10E3, 0x10C3, 0x10C3, 0x10C3,
  0x10C3, 0x10C3, 0x08C3, 0x08C3, 0x10E3, 0x10E3, 0x08C3, 0x08A2, 0x10C3, 0x10E3, 0x10E3, 0x10E4,
  0x10E3, 0x10C3, 0x10C3, 0x08C3, 0x08A2, 0x08A2, 0x08A3, 0x08A3, 0x08A3, 0x10C3, 0x08A2, 0x08A2,
  0x08A3, 0x0882, 0x0882, 0x08A3, 0x0882, 0x0882, 0x10A3, 0x0882, 0x0882, 0x0882, 0x0882, 0x0882,
  0x0882, 0x0882, 0x0882, 0x0882, 0x0882, 0x0882, 0x0882, 0x0882, 0x0882, 0x0882, 0x0882, 0x0882,
  0x0882, 0x0882, 0x0882, 0x0882, 0x0882, 0x0882, 0x0882, 0x0882, 0x10A3, 0x0882, 0x0882, 0x10A3,
  0x08A3, 0x08A3, 0x10A3, 0x10A3, 0x0882, 0x0882, 0x0882, 0x0882, 0x0882, 0x0882, 0x0882, 0x0882,
  0x0882, 0x0882, 0x0882, 0x0882, 0x0882, 0x0882, 0x0882, 0x0882, 0x0882, 0x0882, 0x0882, 0x0882,
  0x0882, 0x0882, 0x0882, 0x0882, 0x0882, 0x0882, 0x0882, 0x0882, 0x0882, 0x0882, 0x0882, 0x0882,
  0x0882, 0x0882, 0x0882, 0x0882, 0x0882, 0x0882, 0x0882, 0x08A2, 0x0882, 0x0882, 0x08C3, 0x1104,
  0x1104, 0x08E3, 0x10E4, 0x1104, 0x10E3, 0x08A3, 0x10E3, 0x10E3, 0x10E3, 0x08C3, 0x08A3, 0x0882,
  0x0882, 0x0882, 0x0882, 0x0882, 0x0882, 0x08A2, 0x08A2, 0x08A3, 0x10E4, 0x10E4, 0x10C3, 0x10C3,
  0x1945, 0x1946, 0x1125, 0x1945, 0x1945, 0x1925, 0x10E4, 0x10E4, 0x10C4, 0x10E4, 0x10E4, 0x1104,
  0x1125, 0x1125, 0x1945, 0x1925, 0x1945, 0x1925, 0x1105, 0x1946, 0x1966, 0x1945, 0x1925, 0x1104,
  0x10E4, 0x10E4, 0x10E4, 0x08C4, 0x08C3, 0x10C4, 0x1104, 0x1905, 0x1104, 0x10E4, 0x1104, 0x1104,
  0x1905, 0x1105, 0x10C4, 0x08A3, 0x08C3, 0x10A3, 0x08A3, 0x10A3, 0x10A3, 0x10C4, 0x10A3, 0x08A3,
  0x10A3, 0x10C3, 0x10C3, 0x10C3, 0x10C3, 0x08A3, 0x08A3, 0x08A3, 0x08A3, 0x08A3, 0x08A3, 0x08A3,
  0x08A3, 0x0882, 0x1904, 0x08A3, 0x10E3, 0x10C3, 0x10C3, 0x10C3, 0x10C3, 0x10C3, 0x10E4, 0x08A2,
  0x10E3, 0x1904, 0x1904, 0x10C3, 0x10E4, 0x10C3, 0x10C3, 0x08A3, 0x08A3, 0x10C3, 0x10C3, 0x10A3,
  0x10A3, 0x18E4, 0x10A3, 0x10A4, 0x10A3, 0x10A3, 0x0882, 0x0882, 0x0862, 0x0882, 0x0862, 0x0883,
  0x08A3, 0x10E4, 0x1904, 0x1924, 0x10E3, 0x1104, 0x10E3, 0x10C3, 0x10E3, 0x10C3, 0x10C3, 0x10C3,
  0x10C3, 0x10C3, 0x08C3, 0x08A3, 0x10E4, 0x1104, 0x08C3, 0x08A3, 0x10C3, 0x10E3, 0x10E3, 0x10C3,
  0x10C3, 0x10C3, 0x10C3, 0x08A3, 0x08A2, 0x08A3, 0x08A3, 0x08A3, 0x08A3, 0x10C3, 0x08A3, 0x08A3,
  0x0882, 0x0882, 0x08A3, 0x10A3, 0x08A3, 0x08A3, 0x10A3, 0x0882, 0x0882, 0x0882, 0x0882, 0x0882,
  0x0882, 0x0882, 0x0882, 0x0882, 0x0882, 0x0882, 0x0882, 0x0882, 0x0882, 0x0882, 0x0882, 0x0882,
  0x0882, 0x0882, 0x0882, 0x0882, 0x0882, 0x0882, 0x0882, 0x08A3, 0x10A3, 0x0882, 0x0882, 0x10A3,
  0x0882, 0x08A3, 0x10A3, 0x10A3, 0x0882, 0x0882, 0x0882, 0x0882, 0x0882, 0x0882, 0x0882, 0x0882,
  0x0882, 0x0882, 0x0882, 0x0882, 0x0882, 0x0882, 0x0882, 0x0882, 0x0882, 0x0882, 0x0882, 0x0882,
  0x0882, 0x0882, 0x0882, 0x0882, 0x0882, 0x0882, 0x0882, 0x0882, 0x0882, 0x0882, 0x0882, 0x0882,
  0x0882, 0x0882, 0x0882, 0x0882, 0x0882, 0x0882, 0x0882, 0x0882, 0x0883, 0x08C3, 0x1904, 0x1104,
  0x10E4, 0x1104, 0x1925, 0x10E3, 0x08A3, 0x08A2, 0x1104, 0x10E4, 0x10C3, 0x10C3, 0x08A3, 0x0882,
  0x0882, 0x0882, 0x0882, 0x0882, 0x0882, 0x0882, 0x08A2, 0x10C3, 0x10E4, 0x10E4, 0x10E3, 0x10E4,
  0x1925, 0x1945, 0x1925, 0x1124, 0x1904, 0x1904, 0x10E4, 0x10E4, 0x10E4, 0x10E4, 0x10E4, 0x10E4,
  0x1125, 0x1125, 0x1945, 0x1945, 0x1925, 0x1945, 0x1946, 0x1946, 0x2166, 0x1966, 0x2166, 0x1905,
  0x1104, 0x1104, 0x1104, 0x10E4, 0x08C4, 0x08C4, 0x10E4, 0x1104, 0x10E4, 0x1104, 0x1104, 0x1105,
  0x1905, 0x1105, 0x10E4, 0x08C3, 0x10C4, 0x08A3, 0x08A3, 0x10A3, 0x10A3, 0x10C3, 0x08A3, 0x08A3,
  0x08A3, 0x08A3, 0x10C3, 0x10C3, 0x10C3, 0x10C3, 0x08A3, 0x08A3, 0x08A3, 0x10C3, 0x08A3, 0x08A3,
  0x08A3, 0x0882, 0x10E3, 0x10C3, 0x10C3, 0x08A3, 0x10C3, 0x10C3, 0x08A3, 0x08A3, 0x10C3, 0x0882,
  0x10E3, 0x1904, 0x10E4, 0x08A3, 0x10E4, 0x10C3, 0x10C3, 0x10C3, 0x10C3, 0x10C3, 0x10A3, 0x0882,
  0x08A3, 0x10C3, 0x0882, 0x10A3, 0x10A3, 0x0883, 0x0882, 0x0882, 0x0862, 0x0882, 0x0883, 0x08A3,
  0x08A3, 0x1104, 0x1104, 0x1104, 0x10E4, 0x10E3, 0x10E3, 0x10C3, 0x10C3, 0x10C3, 0x10C3, 0x10C3,
  0x10C3, 0x10C3, 0x10C3, 0x08A3, 0x10E3, 0x08A3, 0x08A2, 0x08C3, 0x10E3, 0x10E3, 0x10C3, 0x08A3,
  0x10C3, 0x10C3, 0x08A3, 0x08A3, 0x08A3, 0x10C3, 0x08A3, 0x08A3, 0x08A3, 0x10C3, 0x08A3, 0x08A3,
  0x08A3, 0x0882, 0x08A3, 0x10A3, 0x0882, 0x0882, 0x08A3, 0x10A3, 0x0882, 0x0882, 0x0882, 0x0882,
  0x0882, 0x0882, 0x0882, 0x0882, 0x0882, 0x0882, 0x0882, 0x0882, 0x0882, 0x0882, 0x0882, 0x0882,
  0x0882, 0x0882, 0x0882, 0x0882, 0x0882, 0x0882, 0x08A3, 0x08A3, 0x0882, 0x08A3, 0x10A3, 0x10A3,
  0x0882, 0x0882, 0x0882, 0x0882, 0x0882, 0x0882, 0x08A3, 0x0882, 0x0882, 0x0882, 0x0882, 0x0882,
  0x0882, 0x0882, 0x0882, 0x0882, 0x0882, 0x0882, 0x0882, 0x0882, 0x0882, 0x0882, 0x0882, 0x0882,
  0x0882, 0x0882, 0x0882, 0x0882, 0x0882, 0x0882, 0x0882, 0x0882, 0x0882, 0x0882, 0x0882, 0x0882,
  0x0882, 0x0882, 0x0882, 0x0882, 0x0882, 0x0882, 0x0882, 0x0882, 0x08A3, 0x1104, 0x1945, 0x1945,
  0x1104, 0x1104, 0x08E3, 0x10C3, 0x08C3, 0x08C3, 0x10E3, 0x10E3, 0x10E3, 0x10C3, 0x08A3, 0x08A3,
  0x08A3, 0x08A3, 0x0882, 0x0882, 0x0882, 0x0882, 0x08A3, 0x10C3, 0x10E4, 0x1904, 0x1904, 0x10E3,
  0x1925, 0x1945, 0x1104, 0x10E4, 0x1104, 0x1124, 0x1104, 0x1104, 0x1104, 0x1125, 0x1124, 0x1925,
  0x1945, 0x1945, 0x2166, 0x1966, 0x1946, 0x1946, 0x1946, 0x1925, 0x1925, 0x1125, 0x2166, 0x2166,
  0x1925, 0x1105, 0x1105, 0x1104, 0x10E4, 0x10E4, 0x10E4, 0x1104, 0x1905, 0x1104, 0x1104, 0x1905,
  0x1905, 0x1104, 0x10E5, 0x10C4, 0x10C4, 0x10A3, 0x08A3, 0x08A3, 0x08A3, 0x10C3, 0x08A3, 0x08A3,
  0x10C3, 0x08A3, 0x08A2, 0x08A3, 0x10C3, 0x10C3, 0x08A3, 0x08A3, 0x08A3, 0x08A3, 0x08A3, 0x08A3,
  0x0882, 0x0882, 0x08A3, 0x08A3, 0x08A3, 0x10C3, 0x0882, 0x08A3, 0x08A3, 0x08A3, 0x08A3, 0x10C3,
  0x10E4, 0x10E4, 0x10C3, 0x0882, 0x10C3, 0x08A3, 0x10A3, 0x10C3, 0x10A3, 0x0882, 0x0882, 0x0882,
  0x0882, 0x0882, 0x0882, 0x10C3, 0x08A3, 0x0862, 0x0882, 0x0882, 0x0882, 0x08A3, 0x08A3, 0x10C3,
  0x08C3, 0x10E4, 0x10E3, 0x10C3, 0x10E4, 0x10E4, 0x10E3, 0x10C3, 0x08A3, 0x10E3, 0x10C3, 0x10C3,
  0x10C3, 0x10C3, 0x08A3, 0x10E3, 0x08A3, 0x08A2, 0x08A3, 0x10C3, 0x10E3, 0x10C3, 0x08A3, 0x10C3,
  0x08A3, 0x08A3, 0x10C3, 0x10C3, 0x08A3, 0x08A3, 0x08A3, 0x08A3, 0x08A2, 0x10C3, 0x10C3, 0x0882,
  0x10A3, 0x10A3, 0x0882, 0x0882, 0x0882, 0x08A3, 0x10A3, 0x0882, 0x0882, 0x0882, 0x0882, 0x0882,
  0x0882, 0x0882, 0x0882, 0x0882, 0x0882, 0x0882, 0x0882, 0x0882, 0x0882, 0x0882, 0x0882, 0x0882,
  0x0882, 0x0882, 0x0882, 0x0882, 0x0882, 0x0882, 0x0882, 0x0882, 0x0862, 0x08A3, 0x08A3, 0x0882,
  0x10A3, 0x08A3, 0x0882, 0x0882, 0x0882, 0x08A3, 0x08A3, 0x10A3, 0x08A3, 0x0882, 0x0882, 0x0882,
  0x0882, 0x0882, 0x0882, 0x0882, 0x0882, 0x0882, 0x0882, 0x0882, 0x0882, 0x0882, 0x0882, 0x0882,
  0x0882, 0x0882, 0x0882, 0x0882, 0x0882, 0x0882, 0x0882, 0x0882, 0x0882, 0x0882, 0x0882, 0x0882,
  0x0882, 0x0882, 0x0882, 0x0882, 0x08A2, 0x08A2, 0x0882, 0x08A2, 0x1125, 0x1945, 0x1966, 0x1925,
  0x1104, 0x10E4, 0x10E4, 0x10E4, 0x08C3, 0x08A3, 0x08C3, 0x10C3, 0x10E3, 0x10E3, 0x10E3, 0x08C3,
  0x08C3, 0x08C3, 0x08A3, 0x10A3, 0x10A3, 0x08A3, 0x10C3, 0x10E4, 0x1925, 0x1945, 0x1104, 0x10E3,
  0x1925, 0x1946, 0x1125, 0x1104, 0x1104, 0x1104, 0x1125, 0x1925, 0x1925, 0x1925, 0x1925, 0x1925,
  0x1945, 0x1965, 0x2166, 0x2166, 0x2166, 0x2186, 0x2166, 0x1125, 0x1925, 0x1925, 0x1925, 0x2166,
  0x1925, 0x1105, 0x1104, 0x1104, 0x1104, 0x10E4, 0x10E4, 0x10E4, 0x10E4, 0x10E4, 0x10E4, 0x1104,
  0x1104, 0x10E4, 0x10C4, 0x10C4, 0x10C4, 0x10A3, 0x08A3, 0x08A3, 0x08A3, 0x08A3, 0x08A3, 0x08A3,
  0x08A3, 0x10C3, 0x08A3, 0x08A3, 0x08A3, 0x08A3, 0x10C3, 0x08A3, 0x08A3, 0x0882, 0x08A3, 0x08A3,
  0x0882, 0x0882, 0x08A3, 0x10A3, 0x08A3, 0x10A3, 0x10A3, 0x08A3, 0x08A3, 0x08A2, 0x10C3, 0x10E4,
  0x10E4, 0x10E3, 0x10C3, 0x0882, 0x10A3, 0x0882, 0x10A3, 0x10A3, 0x0882, 0x08A3, 0x0882, 0x0882,
  0x0882, 0x0862, 0x10A3, 0x10C3, 0x0882, 0x0882, 0x0882, 0x0882, 0x0062, 0x10C3, 0x10E3, 0x10E3,
  0x10C3, 0x08C3, 0x10E4, 0x10E4, 0x1104, 0x10E4, 0x10E3, 0x10C3, 0x08A3, 0x10C3, 0x10C3, 0x08A3,
  0x08A3, 0x10C3, 0x10C3, 0x10C3, 0x08A2, 0x08A2, 0x10C3, 0x10C3, 0x10C3, 0x10C3, 0x10C3, 0x10C3,
  0x08A3, 0x08A2, 0x08A3, 0x08A3, 0x10C3, 0x10C3, 0x10C3, 0x08A3, 0x08A3, 0x10C3, 0x08A3, 0x0882,
  0x10A3, 0x10C3, 0x0882, 0x0882, 0x0882, 0x08A3, 0x08A3, 0x0882, 0x0882, 0x0882, 0x0882, 0x0882,
  0x0882, 0x0882, 0x0882, 0x0882, 0x0882, 0x0882, 0x0882, 0x0882, 0x0882, 0x0882, 0x0882, 0x0882,
  0x0882, 0x0882, 0x0882, 0x0882, 0x0882, 0x0882, 0x0882, 0x0882, 0x0882, 0x0882, 0x0882, 0x10A3,
  0x10A3, 0x0882, 0x0882, 0x08A3, 0x0882, 0x08A3, 0x0882, 0x08A3, 0x0882, 0x0882, 0x0882, 0x0882,
  0x0882, 0x0882, 0x0882, 0x0882, 0x0882, 0x0882, 0x0882, 0x0882, 0x0882, 0x0882, 0x0882, 0x0882,
  0x0882, 0x0882, 0x0882, 0x0882, 0x0882, 0x0882, 0x0882, 0x0882, 0x0882, 0x0882, 0x0882, 0x0882,
  0x0882, 0x0882, 0x0882, 0x0882, 0x0882, 0x0882, 0x08A2, 0x08A3, 0x1945, 0x1945, 0x1945, 0x1105,
  0x1104, 0x1105, 0x1104, 0x10E3, 0x08A3, 0x08A3, 0x10E3, 0x10E3, 0x10E4, 0x10E4, 0x10E4, 0x10C3,
  0x10C3, 0x10C3, 0x08A3, 0x08A3, 0x10A3, 0x08A3, 0x10E3, 0x1104, 0x1946, 0x1105, 0x10E4, 0x10C3,
  0x1904, 0x1945, 0x1945, 0x1945, 0x1925, 0x1124, 0x1125, 0x1925, 0x1925, 0x1925, 0x1945, 0x1925,
  0x1124, 0x1945, 0x1966, 0x2166, 0x1946, 0x2186, 0x2186, 0x1945, 0x1925, 0x1945, 0x1925, 0x1925,
  0x1945, 0x1905, 0x10E4, 0x1104, 0x1104, 0x1104, 0x1104, 0x10C4, 0x10E4, 0x10E4, 0x10E4, 0x10E4,
  0x10E4, 0x10E4, 0x10C4, 0x10C4, 0x10C4, 0x10A3, 0x08A3, 0x08A3, 0x08A3, 0x08A3, 0x08A3, 0x08A3,
  0x08A3, 0x10C3, 0x08A3, 0x08A3, 0x10C3, 0x10C3, 0x10C3, 0x08A2, 0x08A3, 0x0882, 0x0882, 0x0882,
  0x0882, 0x0882, 0x08A3, 0x10A3, 0x10A3, 0x0882, 0x10A3, 0x08A3, 0x08A3, 0x0882, 0x10C3, 0x10E4,
  0x08A3, 0x10E4, 0x10A3, 0x08A3, 0x10A3, 0x0882, 0x10A3, 0x0882, 0x0882, 0x10A3, 0x0882, 0x0882,
  0x0882, 0x10A3, 0x10C3, 0x0062, 0x10C3, 0x0882, 0x0882, 0x0882, 0x0062, 0x10C3, 0x10E4, 0x10C3,
  0x08C3, 0x08C3, 0x10E4, 0x1925, 0x10E4, 0x08A3, 0x08C3, 0x10E4, 0x10E3, 0x10C3, 0x10C3, 0x08A3,
  0x10C3, 0x10C3, 0x10C3, 0x08A3, 0x10C3, 0x10C3, 0x10C3, 0x10C3, 0x10C3, 0x10C3, 0x10C3, 0x10C3,
  0x10C3, 0x08A3, 0x08A3, 0x10C3, 0x10C3, 0x10E4, 0x10C3, 0x0882, 0x08A2, 0x08A3, 0x08A3, 0x08A3,
  0x10A3, 0x10A3, 0x0882, 0x0882, 0x0882, 0x0882, 0x0882, 0x0882, 0x0882, 0x0882, 0x0882, 0x0882,
  0x0882, 0x0882, 0x0882, 0x0882, 0x0882, 0x0882, 0x0882, 0x0882, 0x0882, 0x0882, 0x0882, 0x0882,
  0x0882, 0x0882, 0x0882, 0x0882, 0x0882, 0x0882, 0x0882, 0x0882, 0x0882, 0x08A3, 0x08A3, 0x10A3,
  0x0882, 0x0882, 0x0882, 0x10A3, 0x10A3, 0x10A3, 0x0882, 0x0862, 0x0882, 0x0882, 0x0882, 0x0882,
  0x0882, 0x0882, 0x0882, 0x0882, 0x0882, 0x0882, 0x0882, 0x0882, 0x0882, 0x0882, 0x0882, 0x0882,
  0x0882, 0x0882, 0x0882, 0x0882, 0x0882, 0x0882, 0x0882, 0x0882, 0x0882, 0x0882, 0x0882, 0x0882,
  0x0882, 0x0882, 0x0882, 0x0882, 0x0882, 0x0882, 0x08A2, 0x10C3, 0x1945, 0x1925, 0x1925, 0x1104,
  0x1104, 0x1125, 0x1104, 0x10E3, 0x08A3, 0x08A3, 0x10E3, 0x10E3, 0x10E4, 0x10E4, 0x10C3, 0x08C3,
  0x08C3, 0x08C3, 0x10C3, 0x10A3, 0x10A3, 0x08A3, 0x10E4, 0x1904, 0x1945, 0x1945, 0x1124, 0x10E4,
  0x1104, 0x1925, 0x1945, 0x1925, 0x1925, 0x1925, 0x1125, 0x1124, 0x1945, 0x1945, 0x1965, 0x1966,
  0x1945, 0x1945, 0x1965, 0x1945, 0x2166, 0x2186, 0x2166, 0x1945, 0x1945, 0x1945, 0x1925, 0x1105,
  0x1945, 0x1925, 0x1104, 0x1104, 0x1105, 0x1105, 0x1105, 0x10C4, 0x10E4, 0x10E4, 0x10E4, 0x10E4,
  0x10E4, 0x10E4, 0x10C4, 0x10E4, 0x10C4, 0x10A3, 0x08A3, 0x08A3, 0x08A3, 0x10C3, 0x10C3, 0x08A3,
  0x08A2, 0x08A3, 0x10C3, 0x10C3, 0x10C3, 0x10E3, 0x10E3, 0x08A3, 0x08A3, 0x08A3, 0x08A3, 0x08A3,
  0x0882, 0x0882, 0x08A3, 0x0882, 0x10A3, 0x0882, 0x08A3, 0x08A3, 0x08A3, 0x08A2, 0x0882, 0x1904,
  0x08A3, 0x10C3, 0x10A3, 0x10A3, 0x10A3, 0x10A3, 0x10A3, 0x0882, 0x0862, 0x10A3, 0x0882, 0x0882,
  0x0882, 0x10C3, 0x0882, 0x0862, 0x1904, 0x0882, 0x0882, 0x0882, 0x0882, 0x10C3, 0x10E4, 0x08C3,
  0x08C3, 0x08C3, 0x10E4, 0x1904, 0x1104, 0x10C3, 0x10E3, 0x10E3, 0x10E4, 0x10C3, 0x08A2, 0x10C3,
  0x10C3, 0x10E3, 0x10C3, 0x08A3, 0x10C3, 0x08A2, 0x10C3, 0x10C3, 0x10C3, 0x10C3, 0x10C3, 0x10C3,
  0x10C3, 0x08A3, 0x08A3, 0x10C3, 0x10E4, 0x10E3, 0x10C3, 0x08A3, 0x0882, 0x08A2, 0x08A2, 0x08A3,
  0x10A3, 0x0882, 0x0862, 0x0882, 0x0882, 0x0882, 0x0882, 0x0882, 0x0882, 0x0882, 0x0882, 0x0882,
  0x0882, 0x0882, 0x0882, 0x0882, 0x0882, 0x0882, 0x0882, 0x0882, 0x0882, 0x0882, 0x0882, 0x0882,
  0x0882, 0x0882, 0x0882, 0x0882, 0x0882, 0x0882, 0x0882, 0x0882, 0x10A3, 0x10A3, 0x10A3, 0x08A3,
  0x0862, 0x0882, 0x0882, 0x08A3, 0x10A3, 0x10A3, 0x0882, 0x0882, 0x0882, 0x0882, 0x0882, 0x0882,
  0x0882, 0x0882, 0x0882, 0x0882, 0x0882, 0x0882, 0x0882, 0x0882, 0x0882, 0x0882, 0x0882, 0x0882,
  0x0882, 0x0882, 0x0882, 0x0882, 0x0882, 0x0882, 0x0882, 0x0882, 0x0882, 0x0882, 0x0882, 0x0882,
  0x0882, 0x0882, 0x0882, 0x0882, 0x0882, 0x0882, 0x08A3, 0x10E3, 0x1104, 0x1104, 0x1925, 0x1104,
  0x1104, 0x1925, 0x1104, 0x10E3, 0x08C3, 0x08C3, 0x10C3, 0x10E3, 0x10E4, 0x10E4, 0x10C3, 0x08C3,
  0x08C3, 0x10C3, 0x10C3, 0x10A3, 0x08A3, 0x10C3, 0x1104, 0x1925, 0x1946, 0x1105, 0x1104, 0x1104,
  0x1104, 0x1945, 0x1945, 0x1925, 0x1945, 0x1945, 0x1945, 0x1925, 0x1945, 0x1945, 0x2166, 0x1945,
  0x1965, 0x1965, 0x1966, 0x2166, 0x2166, 0x2187, 0x2186, 0x1945, 0x1925, 0x1925, 0x1946, 0x1925,
  0x1925, 0x1925, 0x1925, 0x1104, 0x10E4, 0x1104, 0x10E4, 0x1104, 0x10E4, 0x10E4, 0x10E4, 0x10E4,
  0x10E4, 0x10C4, 0x10C4, 0x10C4, 0x10C4, 0x10C4, 0x10C3, 0x08A3, 0x08A3, 0x10C3, 0x10E3, 0x10C3,
  0x10C3, 0x10C3, 0x08A3, 0x10C3, 0x10C3, 0x10C3, 0x10C3, 0x08A3, 0x08A3, 0x08A3, 0x08A3, 0x08A3,
  0x10A3, 0x08A3, 0x10C3, 0x08A3, 0x08A3, 0x08A3, 0x0882, 0x0882, 0x08A2, 0x08A2, 0x08A3, 0x10E4,
  0x08A3, 0x10C3, 0x08A3, 0x10A3, 0x10A3, 0x10A3, 0x08A3, 0x0882, 0x08A3, 0x10A3, 0x10A3, 0x08A3,
  0x10C3, 0x10A3, 0x0882, 0x0882, 0x10C3, 0x0882, 0x0882, 0x0882, 0x0882, 0x10C3, 0x08C3, 0x08A3,
  0x08A3, 0x10C3, 0x1104, 0x1104, 0x10E4, 0x10E3, 0x08C3, 0x10C3, 0x08A3, 0x10C3, 0x08A3, 0x10C3,
  0x08A3, 0x10E4, 0x10C3, 0x10C3, 0x10E4, 0x08A3, 0x08A2, 0x10C3, 0x10E4, 0x10C3, 0x10C3, 0x10C3,
  0x08A3, 0x10C3, 0x08A2, 0x10C3, 0x10C3, 0x08A3, 0x08A2, 0x08A2, 0x08A3, 0x08A3, 0x08A3, 0x10C3,
  0x10A3, 0x08A3, 0x08A3, 0x08A3, 0x0882, 0x0882, 0x0882, 0x0882, 0x0882, 0x0882, 0x0882, 0x0882,
  0x0882, 0x0882, 0x0882, 0x0882, 0x0882, 0x0882, 0x0882, 0x0882, 0x0882, 0x0882, 0x0882, 0x0882,
  0x0882, 0x0882, 0x0882, 0x0882, 0x0882, 0x0882, 0x10A3, 0x10A3, 0x0882, 0x10C3, 0x10A3, 0x0882,
  0x0882, 0x0882, 0x0882, 0x08A3, 0x08A3, 0x0882, 0x0882, 0x0882, 0x0882, 0x0882, 0x0882, 0x0882,
  0x0882, 0x0882, 0x0882, 0x0882, 0x0882, 0x0882, 0x0882, 0x0882, 0x0882, 0x0882, 0x0882, 0x0882,
  0x0882, 0x0882, 0x0882, 0x0882, 0x0882, 0x0882, 0x0882, 0x0882, 0x0882, 0x0882, 0x0882, 0x0882,
  0x0882, 0x0882, 0x0882, 0x0882, 0x0882, 0x08A2, 0x08A3, 0x10C3, 0x1904, 0x1925, 0x1104, 0x10E4,
  0x1104, 0x1104, 0x1104, 0x10C3, 0x08C3, 0x08C3, 0x10C3, 0x10E3, 0x08C3, 0x10E3, 0x10E3, 0x10E3,
  0x10E3, 0x10E3, 0x10C3, 0x0882, 0x10A3, 0x10C3, 0x10E4, 0x1925, 0x1105, 0x1105, 0x1104, 0x1904,
  0x1924, 0x1945, 0x1965, 0x1925, 0x1945, 0x1965, 0x1965, 0x1945, 0x1945, 0x1965, 0x1966, 0x1945,
  0x1945, 0x1945, 0x1945, 0x2166, 0x2187, 0x21A7, 0x2187, 0x1966, 0x1925, 0x1104, 0x1945, 0x1925,
  0x1105, 0x1925, 0x1925, 0x1105, 0x10E4, 0x1104, 0x1104, 0x1925, 0x1905, 0x1104, 0x1905, 0x10E4,
  0x10E4, 0x10C4, 0x10C4, 0x10C4, 0x10C4, 0x10C3, 0x10C3, 0x10C3, 0x08A2, 0x08A3, 0x10E4, 0x10C3,
  0x10C3, 0x10C3, 0x08A3, 0x08A3, 0x10C3, 0x08A3, 0x08A2, 0x08A3, 0x0882, 0x0882, 0x08A3, 0x08A3,
  0x10A3, 0x0882, 0x10A3, 0x08A3, 0x0882, 0x0882, 0x08A3, 0x08A2, 0x08A3, 0x0882, 0x08A3, 0x10E3,
  0x08A3, 0x10C3, 0x0882, 0x10A3, 0x10A3, 0x10A3, 0x08A3, 0x10A3, 0x08A3, 0x0882, 0x08A3, 0x08A3,
  0x0882, 0x0882, 0x0882, 0x08A3, 0x10A3, 0x0882, 0x0882, 0x0882, 0x0882, 0x08A3, 0x08A2, 0x0882,
  0x08A3, 0x10E3, 0x10E4, 0x10C3, 0x10C3, 0x10C3, 0x10C3, 0x10C3, 0x08A3, 0x10C3, 0x10C3, 0x08A3,
  0x08A3, 0x10E3, 0x10C3, 0x10C3, 0x10E3, 0x0882, 0x08A2, 0x10C3, 0x10C3, 0x10C3, 0x10E4, 0x10E3,
  0x08A3, 0x0882, 0x08A3, 0x08A3, 0x08A3, 0x08A2, 0x08A2, 0x08A2, 0x08A3, 0x08A3, 0x10C3, 0x10C3,
  0x10C3, 0x10A3, 0x08A3, 0x08A3, 0x0882, 0x0882, 0x0882, 0x0882, 0x0882, 0x0882, 0x0882, 0x0882,
  0x0882, 0x0882, 0x0882, 0x0882, 0x0882, 0x0882, 0x0882, 0x0882, 0x0882, 0x0882, 0x0882, 0x0882,
  0x0882, 0x0882, 0x0882, 0x0882, 0x0882, 0x0882, 0x0882, 0x08A3, 0x10A3, 0x10A3, 0x0882, 0x0882,
  0x10A3, 0x0882, 0x0882, 0x0882, 0x0882, 0x0882, 0x0882, 0x0882, 0x0882, 0x0882, 0x0882, 0x0882,
  0x0882, 0x0882, 0x0882, 0x0882, 0x0882, 0x0882, 0x0882, 0x0882, 0x0882, 0x0882, 0x0882, 0x0882,
  0x0882, 0x0882, 0x0882, 0x0882, 0x0882, 0x0882, 0x0882, 0x0882, 0x0882, 0x0882, 0x0882, 0x0882,
  0x0882, 0x0882, 0x0882, 0x0882, 0x0882, 0x0882, 0x08A2, 0x10C3, 0x1904, 0x1104, 0x10E3, 0x10C3,
  0x10E4, 0x1104, 0x10E4, 0x08C3, 0x08C3, 0x08C3, 0x10E3, 0x10E3, 0x08C3, 0x08C3, 0x10E3, 0x10E4,
  0x1104, 0x1104, 0x10C3, 0x10A3, 0x10C3, 0x10C3, 0x10E4, 0x10E4, 0x1105, 0x1105, 0x1925, 0x1925,
  0x1104, 0x1924, 0x1945, 0x1945, 0x1945, 0x1945, 0x1945, 0x1925, 0x1925, 0x1945, 0x1965, 0x1945,
  0x1104, 0x1104, 0x1925, 0x2166, 0x1966, 0x2186, 0x21A7, 0x2186, 0x1925, 0x10E4, 0x1125, 0x1945,
  0x1105, 0x1104, 0x1905, 0x1105, 0x1104, 0x1104, 0x1925, 0x1925, 0x1925, 0x1905, 0x1905, 0x10E4,
  0x10E4, 0x10C4, 0x10C4, 0x10C3, 0x10C4, 0x10C3, 0x10C3, 0x10C3, 0x08A3, 0x08A3, 0x10C3, 0x10C3,
  0x10C3, 0x10C3, 0x08A3, 0x08A3, 0x08A3, 0x08A3, 0x08A2, 0x0882, 0x08A3, 0x08A3, 0x08A3, 0x08A3,
  0x08A3, 0x0882, 0x08A3, 0x0882, 0x10A3, 0x0882, 0x08A3, 0x0882, 0x08A2, 0x08A2, 0x08A2, 0x10C3,
  0x08A3, 0x08A3, 0x0882, 0x10A3, 0x10A3, 0x08A3, 0x0882, 0x0882, 0x0882, 0x08A3, 0x10A3, 0x10A3,
  0x0882, 0x0882, 0x08A3, 0x10A3, 0x0882, 0x0882, 0x0882, 0x0882, 0x0882, 0x08A2, 0x0082, 0x08A2,
  0x08A3, 0x10E3, 0x10C3, 0x08A3, 0x08A3, 0x10C3, 0x10C3, 0x10C3, 0x08A3, 0x10C3, 0x10E3, 0x10C3,
  0x10C3, 0x10C3, 0x10C3, 0x08A3, 0x08A3, 0x08A2, 0x08A3, 0x10C3, 0x08A3, 0x10E3, 0x10E3, 0x10C3,
  0x0882, 0x0882, 0x08A3, 0x08A3, 0x08A3, 0x10C3, 0x08A3, 0x0882, 0x08A3, 0x08A3, 0x10C3, 0x10C3,
  0x10C3, 0x08A3, 0x0882, 0x0882, 0x0882, 0x0882, 0x0882, 0x0882, 0x0882, 0x0882, 0x0882, 0x0882,
  0x0882, 0x0882, 0x0882, 0x0882, 0x0882, 0x0882, 0x0882, 0x0882, 0x0882, 0x0882, 0x0882, 0x0882,
  0x0882, 0x0882, 0x0882, 0x0882, 0x0882, 0x0882, 0x0882, 0x08A3, 0x10A3, 0x08A3, 0x0882, 0x08A3,
  0x10A3, 0x0882, 0x0882, 0x0882, 0x0882, 0x0882, 0x0882, 0x0882, 0x0882, 0x0882, 0x0882, 0x0882,
  0x0882, 0x0882, 0x0882, 0x0882, 0x0882, 0x0882, 0x0882, 0x0882, 0x0882, 0x0882, 0x0882, 0x0882,
  0x0882, 0x0882, 0x0882, 0x0882, 0x0882, 0x0882, 0x0882, 0x0882, 0x0882, 0x0882, 0x0882, 0x0882,
  0x0882, 0x0882, 0x0882, 0x0882, 0x0882, 0x0882, 0x08A3, 0x10E4, 0x1104, 0x10E3, 0x10C3, 0x10E3,
  0x10E3, 0x10E4, 0x10E3, 0x08C3, 0x10C3, 0x10E3, 0x10E3, 0x10E3, 0x08C3, 0x08C3, 0x10E3, 0x1104,
  0x1104, 0x10E4, 0x08A3, 0x10A3, 0x10A3, 0x10A3, 0x10E4, 0x10C4, 0x1925, 0x1966, 0x1946, 0x10E4,
  0x1905, 0x1925, 0x1925, 0x10E4, 0x1105, 0x1925, 0x1945, 0x1925, 0x1945, 0x1925, 0x1925, 0x1104,
  0x10E4, 0x1104, 0x10E4, 0x1105, 0x1925, 0x2166, 0x2166, 0x1946, 0x1945, 0x1925, 0x1925, 0x1945,
  0x2146, 0x1104, 0x10E4, 0x10E4, 0x10C4, 0x10E4, 0x1925, 0x1946, 0x1905, 0x1105, 0x1905, 0x10E5,
  0x10E4, 0x10C4, 0x10C4, 0x10C3, 0x10C3, 0x10C3, 0x08A3, 0x08A3, 0x10A3, 0x10C3, 0x10C3, 0x10C3,
  0x08A3, 0x08A3, 0x08A3, 0x08A3, 0x08A3, 0x08A3, 0x08A3, 0x08A3, 0x0882, 0x08A3, 0x08A3, 0x10C3,
  0x0882, 0x0882, 0x0862, 0x0862, 0x0882, 0x0882, 0x0882, 0x0882, 0x0882, 0x10A3, 0x10A3, 0x10A3,
  0x10A3, 0x0882, 0x10A3, 0x10A3, 0x10C3, 0x0882, 0x0882, 0x0882, 0x08A2, 0x10E3, 0x10C3, 0x08A3,
  0x08A3, 0x0882, 0x08A3, 0x10C3, 0x08A3, 0x0883, 0x0062, 0x0882, 0x0882, 0x0062, 0x08A3, 0x0883,
  0x10C3, 0x10C3, 0x10C3, 0x10C3, 0x10C3, 0x10E4, 0x10C3, 0x08A3, 0x10C3, 0x1904, 0x10E4, 0x1904,
  0x10E3, 0x10C3, 0x08A2, 0x0882, 0x08A2, 0x08A3, 0x08A3, 0x08A3, 0x10C3, 0x0882, 0x0882, 0x0882,
  0x0882, 0x0882, 0x0882, 0x10A3, 0x10A3, 0x10A3, 0x0882, 0x10A3, 0x10A3, 0x10A3, 0x0882, 0x0882,
  0x0882, 0x0882, 0x0882, 0x0882, 0x0882, 0x0882, 0x0882, 0x0882, 0x0882, 0x0882, 0x0882, 0x0882,
  0x0882, 0x0882, 0x0882, 0x0862, 0x0882, 0x0882, 0x10A3, 0x0882, 0x0882, 0x0882, 0x0882, 0x0882,
  0x0882, 0x0862, 0x0862, 0x0883, 0x1083, 0x08A3, 0x10A3, 0x10A3, 0x08A3, 0x10A3, 0x10A3, 0x10A3,
  0x0883, 0x0882, 0x0883, 0x0883, 0x0883, 0x0882, 0x0882, 0x0882, 0x0882, 0x0882, 0x0882, 0x0882,
  0x0882, 0x0882, 0x0882, 0x0882, 0x08A2, 0x0882, 0x0882, 0x0862, 0x08A2, 0x0882, 0x0882, 0x0882,
  0x0882, 0x0882, 0x0882, 0x0882, 0x0882, 0x0882, 0x0882, 0x0882, 0x0882, 0x0882, 0x0882, 0x0882,
  0x0882, 0x0882, 0x0882, 0x0882, 0x0882, 0x08A2, 0x10E3, 0x1924, 0x10E4, 0x10E4, 0x10E3, 0x10E3,
  0x10E3, 0x10C3, 0x10C3, 0x10C3, 0x10E4, 0x10E4, 0x08C3, 0x08A3, 0x08A3, 0x08C3, 0x10E3, 0x10E4,
  0x10E3, 0x10C3, 0x08A2, 0x0882, 0x08A3, 0x08C3, 0x10E4, 0x1104, 0x1966, 0x1945, 0x1104, 0x10C3,
  0x10E4, 0x1945, 0x1946, 0x10E4, 0x10E5, 0x1945, 0x2166, 0x2166, 0x1945, 0x1924, 0x1924, 0x1925,
  0x10C4, 0x10E4, 0x10E4, 0x10E4, 0x1104, 0x1945, 0x1945, 0x1925, 0x1925, 0x1905, 0x1925, 0x1925,
  0x2146, 0x1925, 0x10E4, 0x08C4, 0x08A4, 0x10E4, 0x1925, 0x2146, 0x1925, 0x10E4, 0x10E4, 0x10E4,
  0x10E4, 0x10C4, 0x08C3, 0x10C3, 0x10C3, 0x10A3, 0x08A3, 0x10A3, 0x10A3, 0x10C3, 0x10C3, 0x10C3,
  0x08A3, 0x08A3, 0x08A3, 0x08A3, 0x08A3, 0x08A3, 0x08A2, 0x08A3, 0x08A3, 0x08A3, 0x08A3, 0x08A3,
  0x0882, 0x0882, 0x0882, 0x0862, 0x0882, 0x0882, 0x0882, 0x0882, 0x0882, 0x08A3, 0x08A3, 0x10A3,
  0x08A3, 0x0882, 0x0882, 0x10A3, 0x10C3, 0x08A3, 0x0882, 0x08A2, 0x08A2, 0x10C3, 0x10C3, 0x10C3,
  0x08C3, 0x08A3, 0x08A3, 0x08A3, 0x0883, 0x10C3, 0x10A3, 0x0062, 0x0883, 0x0862, 0x0882, 0x0862,
  0x08A3, 0x08A3, 0x10C3, 0x10C3, 0x08A3, 0x08A3, 0x08A3, 0x10C3, 0x10E4, 0x10E3, 0x10E4, 0x1904,
  0x10E4, 0x10C3, 0x08A3, 0x08A3, 0x08A3, 0x08A3, 0x0882, 0x08A3, 0x08A3, 0x0882, 0x0882, 0x0882,
  0x0882, 0x0882, 0x0882, 0x10A3, 0x10C3, 0x10A3, 0x0882, 0x08A3, 0x0882, 0x0882, 0x0882, 0x0882,
  0x0882, 0x0882, 0x0882, 0x0882, 0x0882, 0x0882, 0x0882, 0x0882, 0x0882, 0x0882, 0x0882, 0x0882,
  0x0882, 0x0882, 0x0882, 0x0882, 0x0882, 0x10A3, 0x10A3, 0x0882, 0x0882, 0x0882, 0x0882, 0x0882,
  0x0882, 0x0883, 0x0883, 0x1083, 0x10A3, 0x10A3, 0x10A3, 0x10A3, 0x10C4, 0x10C4, 0x10A4, 0x10A3,
  0x10A3, 0x0883, 0x0883, 0x0883, 0x0882, 0x0882, 0x0883, 0x0882, 0x0882, 0x0882, 0x0882, 0x0882,
  0x0882, 0x0882, 0x0882, 0x0882, 0x08A2, 0x0882, 0x0882, 0x0882, 0x10A3, 0x0882, 0x0882, 0x0882,
  0x0882, 0x0882, 0x0882, 0x0882, 0x0882, 0x0882, 0x0882, 0x0882, 0x0882, 0x0882, 0x0882, 0x0882,
  0x0882, 0x0882, 0x0882, 0x0882, 0x08A2, 0x08A3, 0x10E3, 0x1924, 0x1104, 0x1104, 0x10E3, 0x08C3,
  0x08C3, 0x10C3, 0x10C3, 0x10C3, 0x10E4, 0x10E3, 0x10C3, 0x08C3, 0x08C3, 0x10E4, 0x1104, 0x1104,
  0x10E3, 0x08C3, 0x08A2, 0x08A2, 0x08A2, 0x08A2, 0x10E4, 0x1925, 0x1925, 0x1104, 0x10E4, 0x10C3,
  0x10E4, 0x1945, 0x1946, 0x1105, 0x1104, 0x1925, 0x2166, 0x2166, 0x1945, 0x1925, 0x1925, 0x2166,
  0x10E4, 0x1104, 0x10E4, 0x10C4, 0x10E4, 0x1925, 0x1925, 0x1925, 0x1925, 0x1104, 0x1925, 0x1925,
  0x1945, 0x1925, 0x10E5, 0x10E4, 0x10C4, 0x10E5, 0x1925, 0x1925, 0x1905, 0x1104, 0x10C4, 0x10C4,
  0x10E4, 0x10E4, 0x10C3, 0x10C3, 0x08C3, 0x08A3, 0x08A3, 0x10A3, 0x10A3, 0x08A3, 0x08A3, 0x08A3,
  0x08A3, 0x08A3, 0x08A3, 0x08A3, 0x08A3, 0x0882, 0x0882, 0x08A3, 0x08A3, 0x08A3, 0x0882, 0x0882,
  0x0882, 0x0862, 0x0862, 0x0882, 0x0882, 0x0882, 0x0882, 0x0882, 0x0882, 0x0882, 0x08A3, 0x0882,
  0x0882, 0x0882, 0x0882, 0x0882, 0x10C3, 0x10C3, 0x08A2, 0x08A3, 0x08A3, 0x10E3, 0x10E3, 0x10E4,
  0x10C3, 0x10C3, 0x10C3, 0x10E4, 0x10E4, 0x1904, 0x10E4, 0x08A3, 0x0062, 0x0862, 0x0882, 0x0882,
  0x08A3, 0x08A3, 0x08A3, 0x10C3, 0x0882, 0x08A2, 0x10C3, 0x08A3, 0x10E3, 0x1904, 0x10E3, 0x10E3,
  0x10E3, 0x08A3, 0x0882, 0x0882, 0x08A3, 0x08A3, 0x08A3, 0x10C3, 0x08A3, 0x0862, 0x0882, 0x0882,
  0x0882, 0x0882, 0x0882, 0x10A3, 0x10C3, 0x0882, 0x0882, 0x0882, 0x0882, 0x0882, 0x0882, 0x0882,
  0x0882, 0x0882, 0x0882, 0x0882, 0x0882, 0x0882, 0x0882, 0x0882, 0x0882, 0x0882, 0x0882, 0x0882,
  0x0882, 0x0882, 0x0882, 0x0882, 0x0882, 0x10A3, 0x08A3, 0x0882, 0x0882, 0x0882, 0x0882, 0x0882,
  0x0882, 0x0883, 0x0883, 0x0883, 0x10A3, 0x10A3, 0x10C4, 0x10C4, 0x10E4, 0x10C4, 0x10A3, 0x08A3,
  0x08A3, 0x0882, 0x0882, 0x0862, 0x0882, 0x0883, 0x0883, 0x0882, 0x0882, 0x0882, 0x0882, 0x0882,
  0x0882, 0x0882, 0x0882, 0x0882, 0x10A3, 0x08A3, 0x0862, 0x0882, 0x0882, 0x0882, 0x10A3, 0x10C3,
  0x10A3, 0x0882, 0x0882, 0x0882, 0x0882, 0x0882, 0x0882, 0x0882, 0x0882, 0x0882, 0x0882, 0x08A3,
  0x0882, 0x0882, 0x08A2, 0x08A3, 0x08A3, 0x10C3, 0x1104, 0x1925, 0x1124, 0x1104, 0x10E3, 0x08C3,
  0x08C3, 0x10C3, 0x10E3, 0x10E3, 0x10E3, 0x10C3, 0x08A3, 0x08C3, 0x08C3, 0x10E4, 0x1104, 0x1104,
  0x10E4, 0x08A3, 0x08A3, 0x08A3, 0x08A3, 0x08C3, 0x1104, 0x1104, 0x10C3, 0x08C3, 0x08C3, 0x10C3,
  0x10E4, 0x1104, 0x1925, 0x1105, 0x1104, 0x1925, 0x1945, 0x1945, 0x1924, 0x1904, 0x1945, 0x2166,
  0x1925, 0x1925, 0x1105, 0x10E4, 0x10E4, 0x1925, 0x1925, 0x1105, 0x1925, 0x1104, 0x1104, 0x1905,
  0x1925, 0x1946, 0x2166, 0x2187, 0x1926, 0x10C4, 0x1925, 0x1905, 0x1104, 0x10E4, 0x10E4, 0x10E4,
  0x10E4, 0x10E4, 0x1104, 0x10E4, 0x08C3, 0x10C3, 0x08A3, 0x08A3, 0x10A3, 0x08A3, 0x08A2, 0x08A2,
  0x08A3, 0x0882, 0x08A2, 0x08A3, 0x0882, 0x0882, 0x0882, 0x0882, 0x08A3, 0x08A2, 0x0882, 0x0882,
  0x0882, 0x0882, 0x08A3, 0x0882, 0x08A3, 0x0882, 0x08A3, 0x0882, 0x0882, 0x0882, 0x08A3, 0x0882,
  0x0882, 0x0882, 0x0882, 0x0882, 0x10C3, 0x10C3, 0x08A3, 0x08A3, 0x08C3, 0x1104, 0x1124, 0x1124,
  0x1104, 0x1104, 0x1104, 0x1925, 0x1925, 0x1904, 0x10E4, 0x10E4, 0x08A3, 0x10C3, 0x0883, 0x08A3,
  0x0882, 0x08A3, 0x0882, 0x0882, 0x0882, 0x10C3, 0x10C3, 0x10C3, 0x10E4, 0x1904, 0x10C3, 0x08A3,
  0x08A3, 0x08A3, 0x08A3, 0x0882, 0x10C3, 0x10E4, 0x10E3, 0x10C3, 0x08A3, 0x0882, 0x0882, 0x10A3,
  0x0882, 0x0882, 0x10A3, 0x10A3, 0x10A3, 0x0882, 0x0882, 0x0882, 0x0882, 0x0882, 0x0882, 0x0882,
  0x0882, 0x0882, 0x0882, 0x0882, 0x0882, 0x0882, 0x0882, 0x0882, 0x0882, 0x0882, 0x0882, 0x0882,
  0x0882, 0x0882, 0x0882, 0x0882, 0x08A3, 0x0882, 0x0882, 0x0882, 0x0882, 0x0882, 0x0882, 0x0882,
  0x0882, 0x0883, 0x0883, 0x0883, 0x10A3, 0x10C4, 0x10E4, 0x10E4, 0x10C4, 0x10A3, 0x08A3, 0x08A3,
  0x0883, 0x0882, 0x0882, 0x0882, 0x0883, 0x10C3, 0x0883, 0x0882, 0x0882, 0x0882, 0x0882, 0x0882,
  0x0882, 0x0882, 0x0882, 0x0882, 0x10C3, 0x10C3, 0x0882, 0x10A3, 0x08A3, 0x10A3, 0x10C3, 0x10A3,
  0x08A3, 0x08A3, 0x08A3, 0x08A3, 0x08A3, 0x0882, 0x0882, 0x0882, 0x0882, 0x08A3, 0x0882, 0x10A3,
  0x10A3, 0x10A3, 0x08A3, 0x08A2, 0x08C3, 0x10E4, 0x1924, 0x1925, 0x1925, 0x1124, 0x10E3, 0x08C3,
  0x08C3, 0x10C3, 0x10E3, 0x10C3, 0x10C3, 0x10C3, 0x08A3, 0x08C3, 0x10E4, 0x10E4, 0x1104, 0x10E4,
  0x08C3, 0x08A3, 0x08A3, 0x08A3, 0x08A3, 0x10C3, 0x10C4, 0x08C3, 0x08C3, 0x08C3, 0x10C3, 0x10C3,
  0x10E4, 0x10E4, 0x1104, 0x10E4, 0x1104, 0x1104, 0x1104, 0x1104, 0x1925, 0x1945, 0x2166, 0x2186,
  0x1945, 0x1925, 0x1925, 0x1905, 0x10E4, 0x1905, 0x1105, 0x1104, 0x1925, 0x1905, 0x1104, 0x1905,
  0x1925, 0x2166, 0x2987, 0x31E8, 0x3209, 0x2167, 0x1105, 0x1904, 0x1104, 0x10E4, 0x10E4, 0x10E4,
  0x10E4, 0x10E4, 0x1104, 0x10E4, 0x10C3, 0x10C3, 0x10A3, 0x10A3, 0x08A3, 0x10A3, 0x0883, 0x0883,
  0x0883, 0x0882, 0x0882, 0x0882, 0x0882, 0x0882, 0x08A3, 0x0062, 0x0882, 0x08A3, 0x08A3, 0x0882,
  0x0882, 0x0882, 0x0882, 0x10A3, 0x10A3, 0x10A3, 0x08A3, 0x08A3, 0x0882, 0x0882, 0x08A3, 0x0882,
  0x0882, 0x0882, 0x0882, 0x0882, 0x08A3, 0x10C3, 0x10E3, 0x08A2, 0x1104, 0x1945, 0x1104, 0x1104,
  0x1124, 0x1104, 0x1104, 0x1104, 0x1945, 0x10E4, 0x18E4, 0x10C4, 0x10A3, 0x10E4, 0x10C4, 0x10C4,
  0x10C3, 0x08A3, 0x08A3, 0x0882, 0x08A3, 0x10C3, 0x10C3, 0x10E4, 0x1904, 0x10C3, 0x08A3, 0x08A3,
  0x08A3, 0x08A3, 0x08A3, 0x0882, 0x10E4, 0x10E4, 0x10E4, 0x10C3, 0x08A3, 0x0882, 0x0882, 0x0882,
  0x0882, 0x10A3, 0x10C3, 0x10A3, 0x0882, 0x0882, 0x08A3, 0x0882, 0x0882, 0x0882, 0x0862, 0x0862,
  0x0882, 0x0882, 0x0862, 0x0862, 0x0882, 0x0882, 0x0882, 0x0882, 0x0882, 0x0882, 0x0882, 0x0882,
  0x0882, 0x0862, 0x0862, 0x0882, 0x0882, 0x0882, 0x0882, 0x0882, 0x0882, 0x0862, 0x0882, 0x0882,
  0x0882, 0x0883, 0x08A3, 0x10A4, 0x10C4, 0x10E4, 0x10E4, 0x10C4, 0x10C4, 0x08C3, 0x10C4, 0x08A3,
  0x0883, 0x0883, 0x0883, 0x0883, 0x10A3, 0x18E4, 0x0882, 0x0882, 0x0882, 0x08A3, 0x08A3, 0x0882,
  0x0882, 0x0882, 0x0882, 0x10A3, 0x10C4, 0x10C3, 0x10C3, 0x10A3, 0x08A3, 0x10A3, 0x10A3, 0x08A3,
  0x0883, 0x08A3, 0x0883, 0x0883, 0x0883, 0x0883, 0x08A3, 0x10A3, 0x08A3, 0x10A3, 0x10A3, 0x10A3,
  0x10A3, 0x10A3, 0x08A3, 0x08A3, 0x10C3, 0x10E4, 0x1905, 0x1925, 0x1925, 0x1104, 0x10E4, 0x08C3,
  0x10C3, 0x10C3, 0x10E3, 0x10C3, 0x10C4, 0x10C3, 0x08C3, 0x10C4, 0x10E4, 0x10E5, 0x1104, 0x10E4,
  0x08C3, 0x08A3, 0x08A3, 0x10C3, 0x10C3, 0x10C3, 0x08A3, 0x08A3, 0x08A3, 0x08C3, 0x10C3, 0x10C3,
  0x10C3, 0x10C4, 0x1104, 0x10C3, 0x10E4, 0x1104, 0x10E4, 0x10E3, 0x10E3, 0x1924, 0x2165, 0x2166,
  0x2166, 0x1925, 0x10E4, 0x10E4, 0x10E4, 0x10E4, 0x1104, 0x1105, 0x1105, 0x1905, 0x1105, 0x1104,
  0x1905, 0x1946, 0x2187, 0x29C8, 0x31E8, 0x2167, 0x1905, 0x1904, 0x10E4, 0x10E4, 0x10E4, 0x10E4,
  0x10E4, 0x10E4, 0x1104, 0x1904, 0x10E4, 0x10C4, 0x10C3, 0x10A3, 0x08A3, 0x08A3, 0x08A3, 0x0883,
  0x0883, 0x0883, 0x0883, 0x0882, 0x0882, 0x0882, 0x10C3, 0x10C3, 0x08A2, 0x0882, 0x08A3, 0x08A2,
  0x0882, 0x0882, 0x0882, 0x0882, 0x08A3, 0x10A3, 0x10A3, 0x10A3, 0x10A3, 0x08A3, 0x08A3, 0x0882,
  0x0882, 0x0882, 0x08A3, 0x10A3, 0x08A3, 0x08A3, 0x10E3, 0x08C3, 0x10E4, 0x1924, 0x1104, 0x10E4,
  0x10E4, 0x1104, 0x1104, 0x10E4, 0x1905, 0x18E4, 0x10C3, 0x10A3, 0x1905, 0x1904, 0x10C4, 0x10C4,
  0x08A3, 0x0882, 0x08A3, 0x0882, 0x08A3, 0x08A3, 0x10C3, 0x10C3, 0x10C3, 0x08A3, 0x10C3, 0x08A3,
  0x0882, 0x08A3, 0x08A3, 0x0882, 0x10C3, 0x10C3, 0x10E4, 0x10C3, 0x08A3, 0x0882, 0x0882, 0x0862,
  0x0882, 0x10C3, 0x08A3, 0x0882, 0x0862, 0x0882, 0x0882, 0x0882, 0x0882, 0x0882, 0x0882, 0x0862,
  0x0882, 0x0882, 0x0882, 0x0862, 0x0882, 0x0882, 0x0882, 0x0882, 0x0882, 0x0882, 0x0882, 0x0882,
  0x0882, 0x0862, 0x0882, 0x0882, 0x0882, 0x0882, 0x0882, 0x0882, 0x0882, 0x0882, 0x0882, 0x0882,
  0x0883, 0x0883, 0x08A3, 0x10C4, 0x10E4, 0x10E4, 0x10E4, 0x10C4, 0x10C4, 0x10C4, 0x10C4, 0x08C3,
  0x0882, 0x0882, 0x0882, 0x0882, 0x10C3, 0x10A3, 0x0862, 0x0882, 0x0882, 0x08A3, 0x0882, 0x0882,
  0x0882, 0x0882, 0x08A3, 0x10A3, 0x10C4, 0x10A3, 0x10C3, 0x10A3, 0x08A3, 0x10A3, 0x0882, 0x0883,
  0x08A3, 0x10A3, 0x10A3, 0x10A3, 0x10A3, 0x08A3, 0x10A3, 0x10A3, 0x10A3, 0x10A3, 0x10A3, 0x10A3,
  0x10A3, 0x10A3, 0x08A3, 0x08A3, 0x10C4, 0x10E4, 0x10E4, 0x1104, 0x1105, 0x08E4, 0x08C3, 0x08C3,
  0x10E4, 0x10E3, 0x10C3, 0x10C3, 0x10C3, 0x10C3, 0x10C4, 0x10C4, 0x10E4, 0x1105, 0x10E4, 0x10E4,
  0x08C3, 0x08A3, 0x08A3, 0x10C3, 0x10C3, 0x10C3, 0x08A3, 0x08A3, 0x08A3, 0x08A3, 0x08A3, 0x08A3,
  0x08C3, 0x10C4, 0x10E4, 0x10C3, 0x10E4, 0x1104, 0x10E4, 0x10E3, 0x08C3, 0x10E4, 0x1925, 0x1945,
  0x1945, 0x1945, 0x1104, 0x10C4, 0x1104, 0x10E4, 0x1104, 0x1925, 0x1925, 0x1925, 0x10E4, 0x1105,
  0x1105, 0x1905, 0x1925, 0x1946, 0x1926, 0x1905, 0x1105, 0x1104, 0x10E4, 0x10E3, 0x10E4, 0x10E4,
  0x10E4, 0x10E4, 0x10E4, 0x1104, 0x10E4, 0x10C4, 0x10C3, 0x10A3, 0x08A3, 0x08A3, 0x08A3, 0x08A3,
  0x08A3, 0x08A3, 0x0883, 0x0883, 0x0882, 0x0882, 0x08A2, 0x10E4, 0x08A3, 0x0882, 0x08A3, 0x08A3,
  0x0882, 0x0882, 0x0882, 0x0882, 0x0882, 0x10A3, 0x10A3, 0x10A3, 0x10A3, 0x10A3, 0x10A3, 0x0882,
  0x0882, 0x0882, 0x10A3, 0x10A3, 0x08A3, 0x08A3, 0x10C3, 0x10C3, 0x10E3, 0x10E3, 0x10E3, 0x1104,
  0x10E4, 0x10C4, 0x10E4, 0x10E4, 0x10E4, 0x1904, 0x08A3, 0x08A3, 0x10E4, 0x10C3, 0x08A3, 0x10C3,
  0x10C3, 0x0882, 0x10C3, 0x08A2, 0x08A3, 0x08A2, 0x10C3, 0x08A3, 0x0882, 0x08A3, 0x10E4, 0x10C3,
  0x0882, 0x08A3, 0x08A2, 0x0882, 0x08A3, 0x08A3, 0x10E3, 0x08A3, 0x08A3, 0x0882, 0x0862, 0x0862,
  0x0882, 0x0882, 0x0882, 0x0882, 0x0882, 0x0882, 0x0882, 0x0862, 0x0882, 0x0882, 0x0882, 0x0882,
  0x08A3, 0x0882, 0x0882, 0x0862, 0x0882, 0x0882, 0x0882, 0x0882, 0x0882, 0x0882, 0x0882, 0x0882,
  0x0882, 0x0882, 0x0882, 0x0882, 0x0882, 0x0882, 0x08A3, 0x0882, 0x0882, 0x0882, 0x0882, 0x0883,
  0x08A3, 0x10C4, 0x10C4, 0x10C4, 0x10E4, 0x10E4, 0x10E4, 0x10E4, 0x10E4, 0x10C4, 0x10E4, 0x10C4,
  0x10A3, 0x10A3, 0x10A3, 0x10A3, 0x10A3, 0x0882, 0x0882, 0x08A3, 0x10A3, 0x08A3, 0x0882, 0x0882,
  0x0882, 0x0882, 0x10A3, 0x10C4, 0x10C4, 0x10A3, 0x10A4, 0x10A3, 0x10A3, 0x10A3, 0x0883, 0x0883,
  0x0883, 0x10A3, 0x10A3, 0x10A3, 0x10A4, 0x10A4, 0x10C4, 0x10A4, 0x10A3, 0x10A4, 0x10A4, 0x10A3,
  0x10A3, 0x0883, 0x08A3, 0x08A3, 0x08A3, 0x08C3, 0x10E4, 0x1905, 0x1105, 0x08C4, 0x08C4, 0x08C3,
  0x10E4, 0x10C3, 0x08C3, 0x10C3, 0x10C3, 0x10C4, 0x10C4, 0x10C4, 0x10E4, 0x10E5, 0x10E4, 0x10C4,
  0x08C3, 0x08A3, 0x08A3, 0x10C4, 0x10C3, 0x10A3, 0x08A3, 0x0883, 0x08A3, 0x08A3, 0x10A3, 0x10A3,
  0x10C4, 0x10E4, 0x10E4, 0x10E4, 0x10E3, 0x10E4, 0x1104, 0x10E3, 0x10E3, 0x10C3, 0x10E4, 0x1104,
  0x1905, 0x1945, 0x1105, 0x10E4, 0x1104, 0x1104, 0x1905, 0x1925, 0x1945, 0x1945, 0x08C4, 0x1104,
  0x10E4, 0x10E4, 0x10E4, 0x10E4, 0x10E5, 0x10E4, 0x10E4, 0x10E4, 0x10E3, 0x10C3, 0x10E3, 0x10E3,
  0x10E3, 0x10E3, 0x10E4, 0x10E4, 0x10E4, 0x10C3, 0x10A3, 0x10A3, 0x10A3, 0x08A3, 0x10C4, 0x10A3,
  0x08A3, 0x08A3, 0x08A3, 0x0883, 0x0862, 0x0882, 0x0882, 0x10C3, 0x10C3, 0x08A3, 0x08A3, 0x08A3,
  0x0882, 0x0882, 0x0882, 0x0882, 0x0882, 0x0882, 0x08A3, 0x08A3, 0x08A3, 0x0882, 0x10A3, 0x0882,
  0x0882, 0x0882, 0x08A3, 0x08A3, 0x08A2, 0x08A3, 0x08C3, 0x08C3, 0x08C3, 0x08C3, 0x08A3, 0x10C3,
  0x10C3, 0x10A3, 0x10E4, 0x10E4, 0x10E4, 0x10E4, 0x10C3, 0x08A3, 0x10C3, 0x10A3, 0x08A3, 0x10C3,
  0x0882, 0x0882, 0x10C3, 0x0882, 0x08A3, 0x08A3, 0x08A3, 0x08A2, 0x08A3, 0x08A3, 0x10E3, 0x08A3,
  0x08A3, 0x08A3, 0x0882, 0x08A3, 0x08A3, 0x10C3, 0x10C3, 0x08A3, 0x08A3, 0x0882, 0x0862, 0x0862,
  0x0862, 0x0882, 0x0882, 0x0882, 0x0882, 0x0882, 0x0882, 0x0862, 0x0882, 0x0882, 0x0882, 0x0882,
  0x0882, 0x0882, 0x0882, 0x0862, 0x10C3, 0x0882, 0x0862, 0x0882, 0x0882, 0x0882, 0x0882, 0x0882,
  0x0882, 0x0882, 0x0882, 0x0862, 0x0862, 0x0882, 0x0882, 0x0882, 0x0882, 0x0882, 0x0882, 0x08A3,
  0x10C4, 0x10E4, 0x10E4, 0x10E4, 0x10E4, 0x10E4, 0x10E4, 0x10E4, 0x10E4, 0x10E4, 0x10E4, 0x10E4,
  0x10A3, 0x10A3, 0x10A3, 0x10A3, 0x0883, 0x0882, 0x10A3, 0x10A3, 0x10A3, 0x08A3, 0x0882, 0x0882,
  0x0882, 0x08A3, 0x10A3, 0x10C4, 0x10C4, 0x10C4, 0x0883, 0x10A3, 0x10A3, 0x10A3, 0x10A3, 0x10A3,
  0x10A3, 0x10A4, 0x10A4, 0x10C4, 0x10C4, 0x10C4, 0x10C4, 0x10C4, 0x10A4, 0x10C4, 0x10C4, 0x10A4,
  0x10A3, 0x10A3, 0x08A3, 0x08A3, 0x08A3, 0x08C3, 0x10C4, 0x10E4, 0x08C4, 0x08C3, 0x10C4, 0x10E4,
  0x10C4, 0x08A3, 0x08C3, 0x10C4, 0x10C4, 0x10C4, 0x10C4, 0x10C4, 0x10C4, 0x10E4, 0x10C4, 0x08C4,
  0x08C3, 0x08C3, 0x08C3, 0x10E4, 0x10C3, 0x0883, 0x0883, 0x0883, 0x08A3, 0x08A3, 0x08A3, 0x08A3,
  0x10C3, 0x10E3, 0x10E4, 0x10E4, 0x10E4, 0x10E4, 0x10E4, 0x10E4, 0x1904, 0x10C3, 0x08C3, 0x1104,
  0x1105, 0x1925, 0x1925, 0x1105, 0x1105, 0x1125, 0x1125, 0x1125, 0x1946, 0x1125, 0x08C4, 0x10C4,
  0x10C4, 0x10C4, 0x08C4, 0x08E4, 0x10E4, 0x1925, 0x10E4, 0x10E4, 0x10C4, 0x10A3, 0x10A3, 0x10C3,
  0x10C3, 0x10C3, 0x10C3, 0x10A3, 0x10A3, 0x10A4, 0x10A3, 0x0883, 0x10A4, 0x08A3, 0x10A3, 0x10C4,
  0x10C4, 0x10A3, 0x08A3, 0x08A3, 0x0883, 0x08A2, 0x08A2, 0x0882, 0x08A3, 0x08A3, 0x08A3, 0x08A3,
  0x0882, 0x0882, 0x0882, 0x08A3, 0x08A3, 0x10A3, 0x10A3, 0x10A3, 0x08A3, 0x0882, 0x08A3, 0x0882,
  0x0882, 0x0882, 0x0862, 0x0882, 0x0882, 0x10A3, 0x10A3, 0x10A3, 0x08A3, 0x10A3, 0x10A3, 0x0882,
  0x0882, 0x0882, 0x10C3, 0x10E4, 0x18E4, 0x10C3, 0x10E4, 0x10C3, 0x10A3, 0x10A3, 0x08A3, 0x10A3,
  0x08A2, 0x10C3, 0x08A2, 0x0882, 0x10C3, 0x10C3, 0x0882, 0x0882, 0x10C3, 0x1904, 0x10E3, 0x08A2,
  0x08A3, 0x08A3, 0x08A2, 0x08A3, 0x10C3, 0x10E3, 0x08A3, 0x08A3, 0x08A3, 0x0882, 0x0882, 0x0862,
  0x0882, 0x10A3, 0x10A3, 0x0882, 0x0882, 0x0882, 0x0862, 0x0882, 0x0882, 0x0882, 0x08A2, 0x0882,
  0x0862, 0x0862, 0x0882, 0x10C3, 0x10A3, 0x0062, 0x0882, 0x0882, 0x0882, 0x0882, 0x0882, 0x0882,
  0x0882, 0x0882, 0x0082, 0x0883, 0x08A3, 0x08A3, 0x0883, 0x0883, 0x08A3, 0x08A3, 0x08A3, 0x10E4,
  0x10E4, 0x10E4, 0x10E4, 0x10E4, 0x10E4, 0x10E4, 0x10E4, 0x10E4, 0x10E5, 0x1105, 0x10E5, 0x10E4,
  0x10C3, 0x10C3, 0x10A3, 0x10A3, 0x08A3, 0x0882, 0x10C3, 0x10A3, 0x08A3, 0x0882, 0x0882, 0x0882,
  0x08A2, 0x08C3, 0x10C3, 0x10C4, 0x10E4, 0x08C3, 0x08A3, 0x10C4, 0x08C3, 0x08A3, 0x10A3, 0x10C4,
  0x10C4, 0x10C4, 0x10E4, 0x10E4, 0x10E4, 0x10E4, 0x10E4, 0x10E4, 0x10E4, 0x10C4, 0x10E4, 0x10C4,
  0x10C4, 0x10C4, 0x10C4, 0x08C4, 0x0883, 0x10C4, 0x08C4, 0x08A3, 0x08A3, 0x10C3, 0x10E4, 0x10E4,
  0x08C3, 0x10C3, 0x10C3, 0x10E4, 0x10C3, 0x10C4, 0x08C4, 0x08C3, 0x10C4, 0x10C4, 0x10C4, 0x08C4,
  0x08A3, 0x10E4, 0x10E4, 0x08C4, 0x08A3, 0x08A3, 0x08A3, 0x08A3, 0x10C3, 0x08A3, 0x08C3, 0x08C3,
  0x10C3, 0x10E3, 0x10E4, 0x10E4, 0x10E4, 0x10E4, 0x10E4, 0x10E4, 0x10E4, 0x10E3, 0x08C3, 0x10E3,
  0x1104, 0x1104, 0x1925, 0x1925, 0x1125, 0x1104, 0x1104, 0x1125, 0x1925, 0x1105, 0x08C3, 0x08A3,
  0x10C4, 0x08C4, 0x08E4, 0x08C4, 0x10E4, 0x2146, 0x2146, 0x10A3, 0x18E4, 0x10C3, 0x10A3, 0x10A3,
  0x10C3, 0x10C4, 0x10C3, 0x10C3, 0x10C3, 0x10A3, 0x10A4, 0x10A4, 0x10A4, 0x08A3, 0x10A3, 0x10A3,
  0x10A3, 0x10A3, 0x08A3, 0x08A3, 0x08A3, 0x08A3, 0x08A3, 0x08A3, 0x08A3, 0x08A3, 0x08A3, 0x08A3,
  0x08A3, 0x08A3, 0x10A3, 0x10A3, 0x10A3, 0x08A3, 0x08A3, 0x10A3, 0x0882, 0x0882, 0x0882, 0x0882,
  0x0882, 0x0882, 0x0862, 0x0862, 0x0882, 0x08A3, 0x10A3, 0x10A3, 0x10A3, 0x0882, 0x0882, 0x0882,
  0x0862, 0x0862, 0x10A3, 0x10C3, 0x1904, 0x10A3, 0x18E4, 0x18E4, 0x10A3, 0x0882, 0x0882, 0x0882,
  0x08A3, 0x08A3, 0x08A2, 0x08A3, 0x10E3, 0x08A3, 0x0062, 0x08A2, 0x1904, 0x10E4, 0x0882, 0x08A2,
  0x08A2, 0x0882, 0x08A2, 0x08C3, 0x10E3, 0x10E3, 0x08A3, 0x0882, 0x0882, 0x0882, 0x0882, 0x0862,
  0x10A3, 0x10C3, 0x0882, 0x0882, 0x0882, 0x0882, 0x0862, 0x0882, 0x0882, 0x0882, 0x0882, 0x0862,
  0x0862, 0x0882, 0x10C3, 0x1904, 0x0862, 0x0862, 0x0882, 0x0882, 0x0882, 0x0882, 0x0882, 0x0882,
  0x0882, 0x08A3, 0x08A3, 0x10C4, 0x10C4, 0x10C4, 0x08A3, 0x08A3, 0x08A3, 0x08A3, 0x08C4, 0x1104,
  0x10E4, 0x1104, 0x1104, 0x1104, 0x1104, 0x1105, 0x1105, 0x1905, 0x1905, 0x1105, 0x10E4, 0x10C4,
  0x10C4, 0x10C3, 0x10C3, 0x10C3, 0x10A3, 0x08A3, 0x10A3, 0x0882, 0x0882, 0x0882, 0x0882, 0x0882,
  0x08A2, 0x08C3, 0x10C3, 0x10C4, 0x10E4, 0x10C4, 0x08C3, 0x10C4, 0x10C4, 0x10C4, 0x10C4, 0x10E4,
  0x10E4, 0x10E4, 0x10E4, 0x10E4, 0x10E4, 0x10E4, 0x10E4, 0x10E4, 0x10E4, 0x10E4, 0x10E4, 0x10C4,
  0x10C4, 0x10C4, 0x10C4, 0x10A3, 0x08A3, 0x10C4, 0x10A3, 0x08A3, 0x08C3, 0x1104, 0x1105, 0x1104,
  0x10C4, 0x10E4, 0x10E4, 0x10E4, 0x10E4, 0x10E4, 0x08C3, 0x08C3, 0x10C4, 0x10C4, 0x10E4, 0x10E4,
  0x10E4, 0x1905, 0x1104, 0x10E4, 0x08C4, 0x08C3, 0x08C3, 0x08C3, 0x08A2, 0x08A3, 0x08A3, 0x10C3,
  0x10C3, 0x10E3, 0x10E4, 0x10E4, 0x10E4, 0x10E4, 0x10E4, 0x10C3, 0x10E3, 0x10E3, 0x10E3, 0x08C3,
  0x10E4, 0x10E4, 0x1904, 0x1925, 0x1124, 0x1104, 0x1104, 0x1104, 0x1925, 0x1925, 0x08A3, 0x10C4,
  0x10E4, 0x10E4, 0x10E4, 0x10E4, 0x2125, 0x31A8, 0x4229, 0x18A4, 0x10A3, 0x10C3, 0x08C3, 0x08C3,
  0x10A3, 0x10A3, 0x10C3, 0x10C3, 0x10C3, 0x10C4, 0x10C4, 0x10C4, 0x10A4, 0x10A3, 0x08A3, 0x08A3,
  0x08A3, 0x08A3, 0x08A3, 0x08A3, 0x08A3, 0x08A3, 0x08A2, 0x08A3, 0x08A3, 0x10C3, 0x10C3, 0x08A3,
  0x10A3, 0x08A3, 0x08A3, 0x10A3, 0x10A3, 0x0882, 0x0882, 0x0882, 0x0882, 0x0882, 0x0882, 0x0882,
  0x0882, 0x0882, 0x0882, 0x0862, 0x0882, 0x0882, 0x0882, 0x08A3, 0x08A3, 0x0882, 0x0882, 0x0882,
  0x0862, 0x0862, 0x0882, 0x10A3, 0x10E4, 0x10A3, 0x10C3, 0x10E4, 0x0882, 0x0862, 0x0062, 0x0882,
  0x08A3, 0x08A3, 0x08A2, 0x10C3, 0x08A2, 0x0882, 0x08A2, 0x10C3, 0x1904, 0x10C3, 0x0882, 0x08A3,
  0x0882, 0x0882, 0x08A2, 0x10E3, 0x10E4, 0x08A3, 0x0882, 0x08A2, 0x0882, 0x0882, 0x0862, 0x0882,
  0x10A3, 0x08A3, 0x0882, 0x0882, 0x0882, 0x0882, 0x0862, 0x0882, 0x0882, 0x0882, 0x0862, 0x0862,
  0x0882, 0x10C3, 0x10C3, 0x0882, 0x0862, 0x0882, 0x0882, 0x0882, 0x0882, 0x0882, 0x0882, 0x08A3,
  0x10C4, 0x10E4, 0x10E4, 0x10E4, 0x10E4, 0x10E4, 0x10E4, 0x10E4, 0x10E4, 0x10E4, 0x10E4, 0x1104,
  0x10E4, 0x1104, 0x1104, 0x1104, 0x1104, 0x10E5, 0x1105, 0x1105, 0x10E5, 0x10C4, 0x10E4, 0x10E4,
  0x18E4, 0x10A3, 0x0883, 0x0883, 0x0883, 0x08A3, 0x0882, 0x0882, 0x0882, 0x0882, 0x0882, 0x0882,
  0x08A2, 0x10C3, 0x10C3, 0x10C4, 0x10C4, 0x10C3, 0x10C4, 0x10E4, 0x10C4, 0x10E4, 0x10E4, 0x18E4,
  0x18E4, 0x18E4, 0x18E4, 0x18E4, 0x18E4, 0x10E4, 0x10E4, 0x10E4, 0x10E4, 0x10E4, 0x10E4, 0x10E4,
  0x10C4, 0x10C4, 0x10C4, 0x10A3, 0x08A3, 0x08A3, 0x08A3, 0x08A3, 0x10E4, 0x1105, 0x1105, 0x10E4,
  0x08C4, 0x08E4, 0x10E4, 0x10E4, 0x10E4, 0x10E4, 0x10E4, 0x10E4, 0x10E4, 0x10C4, 0x10E4, 0x10E4,
  0x1104, 0x1105, 0x10E4, 0x1104, 0x1104, 0x10E4, 0x10C4, 0x08C3, 0x08A2, 0x08A2, 0x08A3, 0x10C3,
  0x10C3, 0x10E3, 0x10E4, 0x10E4, 0x10E4, 0x1104, 0x10E4, 0x10C3, 0x10E3, 0x10E3, 0x10E3, 0x08C3,
  0x10E3, 0x1104, 0x10E4, 0x1104, 0x1124, 0x1924, 0x1924, 0x1924, 0x1925, 0x1924, 0x10C3, 0x08A3,
  0x10C4, 0x29A7, 0x3209, 0x1926, 0x2126, 0x39A8, 0x41E9, 0x3126, 0x18A3, 0x08A3, 0x08E3, 0x08C3,
  0x10A3, 0x1083, 0x10C3, 0x10C3, 0x10C4, 0x10C4, 0x10C4, 0x10C4, 0x10C4, 0x10A3, 0x08A3, 0x08A3,
  0x08A3, 0x0883, 0x0883, 0x08A3, 0x08A3, 0x08A2, 0x0882, 0x08A3, 0x10C3, 0x10C3, 0x10C3, 0x10C3,
  0x10A3, 0x0882, 0x0882, 0x0882, 0x0882, 0x0882, 0x0882, 0x0882, 0x0882, 0x0882, 0x0882, 0x0882,
  0x0882, 0x0882, 0x0882, 0x0862, 0x0862, 0x0862, 0x0882, 0x0882, 0x0882, 0x08A3, 0x08A3, 0x0882,
  0x0862, 0x0862, 0x0882, 0x0882, 0x08A3, 0x10C3, 0x0882, 0x10A3, 0x0882, 0x0062, 0x0041, 0x0882,
  0x10C3, 0x08A3, 0x08A2, 0x08A3, 0x0062, 0x08A3, 0x10C3, 0x10C3, 0x10E4, 0x08A3, 0x08A2, 0x08A3,
  0x08A2, 0x0882, 0x08C3, 0x08C3, 0x08A3, 0x08A3, 0x08A3, 0x08A3, 0x0862, 0x0862, 0x0062, 0x0882,
  0x08A3, 0x0882, 0x08A3, 0x10C3, 0x0882, 0x0882, 0x0862, 0x0882, 0x0862, 0x0862, 0x0862, 0x0882,
  0x0882, 0x10A3, 0x0882, 0x0882, 0x0882, 0x0882, 0x0882, 0x0882, 0x0882, 0x0882, 0x0882, 0x10C4,
  0x1905, 0x1905, 0x10E5, 0x1105, 0x1905, 0x1905, 0x1905, 0x1105, 0x10E5, 0x10E4, 0x10E5, 0x10E4,
  0x10E4, 0x1105, 0x1105, 0x1105, 0x1105, 0x1105, 0x1905, 0x1105, 0x10E4, 0x10E4, 0x10E4, 0x10E5,
  0x10E4, 0x08A3, 0x0882, 0x0883, 0x08A3, 0x08A3, 0x0882, 0x0882, 0x0882, 0x0882, 0x08A2, 0x08A3,
  0x08A3, 0x10C3, 0x10C3, 0x10C4, 0x10C4, 0x10C4, 0x10E4, 0x10E4, 0x10C4, 0x10E4, 0x10E4, 0x10E4,
  0x18E4, 0x10E4, 0x10E4, 0x10E4, 0x1905, 0x10E4, 0x10E4, 0x10E4, 0x10E4, 0x10E4, 0x10E4, 0x10C4,
  0x10E5, 0x10E5, 0x10E4, 0x10E4, 0x10C4, 0x10E4, 0x10E5, 0x1905, 0x1946, 0x1966, 0x1126, 0x1105,
  0x1946, 0x2167, 0x1946, 0x1105, 0x1105, 0x1125, 0x1105, 0x10E4, 0x10E4, 0x10C4, 0x08E4, 0x10E4,
  0x1105, 0x10E4, 0x1105, 0x1925, 0x1946, 0x1905, 0x10E4, 0x08A3, 0x08A2, 0x08A2, 0x08A3, 0x10C4,
  0x10C3, 0x10C3, 0x10C4, 0x10C4, 0x10E4, 0x10E4, 0x08C3, 0x10E4, 0x10E4, 0x10E3, 0x1104, 0x10C3,
  0x10E3, 0x10E4, 0x1104, 0x10E4, 0x08E3, 0x1104, 0x1925, 0x1945, 0x1925, 0x1904, 0x10C3, 0x08A3,
  0x10C4, 0x29C8, 0x42AC, 0x21A8, 0x2126, 0x31A8, 0x4A09, 0x3987, 0x1083, 0x10C3, 0x08C3, 0x08C3,
  0x10A3, 0x10A3, 0x08C3, 0x10C3, 0x08C3, 0x10C4, 0x08A3, 0x10C4, 0x10C4, 0x08A3, 0x10C3, 0x10C3,
  0x10C3, 0x08A3, 0x08A3, 0x08A3, 0x08A2, 0x08A2, 0x08A2, 0x08A2, 0x08A3, 0x08A3, 0x10C3, 0x10C3,
  0x08A3, 0x0882, 0x0882, 0x0882, 0x0882, 0x0882, 0x0882, 0x0882, 0x0882, 0x0882, 0x0882, 0x0882,
  0x0882, 0x0882, 0x0882, 0x0882, 0x0882, 0x0862, 0x0862, 0x0882, 0x0882, 0x0882, 0x0882, 0x0882,
  0x0882, 0x0862, 0x0882, 0x0882, 0x0882, 0x10C3, 0x0882, 0x0862, 0x0882, 0x0882, 0x08A3, 0x08A3,
  0x10C3, 0x08A2, 0x10C3, 0x08A3, 0x08A3, 0x10C3, 0x10E4, 0x08A3, 0x10C3, 0x10E3, 0x08A3, 0x10C3,
  0x08A3, 0x10C3, 0x10E3, 0x08C3, 0x08C3, 0x08A3, 0x08A3, 0x0882, 0x0862, 0x0882, 0x0882, 0x0882,
  0x0882, 0x0882, 0x10A3, 0x10A3, 0x0882, 0x0882, 0x0862, 0x0862, 0x0882, 0x0862, 0x0862, 0x0862,
  0x0882, 0x0882, 0x0882, 0x0882, 0x0882, 0x0882, 0x0882, 0x0882, 0x0883, 0x08A3, 0x08A3, 0x10E4,
  0x1105, 0x1905, 0x1925, 0x1926, 0x1946, 0x1925, 0x1105, 0x10E4, 0x10E5, 0x1105, 0x10E4, 0x10E4,
  0x1105, 0x10E5, 0x10E5, 0x1105, 0x10E5, 0x1105, 0x1105, 0x1105, 0x10E5, 0x10E4, 0x1105, 0x1105,
  0x10C4, 0x0883, 0x08A3, 0x08A3, 0x0883, 0x0883, 0x08A3, 0x08A3, 0x08A2, 0x08A2, 0x08A3, 0x08C3,
  0x10E4, 0x10E4, 0x1104, 0x1104, 0x10E4, 0x10E4, 0x10E4, 0x10E4, 0x10E4, 0x10E4, 0x1905, 0x1925,
  0x1946, 0x1905, 0x1905, 0x1905, 0x1905, 0x1905, 0x1125, 0x1125, 0x1105, 0x1105, 0x1946, 0x1946,
  0x1946, 0x1947, 0x1967, 0x2167, 0x21A8, 0x29A8, 0x2187, 0x29E9, 0x29C9, 0x29C8, 0x1967, 0x1967,
  0x29C8, 0x21A8, 0x1967, 0x1946, 0x1946, 0x1946, 0x1946, 0x1905, 0x10E4, 0x08C3, 0x10E4, 0x1105,
  0x1105, 0x1125, 0x1946, 0x2166, 0x2166, 0x1925, 0x10E4, 0x08A3, 0x08A3, 0x08A3, 0x08C3, 0x10E4,
  0x10C3, 0x10C3, 0x10C3, 0x10C4, 0x10E4, 0x10E4, 0x10C3, 0x10E4, 0x1104, 0x1104, 0x10E4, 0x10E4,
  0x1925, 0x10E4, 0x08C4, 0x10E4, 0x08E4, 0x10E4, 0x1105, 0x1945, 0x1925, 0x1945, 0x08A4, 0x10C4,
  0x08A4, 0x21A8, 0x42AC, 0x322A, 0x1946, 0x2946, 0x41E9, 0x3146, 0x10A3, 0x10C4, 0x08C3, 0x10C3,
  0x10A3, 0x10A3, 0x10E3, 0x10C3, 0x10C3, 0x10E4, 0x10C4, 0x10C4, 0x10C4, 0x10C3, 0x10C3, 0x10C3,
  0x08A3, 0x08A3, 0x08A3, 0x08A3, 0x08A3, 0x08A3, 0x08A3, 0x08A3, 0x08A3, 0x08A3, 0x08A3, 0x10C3,
  0x0882, 0x0882, 0x0882, 0x0882, 0x0882, 0x0882, 0x0882, 0x0882, 0x0882, 0x0882, 0x0882, 0x0882,
  0x0882, 0x0882, 0x0862, 0x0862, 0x0862, 0x0862, 0x0862, 0x0882, 0x0882, 0x0882, 0x0882, 0x0882,
  0x0882, 0x0882, 0x0882, 0x0862, 0x0862, 0x10A3, 0x0862, 0x0882, 0x10C3, 0x10C3, 0x10C3, 0x10E4,
  0x08A3, 0x08A3, 0x10C3, 0x10C3, 0x10C3, 0x10E4, 0x10C3, 0x08A3, 0x10C3, 0x10C3, 0x10C3, 0x08A3,
  0x10C3, 0x10C3, 0x08C3, 0x08A2, 0x08A2, 0x08A2, 0x0882, 0x0062, 0x0862, 0x0862, 0x0862, 0x0882,
  0x0882, 0x08A3, 0x0882, 0x0882, 0x0882, 0x0882, 0x0882, 0x0862, 0x0882, 0x0862, 0x0862, 0x0862,
  0x0882, 0x0862, 0x0862, 0x0882, 0x0882, 0x0882, 0x0882, 0x08A3, 0x10C4, 0x08A3, 0x10E4, 0x10E5,
  0x1105, 0x1925, 0x1946, 0x1946, 0x1946, 0x1925, 0x1105, 0x1105, 0x1105, 0x1105, 0x10E4, 0x1105,
  0x1905, 0x1905, 0x1105, 0x1105, 0x1105, 0x10E4, 0x10E4, 0x10E4, 0x10C4, 0x10E4, 0x10E5, 0x10C4,
  0x08A3, 0x0883, 0x08A3, 0x08A3, 0x08A3, 0x08A3, 0x08A3, 0x0883, 0x08A2, 0x08A3, 0x08A3, 0x08C4,
  0x10E4, 0x10E5, 0x10E5, 0x10E4, 0x10E5, 0x1105, 0x1105, 0x1926, 0x1926, 0x1926, 0x2187, 0x29A8,
  0x2167, 0x2187, 0x2167, 0x2187, 0x2188, 0x2188, 0x2188, 0x21A8, 0x21A8, 0x29C9, 0x29C9, 0x29C9,
  0x29E9, 0x2A0A, 0x2A0A, 0x322A, 0x322A, 0x322A, 0x322A, 0x3A6B, 0x322A, 0x320A, 0x2A09, 0x2A09,
  0x320A, 0x21C9, 0x21A8, 0x1967, 0x1967, 0x21A7, 0x1946, 0x1905, 0x10E4, 0x10C4, 0x10E4, 0x10E5,
  0x1105, 0x1946, 0x2187, 0x21A7, 0x2166, 0x1905, 0x10E4, 0x10C4, 0x08C3, 0x10C3, 0x10E4, 0x1925,
  0x10C3, 0x10C3, 0x10C3, 0x10E4, 0x10E4, 0x10C3, 0x10E4, 0x1104, 0x1904, 0x1905, 0x1105, 0x29A7,
  0x1105, 0x29C8, 0x31C8, 0x2187, 0x2187, 0x1946, 0x1925, 0x1125, 0x1946, 0x08C4, 0x08A4, 0x0062,
  0x0883, 0x1126, 0x2A0A, 0x2A2A, 0x1946, 0x2167, 0x2987, 0x2145, 0x10A3, 0x10C3, 0x10C3, 0x10C3,
  0x08C3, 0x08A3, 0x10E3, 0x10E3, 0x10C4, 0x1104, 0x1905, 0x10C4, 0x10C4, 0x08A3, 0x10C3, 0x08A3,
  0x08A3, 0x08A3, 0x08A2, 0x08A2, 0x08A3, 0x08A3, 0x08A3, 0x08A3, 0x08A2, 0x08A3, 0x08A3, 0x08A3,
  0x0882, 0x0862, 0x0862, 0x0862, 0x0862, 0x0862, 0x0862, 0x0862, 0x0882, 0x0882, 0x0882, 0x0882,
  0x0882, 0x0882, 0x0882, 0x0862, 0x0862, 0x0862, 0x0862, 0x0882, 0x0882, 0x0882, 0x0882, 0x0882,
  0x0882, 0x0882, 0x0882, 0x0862, 0x0862, 0x0862, 0x0862, 0x10A3, 0x1904, 0x18E4, 0x18E4, 0x18E4,
  0x08A3, 0x10C3, 0x10C3, 0x08A3, 0x10E3, 0x10C3, 0x08A3, 0x08A3, 0x10C3, 0x10C3, 0x10C3, 0x08A3,
  0x10C3, 0x10C3, 0x0882, 0x0082, 0x0882, 0x0082, 0x0062, 0x0062, 0x0862, 0x0862, 0x0862, 0x0862,
  0x0882, 0x0882, 0x0862, 0x0882, 0x0862, 0x0882, 0x0882, 0x0862, 0x0882, 0x0862, 0x0862, 0x0862,
  0x0862, 0x0862, 0x0862, 0x0882, 0x0882, 0x0882, 0x08A3, 0x10C4, 0x10C4, 0x08C4, 0x1105, 0x1105,
  0x1105, 0x1925, 0x1946, 0x1946, 0x1925, 0x1925, 0x1105, 0x10E5, 0x10E4, 0x10E4, 0x1105, 0x1905,
  0x1905, 0x1105, 0x10E5, 0x10E4, 0x1105, 0x10E5, 0x10E4, 0x10E4, 0x10C4, 0x10C4, 0x08C4, 0x08A3,
  0x08A3, 0x0883, 0x0883, 0x0883, 0x08A3, 0x08A3, 0x10C4, 0x10E4, 0x10E4, 0x10E4, 0x1105, 0x1125,
  0x1946, 0x1947, 0x1947, 0x1967, 0x2187, 0x21A8, 0x29C8, 0x29C8, 0x29E9, 0x320A, 0x320A, 0x29C9,
  0x29C9, 0x322A, 0x322A, 0x320A, 0x320A, 0x322A, 0x322A, 0x322B, 0x324B, 0x322A, 0x322A, 0x324B,
  0x3A6C, 0x3A6C, 0x3A6C, 0x3A8C, 0x3A8D, 0x3A8C, 0x3A8C, 0x3A8C, 0x326B, 0x324A, 0x324B, 0x3A8B,
  0x324A, 0x2A09, 0x21C9, 0x21C8, 0x29E9, 0x29C8, 0x2167, 0x1925, 0x10E4, 0x10C4, 0x10E5, 0x1105,
  0x1946, 0x21A7, 0x21A7, 0x2167, 0x1966, 0x1905, 0x1105, 0x10E4, 0x10C3, 0x10E4, 0x1905, 0x1926,
  0x10E3, 0x10C3, 0x10C3, 0x18E4, 0x10A3, 0x10A3, 0x10E4, 0x18E4, 0x2125, 0x1105, 0x1946, 0x2167,
  0x10E5, 0x1927, 0x29C9, 0x29C9, 0x29C9, 0x3209, 0x3209, 0x322A, 0x3A4A, 0x3A4A, 0x320A, 0x3A2A,
  0x3A4A, 0x21A8, 0x21A8, 0x1987, 0x1946, 0x08E3, 0x10E4, 0x10E4, 0x10E4, 0x10E4, 0x10A3, 0x10A3,
  0x10C3, 0x10E4, 0x10E4, 0x08C3, 0x10C3, 0x10C4, 0x10E4, 0x10C4, 0x10E4, 0x0883, 0x08A2, 0x08A3,
  0x10C3, 0x08A3, 0x08A2, 0x08A2, 0x0882, 0x08A3, 0x10A3, 0x08A3, 0x0882, 0x0882, 0x0882, 0x0883,
  0x0883, 0x0863, 0x0862, 0x0862, 0x0862, 0x0062, 0x0062, 0x0882, 0x0882, 0x0882, 0x0882, 0x0882,
  0x0882, 0x0882, 0x0882, 0x0882, 0x0882, 0x0041, 0x0862, 0x0882, 0x10A2, 0x0882, 0x08A2, 0x08A2,
  0x08A2, 0x0882, 0x0882, 0x0882, 0x0861, 0x0062, 0x0062, 0x08A3, 0x08A3, 0x10E4, 0x10E4, 0x10E4,
  0x10E3, 0x10E3, 0x08A3, 0x10E3, 0x10E4, 0x08A3, 0x08A3, 0x10C3, 0x10C3, 0x10C3, 0x08A3, 0x08A3,
  0x08A3, 0x0882, 0x0882, 0x10A3, 0x0882, 0x0062, 0x0062, 0x0062, 0x0062, 0x0862, 0x0041, 0x0862,
  0x0882, 0x0882, 0x0862, 0x10A2, 0x0882, 0x08A3, 0x08A2, 0x0882, 0x0882, 0x0882, 0x0862, 0x0862,
  0x0862, 0x10A3, 0x10A3, 0x10C4, 0x10E4, 0x08A3, 0x10E4, 0x10E5, 0x08A5, 0x10E5, 0x1105, 0x1106,
  0x1126, 0x1126, 0x1946, 0x1946, 0x1126, 0x1126, 0x1126, 0x1947, 0x2188, 0x2167, 0x2167, 0x1947,
  0x1947, 0x2188, 0x2188, 0x2168, 0x2168, 0x1988, 0x21A9, 0x21A9, 0x21C9, 0x21C9, 0x21C9, 0x29C9,
  0x21C9, 0x21A8, 0x21C9, 0x29E9, 0x29C9, 0x29E9, 0x2A09, 0x2A0A, 0x2A2A, 0x322A, 0x324B, 0x324B,
  0x324B, 0x326C, 0x3A6C, 0x326C, 0x3A8C, 0x3A8C, 0x3A6C, 0x3A6C, 0x324B, 0x320A, 0x320A, 0x326B,
  0x3A8C, 0x3A8C, 0x3A8C, 0x3AAC, 0x328C, 0x3A8C, 0x3A6C, 0x3A6C, 0x3A6C, 0x3A6B, 0x326B, 0x3A6B,
  0x3A8B, 0x3A6B, 0x3A6B, 0x3A6B, 0x322A, 0x322A, 0x324A, 0x324B, 0x322A, 0x322A, 0x322A, 0x322A,
  0x2A09, 0x29E9, 0x21C9, 0x29E9, 0x21A8, 0x21A7, 0x1946, 0x1925, 0x1905, 0x1905, 0x1925, 0x1925,
  0x1925, 0x1925, 0x1925, 0x1925, 0x1105, 0x10E4, 0x10E4, 0x10E4, 0x10C3, 0x10E4, 0x10E4, 0x10E4,
  0x10C3, 0x10C3, 0x10C3, 0x10E4, 0x10E4, 0x10A3, 0x10C3, 0x10C3, 0x10C3, 0x10C3, 0x1925, 0x31E9,
  0x3A4B, 0x3A4B, 0x320A, 0x2188, 0x1126, 0x10E5, 0x10E5, 0x1126, 0x2187, 0x1967, 0x1105, 0x1105,
  0x1126, 0x2187, 0x324A, 0x2A09, 0x1925, 0x08C3, 0x08C3, 0x08C3, 0x08C3, 0x10C3, 0x08C3, 0x10C3,
  0x08A3, 0x08A3, 0x08C3, 0x10C3, 0x10E4, 0x08C3, 0x10C4, 0x08A3, 0x08A3, 0x08A3, 0x08A2, 0x0882,
  0x0882, 0x08A3, 0x08A2, 0x08A2, 0x10A3, 0x08A3, 0x08A3, 0x10A3, 0x0882, 0x0882, 0x0882, 0x0882,
  0x0883, 0x0882, 0x0882, 0x0883, 0x0882, 0x0882, 0x0882, 0x0882, 0x0882, 0x0882, 0x0882, 0x0882,
  0x0882, 0x0882, 0x0882, 0x0882, 0x0882, 0x0862, 0x0862, 0x0862, 0x0882, 0x08A2, 0x0882, 0x0882,
  0x0882, 0x0882, 0x0882, 0x0862, 0x0861, 0x0882, 0x0862, 0x0882, 0x10A3, 0x1104, 0x10E4, 0x10E4,
  0x10C3, 0x10E3, 0x10C3, 0x10E3, 0x10C3, 0x08A3, 0x08A3, 0x10A3, 0x10A3, 0x10A3, 0x0882, 0x0882,
  0x0882, 0x0882, 0x0882, 0x0882, 0x0882, 0x0882, 0x0882, 0x0882, 0x0882, 0x0862, 0x0862, 0x0883,
  0x08A3, 0x08A3, 0x0883, 0x0882, 0x08A3, 0x08C4, 0x1104, 0x08A3, 0x08C3, 0x08A3, 0x0882, 0x0883,
  0x10A4, 0x10C4, 0x10E5, 0x1925, 0x1926, 0x1946, 0x2187, 0x1947, 0x1927, 0x2167, 0x2188, 0x21A8,
  0x21A8, 0x29C9, 0x21C8, 0x29C9, 0x29E9, 0x2A09, 0x2A0A, 0x2A0A, 0x29EA, 0x29E9, 0x322A, 0x2A0A,
  0x324B, 0x324B, 0x322B, 0x2A0A, 0x322B, 0x326C, 0x3A6C, 0x3A8C, 0x3A8C, 0x3A6C, 0x3A6C, 0x3A8C,
  0x3A8C, 0x3A6C, 0x3A6B, 0x3A6B, 0x3A6B, 0x3A6B, 0x3A6B, 0x326B, 0x326B, 0x326B, 0x326C, 0x3A8C,
  0x3A6C, 0x3A8C, 0x3A8C, 0x3A8C, 0x3A8C, 0x3A6C, 0x3A6C, 0x3A4B, 0x322A, 0x2A0A, 0x322A, 0x324A,
  0x324A, 0x324B, 0x322A, 0x2A2A, 0x322B, 0x324B, 0x322A, 0x322A, 0x322A, 0x320A, 0x2A0A, 0x2A0A,
  0x29E9, 0x29E9, 0x29E9, 0x29C8, 0x29C9, 0x29C9, 0x29E9, 0x29C8, 0x29E9, 0x29C9, 0x29C8, 0x21A8,
  0x21A8, 0x21A8, 0x2187, 0x1967, 0x1947, 0x1946, 0x1905, 0x1105, 0x10E5, 0x1905, 0x1104, 0x1905,
  0x10E4, 0x10E4, 0x10C4, 0x08A3, 0x08A3, 0x08A3, 0x08A3, 0x08A3, 0x08A3, 0x08A3, 0x08A3, 0x08A3,
  0x08A3, 0x10C3, 0x10C3, 0x10A3, 0x10C4, 0x1904, 0x10C4, 0x10A3, 0x0862, 0x08A3, 0x10E4, 0x1105,
  0x1926, 0x1947, 0x29C8, 0x3A4A, 0x3A6A, 0x3A4A, 0x3209, 0x29E8, 0x29E8, 0x1966, 0x0063, 0x08A3,
  0x08A3, 0x08C4, 0x2187, 0x3209, 0x1104, 0x08C3, 0x08A3, 0x10C4, 0x10C4, 0x10E4, 0x10C4, 0x08C3,
  0x08A3, 0x10C4, 0x08C3, 0x10C4, 0x10E4, 0x08A4, 0x08C4, 0x10C4, 0x08A4, 0x08A3, 0x0882, 0x0882,
  0x08A3, 0x08A3, 0x0882, 0x0882, 0x10A3, 0x1083, 0x0882, 0x10A3, 0x0882, 0x0882, 0x0882, 0x0862,
  0x0882, 0x0882, 0x0882, 0x0882, 0x0862, 0x0862, 0x0862, 0x0882, 0x0882, 0x0882, 0x0882, 0x0882,
  0x0882, 0x0882, 0x0882, 0x0882, 0x0862, 0x0862, 0x0882, 0x0882, 0x0882, 0x0882, 0x0882, 0x0882,
  0x0862, 0x0882, 0x0882, 0x0882, 0x0862, 0x0861, 0x0861, 0x10A2, 0x2125, 0x10C3, 0x10A3, 0x10A3,
  0x10C3, 0x1924, 0x10E3, 0x10C3, 0x10C4, 0x10E4, 0x10E4, 0x10E4, 0x08A3, 0x08A3, 0x10C3, 0x10C3,
  0x0882, 0x0882, 0x0882, 0x0882, 0x0061, 0x0082, 0x0082, 0x08A2, 0x08A3, 0x08A4, 0x08C4, 0x08E5,
  0x08E5, 0x08C4, 0x1105, 0x1125, 0x1967, 0x1967, 0x1126, 0x2187, 0x2187, 0x2187, 0x2187, 0x21A8,
  0x29A9, 0x29C9, 0x31E9, 0x322A, 0x324A, 0x3A6B, 0x3AAC, 0x324B, 0x324B, 0x3A6C, 0x3A6B, 0x3A6B,
  0x3A6C, 0x3A8C, 0x428C, 0x3A8C, 0x3A8C, 0x3A6B, 0x326B, 0x322B, 0x322B, 0x3A8C, 0x326B, 0x3A6B,
  0x3A8C, 0x324B, 0x2A2A, 0x2A0A, 0x3A6C, 0x3A8C, 0x3A8D, 0x3A8C, 0x3A8C, 0x3A6C, 0x3A6B, 0x3A4B,
  0x324B, 0x324B, 0x322A, 0x320A, 0x322A, 0x322A, 0x2A0A, 0x2A0A, 0x2A0A, 0x320A, 0x322A, 0x322A,
  0x320A, 0x320A, 0x320A, 0x2A0A, 0x320A, 0x320A, 0x2A0A, 0x29E9, 0x29C8, 0x21A8, 0x29C8, 0x29E8,
  0x29C8, 0x29C8, 0x29C9, 0x21C9, 0x21C8, 0x21A8, 0x21A8, 0x2188, 0x2187, 0x2188, 0x2187, 0x2187,
  0x2187, 0x2167, 0x2167, 0x2167, 0x2167, 0x2167, 0x2167, 0x1946, 0x1946, 0x1926, 0x1926, 0x1926,
  0x1926, 0x1946, 0x1126, 0x1105, 0x1105, 0x1105, 0x10C4, 0x10C4, 0x18E5, 0x1905, 0x1905, 0x1905,
  0x10E4, 0x10C4, 0x08A3, 0x08A3, 0x08A3, 0x08A3, 0x08A3, 0x08A3, 0x08A3, 0x0882, 0x0882, 0x0882,
  0x08A3, 0x08A3, 0x10A3, 0x10C3, 0x2125, 0x2966, 0x18E4, 0x08A3, 0x0882, 0x0882, 0x10E4, 0x1925,
  0x10E4, 0x10C4, 0x08C4, 0x1104, 0x08E4, 0x1946, 0x2187, 0x29C7, 0x3A29, 0x4AAB, 0x29A7, 0x1105,
  0x1104, 0x10E4, 0x10E4, 0x2166, 0x10C3, 0x10C3, 0x10C3, 0x10C4, 0x10C4, 0x10C4, 0x10E4, 0x10E4,
  0x08A3, 0x08A3, 0x10C4, 0x1104, 0x1945, 0x1905, 0x1105, 0x10E5, 0x08C4, 0x10A3, 0x10A3, 0x08A3,
  0x10A3, 0x08A3, 0x0882, 0x0882, 0x10A3, 0x10A3, 0x08A3, 0x0882, 0x0882, 0x0882, 0x0882, 0x0882,
  0x08A2, 0x0882, 0x0882, 0x0882, 0x0882, 0x0882, 0x0882, 0x0882, 0x0882, 0x0882, 0x0882, 0x0862,
  0x0862, 0x0882, 0x0882, 0x0882, 0x0062, 0x0882, 0x0882, 0x0882, 0x0882, 0x0882, 0x0882, 0x0862,
  0x0882, 0x0862, 0x0062, 0x0062, 0x0062, 0x0862, 0x0862, 0x08A3, 0x1904, 0x08A3, 0x08A3, 0x08A3,
  0x08C3, 0x1105, 0x10E4, 0x1105, 0x1946, 0x1105, 0x1105, 0x08E4, 0x08E4, 0x1105, 0x1926, 0x1125,
  0x1125, 0x1946, 0x2187, 0x2187, 0x1987, 0x2187, 0x21A8, 0x21C8, 0x29C8, 0x2A2A, 0x2A0A, 0x322A,
  0x322B, 0x3A6B, 0x3A6B, 0x324B, 0x322A, 0x29E9, 0x3A6B, 0x3A8C, 0x3A8C, 0x3A8C, 0x3A8C, 0x3A8C,
  0x42AD, 0x3AAD, 0x3A8D, 0x42CD, 0x4B0E, 0x42EE, 0x42EE, 0x42ED, 0x3ACD, 0x3AAD, 0x3A8C, 0x3AAD,
  0x42AD, 0x3AAD, 0x3A6C, 0x3A8C, 0x3A8C, 0x3A8D, 0x326C, 0x324C, 0x3A6C, 0x3A6C, 0x324B, 0x324B,
  0x322B, 0x2A0A, 0x2A2A, 0x2A0B, 0x324B, 0x322A, 0x322B, 0x322A, 0x322A, 0x320A, 0x320A, 0x29E9,
  0x29E9, 0x29E9, 0x21C8, 0x21A8, 0x21A8, 0x21A8, 0x2188, 0x2187, 0x2187, 0x2187, 0x2188, 0x2188,
  0x21A8, 0x2188, 0x2188, 0x2187, 0x2187, 0x2187, 0x1967, 0x1967, 0x1946, 0x1946, 0x2166, 0x2187,
  0x2166, 0x1925, 0x1926, 0x1126, 0x1125, 0x1925, 0x1125, 0x1105, 0x1105, 0x1105, 0x1105, 0x1905,
  0x1105, 0x1905, 0x1905, 0x1105, 0x1105, 0x1105, 0x1905, 0x1905, 0x1905, 0x1905, 0x1905, 0x1905,
  0x10E5, 0x1105, 0x10E5, 0x10E5, 0x10E5, 0x10C4, 0x10C4, 0x10C4, 0x18E5, 0x1905, 0x1905, 0x1105,
  0x10E4, 0x10E4, 0x08A3, 0x08A3, 0x08C4, 0x08C3, 0x08C3, 0x08C3, 0x08A3, 0x08A3, 0x0883, 0x0883,
  0x0882, 0x08A2, 0x08A3, 0x10C3, 0x1904, 0x2125, 0x1904, 0x10A3, 0x0041, 0x08C2, 0x10E4, 0x1905,
  0x10E4, 0x1905, 0x1104, 0x08C3, 0x08E4, 0x1104, 0x1104, 0x1104, 0x1125, 0x1925, 0x1104, 0x10E4,
  0x1925, 0x29A7, 0x29A7, 0x1925, 0x08A3, 0x10C3, 0x10C3, 0x10C4, 0x10E4, 0x10C4, 0x10C4, 0x1105,
  0x1925, 0x1905, 0x1104, 0x1945, 0x2166, 0x29A7, 0x2187, 0x2987, 0x2987, 0x1905, 0x08A3, 0x0882,
  0x0862, 0x0062, 0x0883, 0x0883, 0x0882, 0x0882, 0x0882, 0x08A3, 0x0883, 0x08A3, 0x0883, 0x08A3,
  0x08A2, 0x0062, 0x0042, 0x0042, 0x0062, 0x0862, 0x0042, 0x0062, 0x0082, 0x0062, 0x0062, 0x0042,
  0x0883, 0x0883, 0x0062, 0x0882, 0x0882, 0x0882, 0x08A3, 0x0882, 0x08A3, 0x0883, 0x10A3, 0x0882,
  0x0062, 0x08A3, 0x08A3, 0x08A3, 0x08C4, 0x1105, 0x1105, 0x2167, 0x2187, 0x29C8, 0x21A8, 0x29C8,
  0x320A, 0x322A, 0x322A, 0x322A, 0x29E9, 0x1988, 0x326B, 0x326B, 0x3A8C, 0x3A8C, 0x3AAC, 0x3AAC,
  0x42CD, 0x42CD, 0x42ED, 0x42ED, 0x4AEE, 0x4B0E, 0x430E, 0x42ED, 0x430E, 0x42CD, 0x4B0E, 0x42ED,
  0x42CD, 0x42EE, 0x326B, 0x324B, 0x2A0A, 0x3A6B, 0x42AC, 0x3AAC, 0x3A8C, 0x326C, 0x3AAD, 0x3AAD,
  0x3AAD, 0x42EE, 0x5370, 0x4B50, 0x4B50, 0x430F, 0x42EE, 0x3AAD, 0x328C, 0x328C, 0x3A8D, 0x3A8C,
  0x3A8D, 0x3A6C, 0x3A6D, 0x3A6D, 0x3A8D, 0x326C, 0x324C, 0x324C, 0x324C, 0x322B, 0x322B, 0x320A,
  0x29EA, 0x29A9, 0x29C9, 0x29C9, 0x29C9, 0x29C9, 0x21C9, 0x21C8, 0x21A8, 0x2188, 0x2167, 0x1967,
  0x1946, 0x1966, 0x1946, 0x1105, 0x1105, 0x1105, 0x1105, 0x1105, 0x1905, 0x1905, 0x1905, 0x1926,
  0x1926, 0x1926, 0x1926, 0x1125, 0x1105, 0x1125, 0x1105, 0x1125, 0x1925, 0x1946, 0x2166, 0x2167,
  0x2146, 0x10E4, 0x10C4, 0x10E4, 0x10E4, 0x10E4, 0x10E4, 0x10E4, 0x10E4, 0x10E4, 0x10E4, 0x10E4,
  0x10E5, 0x18E5, 0x1905, 0x1905, 0x18E5, 0x1905, 0x1905, 0x1905, 0x1905, 0x1905, 0x1905, 0x1905,
  0x1905, 0x18E5, 0x10E5, 0x10E5, 0x1105, 0x10E4, 0x10A4, 0x10C4, 0x10E5, 0x1905, 0x1925, 0x1925,
  0x1105, 0x10E4, 0x08C4, 0x1104, 0x1105, 0x1104, 0x10E4, 0x10E4, 0x08C3, 0x08A3, 0x08A3, 0x08A3,
  0x0882, 0x08A2, 0x0882, 0x10A3, 0x10C4, 0x10C3, 0x10C3, 0x10C3, 0x10C3, 0x10C3, 0x1904, 0x1904,
  0x1925, 0x1925, 0x1925, 0x1924, 0x1104, 0x1104, 0x1104, 0x10E4, 0x1104, 0x1104, 0x08A3, 0x10E4,
  0x08A3, 0x08A3, 0x29A7, 0x3A29, 0x10E4, 0x10C3, 0x10E4, 0x10C4, 0x10C4, 0x10C4, 0x08A3, 0x10C4,
  0x1105, 0x1905, 0x10E4, 0x08C4, 0x10E4, 0x1105, 0x1105, 0x1105, 0x1926, 0x10E5, 0x08A3, 0x0083,
  0x0062, 0x0062, 0x0042, 0x0062, 0x0042, 0x0062, 0x0063, 0x0883, 0x10E4, 0x1105, 0x2146, 0x1946,
  0x1966, 0x2166, 0x2187, 0x29A7, 0x2186, 0x2166, 0x2987, 0x2987, 0x2987, 0x29A8, 0x2146, 0x1925,
  0x2166, 0x1925, 0x10E4, 0x10E4, 0x10E4, 0x1104, 0x1104, 0x1945, 0x1925, 0x1946, 0x10E5, 0x10E5,
  0x1105, 0x10E4, 0x1905, 0x1905, 0x1925, 0x1946, 0x1967, 0x29C8, 0x3209, 0x324A, 0x3A6B, 0x3A6B,
  0x42AC, 0x4AED, 0x3AAC, 0x326B, 0x220A, 0x4B4F, 0x536F, 0x4B4F, 0x4B2F, 0x4B0E, 0x430E, 0x430E,
  0x4B0E, 0x4B2E, 0x4B2F, 0x430E, 0x42CD, 0x42CD, 0x3AAD, 0x328C, 0x328C, 0x2A2A, 0x324B, 0x322A,
  0x322A, 0x322A, 0x21C9, 0x21C9, 0x21A8, 0x322A, 0x322A, 0x21E9, 0x19A9, 0x2A2B, 0x326C, 0x3AAD,
  0x3AAD, 0x42EF, 0x5BD2, 0x63F2, 0x42CE, 0x3AAD, 0x326C, 0x2A2A, 0x2A0A, 0x2A2A, 0x2A2B, 0x322B,
  0x322B, 0x324C, 0x324C, 0x324C, 0x324C, 0x324C, 0x2A4C, 0x322B, 0x322B, 0x29EA, 0x29A9, 0x2168,
  0x2168, 0x2188, 0x2188, 0x29A8, 0x2188, 0x1967, 0x1946, 0x1947, 0x1946, 0x1926, 0x1105, 0x10E5,
  0x10E4, 0x10E4, 0x08C4, 0x08C3, 0x08A3, 0x08A3, 0x08A3, 0x08C4, 0x10A4, 0x10C4, 0x10C4, 0x10C4,
  0x10C4, 0x10C4, 0x10C4, 0x1104, 0x10E4, 0x1105, 0x1105, 0x1905, 0x1925, 0x1946, 0x2166, 0x2166,
  0x2146, 0x1105, 0x10E4, 0x10E4, 0x10E4, 0x10E4, 0x10E4, 0x10E4, 0x10E4, 0x10C4, 0x10E4, 0x18E4,
  0x18E5, 0x18E5, 0x1905, 0x1905, 0x18E5, 0x1905, 0x1905, 0x1905, 0x1905, 0x1905, 0x1905, 0x1905,
  0x1905, 0x1905, 0x1905, 0x1104, 0x1104, 0x10E4, 0x10C4, 0x10E4, 0x1905, 0x1926, 0x1925, 0x1945,
  0x1925, 0x1105, 0x1104, 0x1925, 0x1945, 0x1945, 0x1945, 0x1945, 0x1104, 0x10E4, 0x08C3, 0x08A3,
  0x10E4, 0x08A2, 0x0883, 0x10A3, 0x10C3, 0x10A3, 0x10A3, 0x10A3, 0x10A3, 0x18E4, 0x1905, 0x1905,
  0x10C4, 0x10E4, 0x1925, 0x1904, 0x1104, 0x1104, 0x1104, 0x1105, 0x10E4, 0x1104, 0x10E4, 0x2166,
  0x2166, 0x1105, 0x21A8, 0x428B, 0x1105, 0x08C4, 0x10C4, 0x10E4, 0x10C4, 0x10C4, 0x10E4, 0x10C4,
  0x10C4, 0x08C4, 0x08C4, 0x08C4, 0x00A3, 0x0083, 0x08A4, 0x0083, 0x0083, 0x0083, 0x10E5, 0x1966,
  0x2187, 0x29C8, 0x320A, 0x320A, 0x29E9, 0x29C9, 0x29A8, 0x29C8, 0x29C8, 0x21A8, 0x1987, 0x2187,
  0x1967, 0x1967, 0x1126, 0x1966, 0x1946, 0x1945, 0x2146, 0x2146, 0x2146, 0x2146, 0x29C8, 0x3209,
  0x2987, 0x1946, 0x1105, 0x10E4, 0x1104, 0x1925, 0x1945, 0x1105, 0x1925, 0x1987, 0x21A8, 0x1967,
  0x1105, 0x10E4, 0x1104, 0x10E4, 0x10C4, 0x10C4, 0x10E4, 0x1105, 0x10E4, 0x08E4, 0x1105, 0x10E5,
  0x1905, 0x1105, 0x10E5, 0x08C4, 0x2187, 0x1987, 0x21C8, 0x21A8, 0x21A8, 0x29E9, 0x2A09, 0x2A09,
  0x29E9, 0x29E9, 0x29E9, 0x29E9, 0x21C8, 0x21A8, 0x21C8, 0x21A8, 0x21C8, 0x2187, 0x2187, 0x2167,
  0x2167, 0x1966, 0x1946, 0x1966, 0x2167, 0x29C8, 0x29E9, 0x29E9, 0x3A4B, 0x4B0E, 0x534F, 0x3ACD,
  0x42CE, 0x42CE, 0x5B91, 0x63D2, 0x3AAD, 0x3A6C, 0x2A0B, 0x19A8, 0x2188, 0x21A9, 0x21E9, 0x29EA,
  0x2A0B, 0x322B, 0x324C, 0x324C, 0x324C, 0x324C, 0x2A4B, 0x324B, 0x2A2B, 0x29C9, 0x21A8, 0x1947,
  0x1967, 0x2167, 0x2188, 0x21A8, 0x1967, 0x1947, 0x1946, 0x1946, 0x1946, 0x1946, 0x1925, 0x1105,
  0x10E4, 0x08A3, 0x08A3, 0x08A3, 0x08A3, 0x08A3, 0x10A3, 0x08A3, 0x08A3, 0x10A3, 0x10C3, 0x10A3,
  0x10C4, 0x10C4, 0x10C4, 0x10C4, 0x10C4, 0x10C4, 0x10E5, 0x1105, 0x1905, 0x1926, 0x2167, 0x2167,
  0x2166, 0x1925, 0x1105, 0x1905, 0x1905, 0x1104, 0x1905, 0x1104, 0x10E4, 0x10E4, 0x10E4, 0x10E4,
  0x1905, 0x1104, 0x1104, 0x1905, 0x1925, 0x1925, 0x1925, 0x1925, 0x1925, 0x1905, 0x1905, 0x1905,
  0x1905, 0x1104, 0x10E4, 0x1104, 0x10E4, 0x10E4, 0x10C4, 0x10E4, 0x1105, 0x1926, 0x1945, 0x1946,
  0x1946, 0x1925, 0x1925, 0x1925, 0x1945, 0x1945, 0x1925, 0x1945, 0x10E4, 0x08C3, 0x08A3, 0x08A3,
  0x10C3, 0x10C3, 0x10A3, 0x10C3, 0x10C3, 0x10A3, 0x10A3, 0x0883, 0x0883, 0x0883, 0x10A3, 0x18E5,
  0x10A4, 0x0883, 0x10E3, 0x10E4, 0x10E4, 0x10E4, 0x1104, 0x1905, 0x1105, 0x1105, 0x0083, 0x1104,
  0x1925, 0x1105, 0x1987, 0x428B, 0x08E5, 0x08A3, 0x10E4, 0x10C4, 0x08A3, 0x10C4, 0x10E5, 0x1905,
  0x1925, 0x1905, 0x1966, 0x2187, 0x29C8, 0x3209, 0x3209, 0x426B, 0x428C, 0x320A, 0x29C9, 0x29C8,
  0x21A8, 0x29C9, 0x1967, 0x2188, 0x2188, 0x21A8, 0x29C9, 0x29E9, 0x29E9, 0x2A09, 0x322A, 0x3A6B,
  0x42AD, 0x42AC, 0x324B, 0x29E9, 0x2187, 0x10E4, 0x10E4, 0x08C4, 0x10E4, 0x1946, 0x2166, 0x2146,
  0x10E4, 0x10C4, 0x08A3, 0x08A3, 0x08E4, 0x1105, 0x1104, 0x08C3, 0x1925, 0x4AED, 0x5BB0, 0x322A,
  0x1125, 0x08C4, 0x10C3, 0x10C3, 0x08A2, 0x10A2, 0x10A3, 0x10A3, 0x08A2, 0x10C3, 0x08A3, 0x10A3,
  0x10A3, 0x10A3, 0x10A3, 0x18E4, 0x1104, 0x1104, 0x1905, 0x10C4, 0x08A4, 0x10C4, 0x10E4, 0x1905,
  0x1905, 0x1925, 0x2145, 0x2145, 0x1925, 0x1925, 0x1104, 0x10E4, 0x10E4, 0x10E4, 0x10C4, 0x08A3,
  0x08A3, 0x0883, 0x08A3, 0x10C4, 0x1905, 0x2146, 0x3A4A, 0x3209, 0x322A, 0x4AED, 0x63B1, 0x21EA,
  0x42CE, 0x4B0F, 0x5B91, 0x5350, 0x324C, 0x320B, 0x2189, 0x2188, 0x2188, 0x21A8, 0x29C9, 0x29EA,
  0x29EA, 0x322B, 0x3A6D, 0x326C, 0x324C, 0x326C, 0x2A4B, 0x2A4B, 0x2A2A, 0x29E9, 0x21A8, 0x1967,
  0x1967, 0x1987, 0x1987, 0x21A7, 0x21A7, 0x2167, 0x1967, 0x1967, 0x1966, 0x1946, 0x1926, 0x1905,
  0x10E4, 0x10A3, 0x0882, 0x0882, 0x0882, 0x0882, 0x10A3, 0x08A3, 0x08A3, 0x08A3, 0x08A3, 0x10C3,
  0x10C4, 0x10C4, 0x10C4, 0x18E4, 0x18E4, 0x10E5, 0x10C4, 0x10E5, 0x1105, 0x1926, 0x1967, 0x2187,
  0x2167, 0x1926, 0x1905, 0x1905, 0x1905, 0x1905, 0x1905, 0x1905, 0x1905, 0x10E4, 0x10E4, 0x10E4,
  0x1905, 0x1905, 0x1905, 0x1104, 0x1905, 0x1905, 0x1905, 0x1905, 0x1905, 0x1905, 0x1104, 0x1905,
  0x1905, 0x1905, 0x10E4, 0x1104, 0x10E4, 0x10E4, 0x08E4, 0x1104, 0x1125, 0x1946, 0x1946, 0x2166,
  0x2166, 0x1946, 0x1945, 0x1925, 0x1945, 0x1945, 0x1125, 0x1104, 0x08C3, 0x08C3, 0x08C3, 0x10C3,
  0x08E4, 0x08E4, 0x0904, 0x08E4, 0x10E4, 0x10C4, 0x10A3, 0x10A3, 0x1083, 0x10A3, 0x10A3, 0x0883,
  0x2166, 0x21A8, 0x2188, 0x2188, 0x21A8, 0x29C8, 0x2A09, 0x2A09, 0x322A, 0x428C, 0x3AAC, 0x42AC,
  0x42CD, 0x42CD, 0x42CD, 0x532E, 0x4AED, 0x428C, 0x42AD, 0x42CD, 0x4AEE, 0x4B0E, 0x42AD, 0x3A6C,
  0x3A6C, 0x324B, 0x4AEE, 0x532E, 0x532E, 0x42CD, 0x4B2F, 0x42CD, 0x4B0E, 0x536F, 0x5390, 0x63F1,
  0x6C32, 0x6412, 0x6C32, 0x6C53, 0x6C53, 0x7454, 0x6C53, 0x6412, 0x5BD1, 0x5390, 0x4B4F, 0x4B4F,
  0x42EE, 0x42EE, 0x4B2F, 0x4B2F, 0x4B4F, 0x4B4F, 0x5BB1, 0x63D2, 0x5B70, 0x5B50, 0x5B90, 0x63B1,
  0x5B70, 0x42AC, 0x2A09, 0x2187, 0x08C4, 0x08C4, 0x08E4, 0x0083, 0x0062, 0x29E9, 0x3A8B, 0x1126,
  0x1105, 0x1104, 0x10E4, 0x10E3, 0x0882, 0x0883, 0x10A3, 0x1083, 0x0862, 0x0862, 0x0862, 0x0862,
  0x0862, 0x0862, 0x0882, 0x0882, 0x0882, 0x0883, 0x08A3, 0x08A3, 0x08A3, 0x08A3, 0x08A3, 0x08A3,
  0x0882, 0x0882, 0x0882, 0x0882, 0x0882, 0x08A3, 0x10C3, 0x18E4, 0x2104, 0x18E4, 0x18E4, 0x10C4,
  0x10A3, 0x0862, 0x1083, 0x18C4, 0x10A3, 0x08C4, 0x1105, 0x29C8, 0x2187, 0x1967, 0x21A8, 0x21A9,
  0x21CA, 0x3A8C, 0x5350, 0x532F, 0x21C9, 0x21A8, 0x1967, 0x2167, 0x2168, 0x2188, 0x21C9, 0x29CA,
  0x29EA, 0x324C, 0x3A8D, 0x3A6C, 0x3A6C, 0x326C, 0x2A0B, 0x2A0A, 0x2A2A, 0x2A0A, 0x21C9, 0x2188,
  0x1947, 0x1967, 0x1967, 0x1987, 0x21A8, 0x2187, 0x1967, 0x1966, 0x1967, 0x1966, 0x1946, 0x1925,
  0x1904, 0x10C3, 0x08A3, 0x08A3, 0x08A3, 0x08A3, 0x10A3, 0x10A3, 0x10A3, 0x10A3, 0x10C3, 0x10A3,
  0x10C3, 0x10C4, 0x10C4, 0x10E4, 0x10E5, 0x10E5, 0x10E5, 0x10E5, 0x1905, 0x1926, 0x1946, 0x2167,
  0x2187, 0x2146, 0x1905, 0x1905, 0x1905, 0x1905, 0x1905, 0x10E5, 0x1905, 0x10C4, 0x10E4, 0x1105,
  0x1106, 0x1106, 0x1926, 0x1126, 0x1946, 0x1947, 0x1967, 0x1947, 0x1947, 0x1967, 0x2167, 0x2167,
  0x2188, 0x2167, 0x2188, 0x2188, 0x2188, 0x21A8, 0x29E9, 0x21E9, 0x21E9, 0x2A09, 0x29C9, 0x21A8,
  0x1967, 0x2167, 0x1946, 0x1925, 0x1946, 0x1925, 0x1105, 0x1105, 0x08E4, 0x1105, 0x1946, 0x2186,
  0x29A8, 0x29A8, 0x3209, 0x2186, 0x10E4, 0x08A3, 0x10A3, 0x0882, 0x1083, 0x0882, 0x10A3, 0x08A3,
  0x1926, 0x426B, 0x3A4A, 0x29C9, 0x4AAC, 0x3A6B, 0x3209, 0x29C9, 0x42AC, 0x42AC, 0x324B, 0x324B,
  0x3A6B, 0x3A8C, 0x42AC, 0x4AED, 0x4AEE, 0x532F, 0x532F, 0x532E, 0x532F, 0x530E, 0x428C, 0x29C9,
  0x29C9, 0x29E9, 0x3A4B, 0x4AEE, 0x5B70, 0x6BF2, 0x7C74, 0x7C95, 0x7474, 0x7494, 0x7C94, 0x7C94,
  0x7494, 0x7494, 0x7474, 0x7474, 0x7474, 0x6C53, 0x6C53, 0x6C54, 0x6C33, 0x6C33, 0x6C33, 0x6C33,
  0x74B4, 0x7CF6, 0x84F6, 0x7CD5, 0x7CF5, 0x8536, 0x7CF5, 0x84F6, 0x8516, 0x8516, 0x8D57, 0x9577,
  0x8D36, 0x9536, 0x8D36, 0x8D16, 0x8D16, 0x8D16, 0x9557, 0x7453, 0x7432, 0x63F1, 0x5B6F, 0x0905,
  0x1105, 0x1125, 0x10E4, 0x1104, 0x0882, 0x0882, 0x0862, 0x0882, 0x0862, 0x0883, 0x0883, 0x0883,
  0x0883, 0x10A3, 0x08A3, 0x0883, 0x08A3, 0x08A3, 0x08A3, 0x0883, 0x08A3, 0x08A3, 0x08A3, 0x08C3,
  0x08A3, 0x0883, 0x08A2, 0x08A2, 0x0882, 0x0882, 0x0882, 0x0862, 0x0882, 0x10C3, 0x1904, 0x1905,
  0x1904, 0x1905, 0x2146, 0x39E8, 0x4A6A, 0x31E8, 0x1926, 0x1105, 0x2167, 0x2187, 0x2188, 0x21A8,
  0x21A8, 0x29C8, 0x3209, 0x3A4A, 0x10E5, 0x1926, 0x1946, 0x1926, 0x2146, 0x2167, 0x2188, 0x21A8,
  0x29C9, 0x320A, 0x326C, 0x324C, 0x324C, 0x2A2B, 0x2A0A, 0x2A0A, 0x2A2B, 0x2A2B, 0x29EA, 0x2188,
  0x1967, 0x2167, 0x2187, 0x2188, 0x21A8, 0x2187, 0x1967, 0x1967, 0x1946, 0x1967, 0x1946, 0x1105,
  0x10E4, 0x08A4, 0x08A3, 0x08A4, 0x08A4, 0x08A4, 0x08A4, 0x08A3, 0x08A3, 0x08A4, 0x08C4, 0x10C4,
  0x10E4, 0x10E5, 0x1105, 0x1105, 0x1106, 0x1105, 0x1926, 0x1106, 0x1946, 0x2167, 0x29C8, 0x29C9,
  0x29A8, 0x2167, 0x1905, 0x1905, 0x1926, 0x2146, 0x2988, 0x2188, 0x29A8, 0x29C8, 0x29C8, 0x29E9,
  0x29E9, 0x320A, 0x320A, 0x322A, 0x322A, 0x324A, 0x322A, 0x322A, 0x3A2A, 0x3A2A, 0x3A4B, 0x3A4B,
  0x3A4B, 0x3A4B, 0x3A4B, 0x3A4B, 0x3A4B, 0x324A, 0x322A, 0x324A, 0x322A, 0x2A0A, 0x3209, 0x21A8,
  0x2187, 0x2187, 0x1966, 0x1946, 0x1946, 0x1104, 0x1125, 0x1104, 0x1925, 0x2166, 0x2186, 0x1925,
  0x3209, 0x29E9, 0x42AB, 0x42AB, 0x2987, 0x08A3, 0x0883, 0x10A3, 0x0882, 0x10A2, 0x10A3, 0x08A3,
  0x10E4, 0x29A8, 0x29E9, 0x21A8, 0x320A, 0x29C8, 0x2188, 0x1967, 0x2188, 0x29EA, 0x4ACD, 0x5B6F,
  0x63B0, 0x6BF2, 0x7412, 0x6BF2, 0x6BF2, 0x73F2, 0x6BF1, 0x7412, 0x7412, 0x73F2, 0x7412, 0x6390,
  0x530E, 0x4ACD, 0x5B70, 0x5B70, 0x6C12, 0x6BF2, 0x4B0E, 0x5370, 0x6412, 0x63F2, 0x6C33, 0x6C33,
  0x6C13, 0x6C33, 0x6433, 0x6433, 0x6433, 0x6C33, 0x6C33, 0x6413, 0x6C53, 0x7474, 0x7474, 0x7494,
  0x5BF1, 0x434E, 0x3ACD, 0x3AED, 0x4B4E, 0x11A7, 0x19A8, 0x430D, 0x6412, 0x3ACC, 0x42ED, 0x326B,
  0x326B, 0x3ACC, 0x2A4B, 0x2A4B, 0x2A4C, 0x2A4C, 0x3ACD, 0x3ACE, 0x42EE, 0x21C9, 0x324A, 0x3A6B,
  0x21A7, 0x1946, 0x1925, 0x1104, 0x10C3, 0x08A3, 0x08A3, 0x0862, 0x0882, 0x0062, 0x0882, 0x0862,
  0x0862, 0x0882, 0x0882, 0x08A3, 0x08A3, 0x08A3, 0x08A3, 0x10A3, 0x08A3, 0x0882, 0x0882, 0x0882,
  0x0882, 0x0882, 0x08A3, 0x08A3, 0x10C3, 0x10C3, 0x10A3, 0x10A3, 0x10A3, 0x10A3, 0x10C3, 0x10C3,
  0x1904, 0x2125, 0x29A7, 0x3A09, 0x4A6B, 0x4AAC, 0x52ED, 0x31C8, 0x1926, 0x1926, 0x1906, 0x2987,
  0x2187, 0x1926, 0x10E5, 0x1105, 0x10C4, 0x10E5, 0x10C4, 0x10E5, 0x1925, 0x1926, 0x1946, 0x1967,
  0x21A8, 0x29E9, 0x29EA, 0x2A0B, 0x2A0B, 0x21EA, 0x21EA, 0x2A0A, 0x2A2B, 0x2A0B, 0x29E9, 0x2187,
  0x1946, 0x1926, 0x2167, 0x21A8, 0x29C9, 0x21A7, 0x1967, 0x1947, 0x1967, 0x1967, 0x1967, 0x1967,
  0x1947, 0x1967, 0x1967, 0x1987, 0x1987, 0x2187, 0x2187, 0x2188, 0x2188, 0x2188, 0x29A8, 0x29C8,
  0x29E9, 0x29E9, 0x29E9, 0x320A, 0x320A, 0x320A, 0x322A, 0x322A, 0x3A4B, 0x3A6B, 0x3A4A, 0x3209,
  0x29C8, 0x2167, 0x1926, 0x1946, 0x2987, 0x29C9, 0x3A6B, 0x3A6B, 0x3A6B, 0x3A4B, 0x3A4B, 0x3A8C,
  0x3A6C, 0x3A8C, 0x3A8C, 0x428C, 0x3A8C, 0x3A8C, 0x3A8C, 0x3A8C, 0x3A6B, 0x3A6B, 0x3A6B, 0x3A6B,
  0x3A6B, 0x3A4B, 0x3A6B, 0x3A6B, 0x3A4A, 0x324A, 0x324A, 0x324A, 0x324A, 0x322A, 0x29C9, 0x21A8,
  0x21A8, 0x29A8, 0x2187, 0x2166, 0x1946, 0x1105, 0x1945, 0x1104, 0x1925, 0x1925, 0x1104, 0x10C4,
  0x2188, 0x2188, 0x31E8, 0x29A7, 0x31C8, 0x1925, 0x0882, 0x0882, 0x0882, 0x0882, 0x10A3, 0x10A3,
  0x08C4, 0x08C4, 0x1946, 0x1125, 0x1105, 0x1126, 0x1126, 0x3A4B, 0x4AEE, 0x6370, 0x6BD1, 0x73F2,
  0x6BF2, 0x6BD1, 0x6BD1, 0x6390, 0x6390, 0x6370, 0x6370, 0x6370, 0x6370, 0x6370, 0x6390, 0x6B90,
  0x6390, 0x73F2, 0x84B5, 0x9537, 0x8D16, 0x9D58, 0x8D17, 0x84D5, 0x5370, 0x3AAD, 0x5391, 0x5370,
  0x6412, 0x63F2, 0x63F2, 0x5C12, 0x5BF2, 0x63F2, 0x63F2, 0x6C33, 0x6C33, 0x6C33, 0x6C33, 0x6C33,
  0x538F, 0x3ACC, 0x2A09, 0x1167, 0x00A3, 0x1146, 0x21A7, 0x21E9, 0x1166, 0x21C8, 0x0925, 0x1987,
  0x29E9, 0x322A, 0x3AAC, 0x3A8C, 0x328C, 0x3AAC, 0x534F, 0x5B90, 0x5B70, 0x42AC, 0x42CC, 0x3A4A,
  0x3A4A, 0x428B, 0x3209, 0x1925, 0x3A29, 0x1104, 0x1925, 0x29C7, 0x1104, 0x0882, 0x0882, 0x0082,
  0x0882, 0x0862, 0x0882, 0x0062, 0x0062, 0x0062, 0x0882, 0x0862, 0x0882, 0x0862, 0x0862, 0x0882,
  0x0882, 0x0882, 0x0882, 0x0882, 0x0862, 0x0862, 0x0882, 0x0882, 0x0882, 0x0882, 0x10C3, 0x10C3,
  0x18E4, 0x2146, 0x29A7, 0x29C8, 0x3A2A, 0x4A6B, 0x4A6B, 0x4A8C, 0x424B, 0x39E9, 0x2987, 0x2167,
  0x21A8, 0x1967, 0x1126, 0x1105, 0x1105, 0x1126, 0x1946, 0x1126, 0x1987, 0x21C8, 0x21C9, 0x29C9,
  0x2A2A, 0x322A, 0x2A0B, 0x2A2B, 0x324C, 0x324C, 0x324C, 0x326C, 0x326C, 0x322B, 0x21C8, 0x1967,
  0x1946, 0x2187, 0x29C9, 0x3209, 0x21C8, 0x29A8, 0x1966, 0x1946, 0x1967, 0x29EA, 0x2A2A, 0x322B,
  0x322A, 0x324B, 0x324B, 0x322A, 0x324B, 0x324B, 0x324B, 0x3A6B, 0x3A6B, 0x3A6B, 0x3A6B, 0x3A6B,
  0x3A6B, 0x3A6B, 0x3A6B, 0x3A4B, 0x3A6B, 0x3A6B, 0x3A6C, 0x3A6B, 0x3A4B, 0x3A4B, 0x324A, 0x29E9,
  0x21A8, 0x2167, 0x1946, 0x2187, 0x31E9, 0x322A, 0x3A4B, 0x322B, 0x3A4B, 0x3A6B, 0x3A4B, 0x3A4B,
  0x3A6B, 0x326B, 0x326B, 0x326B, 0x324B, 0x322A, 0x322B, 0x324B, 0x322A, 0x322A, 0x322A, 0x322A,
  0x322A, 0x320A, 0x320A, 0x3229, 0x3229, 0x3209, 0x2A09, 0x29E8, 0x21C8, 0x21A8, 0x2188, 0x21A8,
  0x21A7, 0x29A7, 0x1946, 0x1925, 0x10E4, 0x10E4, 0x1105, 0x1125, 0x1925, 0x1905, 0x1104, 0x1104,
  0x1126, 0x1105, 0x1105, 0x1104, 0x10E4, 0x10C4, 0x10C3, 0x0882, 0x0882, 0x0882, 0x08A3, 0x08A3,
  0x08A3, 0x10E4, 0x10E5, 0x10E5, 0x1106, 0x322A, 0x5B4F, 0x63B1, 0x6390, 0x6BD2, 0x6BD2, 0x63B1,
  0x6390, 0x6390, 0x5B70, 0x6370, 0x6370, 0x634F, 0x6370, 0x5B2F, 0x5B2E, 0x5B2F, 0x5B0E, 0x5B2F,
  0x5B2F, 0x634F, 0x6390, 0x7412, 0x8CD5, 0x9D78, 0xADDA, 0xA5B9, 0x9D98, 0x8D17, 0x42EE, 0x3AAD,
  0x63D1, 0x5BB1, 0x6C33, 0x5BD1, 0x6433, 0x5BF2, 0x53B1, 0x432F, 0x32AD, 0x2A6C, 0x220A, 0x11A8,
  0x220A, 0x2A0A, 0x3A6B, 0x4ACC, 0x4AAC, 0x2146, 0x1926, 0x1126, 0x428B, 0x3209, 0x1926, 0x2167,
  0x1926, 0x1925, 0x3229, 0x1966, 0x10E4, 0x1946, 0x08E4, 0x08A4, 0x0083, 0x00A3, 0x00A3, 0x0062,
  0x0883, 0x08C3, 0x0883, 0x0882, 0x08A3, 0x10E4, 0x1104, 0x1945, 0x31C7, 0x1945, 0x1945, 0x08C3,
  0x08A2, 0x0882, 0x0062, 0x0862, 0x0862, 0x0862, 0x0862, 0x0862, 0x0862, 0x0862, 0x0862, 0x0862,
  0x0882, 0x0862, 0x0882, 0x0882, 0x0882, 0x0882, 0x08A2, 0x08A2, 0x08A2, 0x08A2, 0x08C3, 0x10C3,
  0x1104, 0x1905, 0x2187, 0x29E8, 0x3A4A, 0x426B, 0x426C, 0x426C, 0x4A8C, 0x4A8C, 0x4A8B, 0x428B,
  0x3A6B, 0x3A4B, 0x324B, 0x322A, 0x324A, 0x324B, 0x324B, 0x326B, 0x328C, 0x3AAC, 0x3AAD, 0x3AAD,
  0x3AAD, 0x3AAD, 0x3A8D, 0x3AAD, 0x42AD, 0x42CD, 0x3AAD, 0x3A8C, 0x324C, 0x2A0A, 0x21C8, 0x1946,
  0x2167, 0x29C8, 0x31E9, 0x29C9, 0x29E9, 0x21A7, 0x1966, 0x1967, 0x29C9, 0x322A, 0x324B, 0x324B,
  0x3A4B, 0x324B, 0x324B, 0x324B, 0x324A, 0x322A, 0x322A, 0x322A, 0x322A, 0x322A, 0x322A, 0x322A,
  0x322A, 0x324B, 0x3A4B, 0x324B, 0x322A, 0x322A, 0x322A, 0x322A, 0x320A, 0x320A, 0x29E9, 0x29C8,
  0x21A8, 0x2187, 0x1946, 0x2166, 0x29C8, 0x29E9, 0x320A, 0x320A, 0x322A, 0x29E9, 0x29E9, 0x29E9,
  0x29E9, 0x29E9, 0x29E9, 0x29C9, 0x21C8, 0x29C9, 0x29C9, 0x21C8, 0x29A8, 0x29A8, 0x29A8, 0x29A8,
  0x29A8, 0x21A8, 0x2187, 0x2187, 0x1987, 0x1946, 0x1946, 0x1946, 0x1125, 0x1125, 0x1947, 0x21A8,
  0x2187, 0x2167, 0x1925, 0x10E4, 0x10C3, 0x08C4, 0x10E4, 0x1125, 0x1925, 0x1925, 0x1905, 0x10E4,
  0x10E4, 0x1905, 0x08C4, 0x0883, 0x08A3, 0x0062, 0x10A3, 0x08A3, 0x0882, 0x0882, 0x10A3, 0x10C3,
  0x10E4, 0x08C3, 0x10E5, 0x29A7, 0x428C, 0x638F, 0x6BF1, 0x6BB0, 0x63B0, 0x6390, 0x6370, 0x6390,
  0x5B4F, 0x5B2F, 0x5B4F, 0x5B4F, 0x5B2F, 0x5B0E, 0x5B0E, 0x5B0E, 0x5B0E, 0x5AEE, 0x52EE, 0x5B0E,
  0x5B0E, 0x5B2E, 0x634F, 0x5B2E, 0x636F, 0x6BD1, 0x8CD5, 0x9D77, 0xA598, 0x9557, 0x9D98, 0x8494,
  0x428C, 0x322B, 0x21E9, 0x19A8, 0x19C9, 0x19C9, 0x19EA, 0x19EA, 0x2A4B, 0x3ACD, 0x430E, 0x4B4F,
  0x42CD, 0x29E9, 0x29E9, 0x21A8, 0x10C4, 0x0063, 0x10C4, 0x31E9, 0x31C8, 0x0863, 0x08A3, 0x10E4,
  0x0883, 0x0042, 0x0062, 0x0882, 0x0882, 0x08A2, 0x08A2, 0x08A3, 0x0882, 0x0062, 0x0042, 0x0062,
  0x0041, 0x0062, 0x08A3, 0x0882, 0x0062, 0x0062, 0x1104, 0x1945, 0x08A3, 0x08A3, 0x10C3, 0x0882,
  0x0082, 0x0062, 0x0882, 0x0862, 0x0862, 0x0862, 0x0862, 0x0862, 0x0862, 0x0862, 0x0862, 0x0862,
  0x0862, 0x0862, 0x0862, 0x0882, 0x08A3, 0x10E3, 0x08A2, 0x08A2, 0x08A2, 0x08C3, 0x08C3, 0x10C3,
  0x1104, 0x1105, 0x1967, 0x21C8, 0x29E9, 0x322A, 0x3A6B, 0x428C, 0x4AAC, 0x4AAC, 0x4AAC, 0x4AAC,
  0x4AAC, 0x42AC, 0x42AC, 0x428C, 0x3A6C, 0x3A6C, 0x3A8C, 0x3AAD, 0x3AAD, 0x3AAD, 0x3A8C, 0x3AAD,
  0x3A8C, 0x328C, 0x3A6B, 0x3A6B, 0x3A4B, 0x3A6C, 0x3A6C, 0x324B, 0x2A0A, 0x29EA, 0x21A8, 0x1926,
  0x2166, 0x2987, 0x29A8, 0x29A8, 0x29E9, 0x21A8, 0x1967, 0x1947, 0x21A8, 0x29E9, 0x3209, 0x29E9,
  0x29C9, 0x29E9, 0x29C8, 0x21C8, 0x21C8, 0x29C8, 0x21A8, 0x29C9, 0x29C9, 0x29C9, 0x29C9, 0x21A8,
  0x21A8, 0x21A8, 0x29A8, 0x29A8, 0x2187, 0x2187, 0x2167, 0x2167, 0x1946, 0x1946, 0x1967, 0x2187,
  0x29A8, 0x2167, 0x1925, 0x1105, 0x1925, 0x1926, 0x1926, 0x1105, 0x1105, 0x1926, 0x1926, 0x1926,
  0x1125, 0x1925, 0x1925, 0x1925, 0x1125, 0x1105, 0x1105, 0x1105, 0x10E5, 0x10E5, 0x1905, 0x1905,
  0x1905, 0x1105, 0x1905, 0x10E5, 0x10E5, 0x10E5, 0x08C4, 0x10C4, 0x08C4, 0x1105, 0x1967, 0x2187,
  0x2187, 0x1966, 0x1925, 0x10C3, 0x10C4, 0x10E4, 0x1105, 0x1925, 0x1925, 0x1905, 0x10C4, 0x10A3,
  0x10C3, 0x1925, 0x1105, 0x08A3, 0x08C3, 0x10C3, 0x08A3, 0x1104, 0x10C3, 0x10A3, 0x10C3, 0x10C4,
  0x10C4, 0x1905, 0x2166, 0x424A, 0x31E9, 0x428B, 0x3A4A, 0x3A4B, 0x428C, 0x4AAC, 0x5B0E, 0x5B2F,
  0x6370, 0x6370, 0x5B4F, 0x5B0E, 0x5B0E, 0x5B0E, 0x5B2F, 0x5B2E, 0x5AEE, 0x52ED, 0x5AEE, 0x5B0E,
  0x5B0E, 0x5B0E, 0x5AED, 0x52ED, 0x5AED, 0x52ED, 0x5B2E, 0x6BB0, 0x8CD5, 0x9D98, 0x9536, 0x9516,
  0x9D57, 0x6BB0, 0x326B, 0x326B, 0x32AD, 0x3AEE, 0x434F, 0x53B1, 0x5390, 0x430E, 0x2A6C, 0x2A6C,
  0x434F, 0x32AC, 0x1167, 0x0084, 0x0083, 0x0083, 0x0042, 0x08A4, 0x08A3, 0x0062, 0x0062, 0x10C3,
  0x10C4, 0x10A3, 0x0882, 0x0882, 0x0882, 0x0882, 0x0882, 0x0862, 0x0882, 0x0062, 0x0041, 0x0862,
  0x0041, 0x0862, 0x0041, 0x0041, 0x0862, 0x0882, 0x0021, 0x0042, 0x0062, 0x0042, 0x0062, 0x0062,
  0x0062, 0x0882, 0x0062, 0x0862, 0x0862, 0x0862, 0x0862, 0x0862, 0x0862, 0x0862, 0x0862, 0x0882,
  0x0882, 0x0882, 0x0862, 0x0882, 0x10E3, 0x1904, 0x10E4, 0x08C3, 0x10E3, 0x10E3, 0x10E3, 0x1104,
  0x1104, 0x1125, 0x1146, 0x1967, 0x1988, 0x21C9, 0x29EA, 0x428C, 0x4AEE, 0x4AAD, 0x428C, 0x428C,
  0x424A, 0x422A, 0x424A, 0x422A, 0x3A2A, 0x3A0A, 0x3A0A, 0x29E9, 0x2A0A, 0x322A, 0x322A, 0x320A,
  0x320A, 0x29E9, 0x29E9, 0x29C9, 0x29C9, 0x29C9, 0x21A9, 0x21A8, 0x21A9, 0x29E9, 0x21A7, 0x1125,
  0x1925, 0x1926, 0x1926, 0x2168, 0x29C9, 0x2188, 0x1946, 0x1105, 0x1926, 0x1946, 0x1925, 0x1105,
  0x1105, 0x1105, 0x1105, 0x10E5, 0x10E5, 0x1105, 0x10E5, 0x1105, 0x1105, 0x1105, 0x1105, 0x1105,
  0x1105, 0x1105, 0x10E5, 0x1905, 0x10C4, 0x10C4, 0x10C4, 0x10C4, 0x10C4, 0x10C4, 0x1126, 0x2187,
  0x29A8, 0x2146, 0x1905, 0x10E5, 0x10E4, 0x10C4, 0x10E4, 0x10E4, 0x10E4, 0x18E4, 0x18E4, 0x18C4,
  0x10E4, 0x18E4, 0x18E4, 0x10E4, 0x10E3, 0x10C3, 0x10C3, 0x10C4, 0x10C4, 0x10C4, 0x10E5, 0x1905,
  0x18E5, 0x10E4, 0x10C4, 0x18C4, 0x10C4, 0x10A4, 0x10A4, 0x10C4, 0x10E4, 0x1925, 0x2187, 0x29A8,
  0x2187, 0x2146, 0x1905, 0x10E4, 0x10E4, 0x1105, 0x1925, 0x1925, 0x1905, 0x10E4, 0x10C4, 0x08A3,
  0x0883, 0x1104, 0x1946, 0x08C4, 0x10E4, 0x10C4, 0x10C4, 0x08C4, 0x10E5, 0x10C4, 0x10E4, 0x10C4,
  0x1905, 0x10E4, 0x10C4, 0x1905, 0x10E4, 0x1905, 0x1905, 0x2146, 0x1925, 0x2146, 0x2166, 0x2146,
  0x2187, 0x2146, 0x29A8, 0x52ED, 0x636F, 0x634F, 0x634F, 0x5B0E, 0x630E, 0x630E, 0x632F, 0x630E,
  0x634F, 0x5AEE, 0x630E, 0x5ACD, 0x5AED, 0x52AC, 0x528C, 0x5AAC, 0x5AED, 0x52CC, 0x8CB3, 0xA576,
  0x7C11, 0x4AAB, 0x08C4, 0x3A4A, 0x4B6F, 0x4B90, 0x4B70, 0x5371, 0x5BD2, 0x6412, 0x53D1, 0x6432,
  0x53D1, 0x5BF2, 0x5BB0, 0x532E, 0x5B4F, 0x2987, 0x10C4, 0x10E4, 0x0062, 0x0062, 0x0062, 0x0882,
  0x0883, 0x0862, 0x0883, 0x0862, 0x08A3, 0x0883, 0x08A3, 0x0883, 0x0883, 0x0862, 0x0862, 0x0862,
  0x0862, 0x0062, 0x0882, 0x0882, 0x0082, 0x0061, 0x0082, 0x0062, 0x0062, 0x0862, 0x0862, 0x0862,
  0x0062, 0x0062, 0x0862, 0x0862, 0x0862, 0x0862, 0x0862, 0x0882, 0x0062, 0x0882, 0x08A2, 0x08C3,
  0x10C3, 0x08C3, 0x08A2, 0x10E4, 0x10E3, 0x10E3, 0x10E3, 0x1104, 0x1104, 0x08E3, 0x08E3, 0x1124,
  0x1124, 0x1125, 0x1946, 0x1966, 0x2187, 0x2167, 0x2187, 0x21C9, 0x29E9, 0x320A, 0x322B, 0x428D,
  0x426B, 0x424B, 0x3A0A, 0x39EA, 0x39E9, 0x39C9, 0x3188, 0x2146, 0x18E5, 0x10E4, 0x1104, 0x1104,
  0x1125, 0x1125, 0x1104, 0x10E4, 0x10E4, 0x1904, 0x10E5, 0x1106, 0x1988, 0x29E9, 0x29A7, 0x10E4,
  0x10C4, 0x08C4, 0x1105, 0x2167, 0x29C8, 0x2187, 0x1925, 0x10E4, 0x10E4, 0x10C3, 0x08A3, 0x10A3,
  0x08A3, 0x08A3, 0x08A3, 0x08A3, 0x08A2, 0x08A2, 0x08A2, 0x10A3, 0x10A3, 0x08A3, 0x08A3, 0x10C3,
  0x08A3, 0x10A3, 0x10A3, 0x10A3, 0x1083, 0x10A3, 0x10A3, 0x1083, 0x1083, 0x10C4, 0x1926, 0x29A8,
  0x29C8, 0x2146, 0x1905, 0x1925, 0x1905, 0x1905, 0x1905, 0x1905, 0x1925, 0x18E4, 0x18E4, 0x18E4,
  0x10E4, 0x10E4, 0x10E4, 0x10E4, 0x10C4, 0x10E4, 0x10E4, 0x10E4, 0x10E4, 0x10E4, 0x10E4, 0x10C4,
  0x10E4, 0x10E3, 0x10C3, 0x10C4, 0x10C4, 0x10C4, 0x10C3, 0x10C3, 0x10E4, 0x1945, 0x2987, 0x29C8,
  0x2167, 0x1926, 0x1105, 0x1104, 0x1925, 0x1925, 0x1125, 0x1124, 0x1904, 0x10E4, 0x10C4, 0x10A3,
  0x21A8, 0x29E8, 0x2187, 0x08A4, 0x10E4, 0x2146, 0x2187, 0x29C8, 0x29E9, 0x2146, 0x10E4, 0x10E5,
  0x10E5, 0x1905, 0x1905, 0x10C4, 0x0883, 0x0883, 0x0882, 0x0883, 0x0883, 0x08A3, 0x10A3, 0x10C4,
  0x1905, 0x1925, 0x1926, 0x1926, 0x2146, 0x424A, 0x5B0E, 0x632E, 0x6B6F, 0x6B4F, 0x7390, 0x6B4F,
  0x634F, 0x632E, 0x630E, 0x62EE, 0x5AED, 0x5ACC, 0x52AC, 0x528B, 0x526B, 0x52AC, 0x52CC, 0x6B8F,
  0x31A7, 0x426A, 0x2125, 0x0862, 0x2A4A, 0x4B70, 0x432F, 0x4B50, 0x4B50, 0x53B1, 0x53B1, 0x4B70,
  0x4B70, 0x3AED, 0x0927, 0x0084, 0x0063, 0x0063, 0x0883, 0x0041, 0x0020, 0x0862, 0x0862, 0x0841,
  0x0862, 0x0882, 0x0862, 0x0041, 0x0862, 0x0862, 0x0862, 0x08A2, 0x0882, 0x0882, 0x0882, 0x0882,
  0x08A2, 0x08A2, 0x08A2, 0x08A2, 0x0882, 0x0062, 0x0062, 0x0862, 0x0862, 0x0861, 0x0862, 0x0882,
  0x0862, 0x0861, 0x0861, 0x0861, 0x0861, 0x0861, 0x0861, 0x0061, 0x0882, 0x0882, 0x08A2, 0x08A3,
  0x10C3, 0x08A3, 0x1904, 0x10C3, 0x10E4, 0x1924, 0x10E3, 0x10E4, 0x10E4, 0x1104, 0x1924, 0x1104,
  0x1104, 0x1925, 0x1926, 0x1926, 0x1946, 0x1946, 0x1946, 0x1967, 0x2188, 0x2188, 0x29CA, 0x2A0A,
  0x322B, 0x3A2B, 0x3A2B, 0x3A2A, 0x420A, 0x422A, 0x4A2A, 0x41E9, 0x3187, 0x18E5, 0x10A3, 0x10E4,
  0x1104, 0x1104, 0x08C3, 0x08A3, 0x08A3, 0x10C3, 0x08C3, 0x1105, 0x21C9, 0x29E9, 0x2187, 0x10C4,
  0x10E5, 0x10C5, 0x1926, 0x2188, 0x29E9, 0x2187, 0x1125, 0x1104, 0x1104, 0x1104, 0x10E3, 0x10E3,
  0x10C3, 0x08A3, 0x0883, 0x08A2, 0x0882, 0x08A2, 0x08A2, 0x0882, 0x1083, 0x08A3, 0x08A3, 0x08A3,
  0x0882, 0x0882, 0x10A3, 0x1083, 0x10A3, 0x10A3, 0x10A3, 0x1083, 0x10A3, 0x10C4, 0x2146, 0x29A8,
  0x29A8, 0x2146, 0x1905, 0x1925, 0x1925, 0x1925, 0x1926, 0x1925, 0x1925, 0x1925, 0x1905, 0x10C4,
  0x18E4, 0x18E4, 0x10E4, 0x10E4, 0x10E4, 0x10E4, 0x10E4, 0x10E4, 0x10C3, 0x10C3, 0x10C3, 0x10C3,
  0x10C3, 0x10C3, 0x10C3, 0x10C4, 0x10C4, 0x10C4, 0x10A3, 0x10C3, 0x10E4, 0x2145, 0x29A7, 0x29A8,
  0x2166, 0x1925, 0x10E4, 0x10E4, 0x1904, 0x1925, 0x1124, 0x1104, 0x10E4, 0x10C4, 0x08A3, 0x08A3,
  0x324B, 0x3A4B, 0x29C8, 0x08A4, 0x2146, 0x31E8, 0x3A2A, 0x3A4A, 0x322A, 0x31C8, 0x1905, 0x1905,
  0x18E5, 0x1905, 0x1905, 0x18E5, 0x0883, 0x0862, 0x0862, 0x0862, 0x0882, 0x0862, 0x0882, 0x08A3,
  0x0882, 0x0883, 0x0883, 0x10C4, 0x1905, 0x10E5, 0x10E5, 0x5B2E, 0x73F1, 0x6BB0, 0x6B6F, 0x6B6F,
  0x6B6F, 0x632E, 0x632E, 0x630E, 0x62ED, 0x5AAC, 0x52AC, 0x52AC, 0x528B, 0x528B, 0x52AB, 0x4A8B,
  0x5AEC, 0x6B6E, 0x0841, 0x18C3, 0x0062, 0x21C8, 0x42ED, 0x3AEE, 0x32EE, 0x3B2F, 0x4B90, 0x4370,
  0x4370, 0x32CD, 0x2A6C, 0x2A2B, 0x1988, 0x0905, 0x0063, 0x0041, 0x10A3, 0x10A3, 0x0041, 0x10A3,
  0x0882, 0x0862, 0x1082, 0x0862, 0x10A2, 0x1082, 0x10C3, 0x10C3, 0x1904, 0x2145, 0x10C3, 0x0882,
  0x10C3, 0x10C3, 0x10C3, 0x10C3, 0x08A2, 0x0882, 0x0882, 0x0882, 0x0862, 0x10A3, 0x0862, 0x0842,
  0x0862, 0x0861, 0x0841, 0x0861, 0x0861, 0x0861, 0x0861, 0x0862, 0x0882, 0x0882, 0x0862, 0x0882,
  0x0861, 0x0862, 0x0062, 0x0882, 0x10C3, 0x08A3, 0x0882, 0x0882, 0x0882, 0x08A2, 0x10E3, 0x08C3,
  0x08C3, 0x08C3, 0x1925, 0x1926, 0x2146, 0x1105, 0x1905, 0x1946, 0x2188, 0x1988, 0x21C9, 0x21C9,
  0x21C9, 0x21C9, 0x29C9, 0x29C9, 0x31C9, 0x31E9, 0x3A0A, 0x4A6B, 0x528B, 0x422A, 0x3187, 0x2125,
  0x18C4, 0x18C4, 0x10C4, 0x10C4, 0x10C3, 0x10C3, 0x08C4, 0x1126, 0x29E9, 0x21C9, 0x1987, 0x10E5,
  0x10E5, 0x1105, 0x1967, 0x29C9, 0x29E9, 0x1967, 0x1105, 0x1105, 0x1925, 0x1925, 0x1104, 0x1104,
  0x18E4, 0x10A4, 0x0862, 0x1083, 0x1082, 0x1082, 0x1082, 0x10A3, 0x1083, 0x0882, 0x0882, 0x0882,
  0x0882, 0x0882, 0x10A3, 0x10A2, 0x10A3, 0x0882, 0x10A3, 0x1083, 0x10A3, 0x18E5, 0x2166, 0x31C8,
  0x29A8, 0x1925, 0x1905, 0x1925, 0x1925, 0x1926, 0x2146, 0x2146, 0x2146, 0x1905, 0x18E4, 0x18E4,
  0x18C4, 0x18C4, 0x10C3, 0x10C3, 0x10E3, 0x10C3, 0x10C3, 0x10C3, 0x10C3, 0x10C3, 0x10C3, 0x10C4,
  0x10C4, 0x10E4, 0x10E4, 0x18E4, 0x10E4, 0x10A3, 0x10A3, 0x10C4, 0x1905, 0x2146, 0x29A7, 0x2987,
  0x2146, 0x1905, 0x1905, 0x1904, 0x10E4, 0x10E4, 0x1104, 0x1104, 0x1105, 0x10E4, 0x08A3, 0x0883,
  0x21A8, 0x21A8, 0x29C8, 0x0062, 0x1905, 0x1946, 0x1966, 0x1967, 0x2187, 0x2166, 0x1905, 0x1905,
  0x1905, 0x1905, 0x1905, 0x1905, 0x10C3, 0x0041, 0x0041, 0x0862, 0x0862, 0x0882, 0x0882, 0x0882,
  0x08A2, 0x08A3, 0x10C3, 0x08A3, 0x0083, 0x08E5, 0x1987, 0x00A4, 0x21A8, 0x638F, 0x7C12, 0x7BD0,
  0x6B6F, 0x6B6F, 0x6B2E, 0x6B4F, 0x630E, 0x630D, 0x62ED, 0x5ACD, 0x52AC, 0x4A6B, 0x4A4A, 0x4A29,
  0x4A6A, 0x52AB, 0x41E8, 0x1083, 0x18E4, 0x0862, 0x21A7, 0x32CC, 0x2ACD, 0x2AEE, 0x32EE, 0x4350,
  0x3B4F, 0x4370, 0x432F, 0x432F, 0x4B2F, 0x534F, 0x42CC, 0x10E4, 0x08A3, 0x08A3, 0x0082, 0x0062,
  0x0082, 0x0083, 0x08A2, 0x0062, 0x0882, 0x0061, 0x0062, 0x08A3, 0x0082, 0x00A3, 0x0062, 0x0082,
  0x0882, 0x0062, 0x0882, 0x0882, 0x0882, 0x0862, 0x0882, 0x0882, 0x0882, 0x10A3, 0x0862, 0x0882,
  0x0862, 0x0862, 0x0862, 0x0862, 0x0862, 0x0862, 0x0862, 0x0862, 0x0861, 0x0862, 0x0862, 0x0862,
  0x0861, 0x0862, 0x0862, 0x10C3, 0x0862, 0x0862, 0x0882, 0x10A3, 0x0862, 0x08A3, 0x08A2, 0x08C3,
  0x10C3, 0x0883, 0x10C4, 0x08A3, 0x08A3, 0x08C4, 0x10E4, 0x1105, 0x1926, 0x1967, 0x2187, 0x2188,
  0x21A8, 0x19A8, 0x2188, 0x2188, 0x21A8, 0x29A8, 0x29A8, 0x39C9, 0x422A, 0x528C, 0x4A6B, 0x39E9,
  0x2926, 0x18A4, 0x10C4, 0x10C4, 0x08C4, 0x08C3, 0x1104, 0x2187, 0x2A0A, 0x29E9, 0x1946, 0x1105,
  0x1906, 0x1926, 0x2188, 0x29E9, 0x21A8, 0x1926, 0x10E5, 0x1925, 0x1105, 0x1925, 0x1105, 0x1105,
  0x18E4, 0x10C4, 0x0883, 0x10A3, 0x0883, 0x0883, 0x1083, 0x10A3, 0x0883, 0x0882, 0x0883, 0x08A3,
  0x08A3, 0x10A3, 0x1083, 0x10A3, 0x0882, 0x0882, 0x10A3, 0x0882, 0x10C3, 0x1905, 0x2987, 0x31C8,
  0x2167, 0x10E5, 0x1905, 0x1925, 0x1905, 0x1925, 0x1946, 0x2146, 0x2166, 0x2146, 0x18E4, 0x10C4,
  0x10C3, 0x18C3, 0x18C3, 0x10C3, 0x10C3, 0x10C3, 0x10C3, 0x10C3, 0x10C4, 0x10C4, 0x10C4, 0x10C4,
  0x10C4, 0x10E4, 0x18E4, 0x10E4, 0x10C4, 0x10C4, 0x08A3, 0x10C4, 0x1925, 0x2166, 0x2187, 0x2166,
  0x1946, 0x1105, 0x1105, 0x1105, 0x10E4, 0x1105, 0x1105, 0x10E5, 0x10E4, 0x1105, 0x1905, 0x1905,
  0x08C4, 0x1905, 0x31E8, 0x0883, 0x10C4, 0x0083, 0x08A3, 0x0063, 0x21A8, 0x4A8B, 0x2987, 0x1925,
  0x1905, 0x1905, 0x1905, 0x2125, 0x2104, 0x0841, 0x0841, 0x0862, 0x0841, 0x10A3, 0x0862, 0x0862,
  0x10A3, 0x10A2, 0x0882, 0x08A3, 0x00A3, 0x00C4, 0x21E9, 0x430D, 0x324A, 0x08C4, 0x3A09, 0x8411,
  0x73AF, 0x738F, 0x6B4E, 0x632E, 0x6B4E, 0x632E, 0x5ACD, 0x62ED, 0x5ACC, 0x528B, 0x52AB, 0x526A,
  0x526A, 0x526A, 0x52AB, 0x4209, 0x0841, 0x10A3, 0x0062, 0x3ACC, 0x32CD, 0x224B, 0x2AAD, 0x2A8D,
  0x3B4F, 0x32CD, 0x3B0E, 0x3B0E, 0x3AEE, 0x2A4B, 0x220A, 0x21C9, 0x21E9, 0x324A, 0x3A8C, 0x3AAC,
  0x3AAC, 0x3A8B, 0x320A, 0x1146, 0x00C4, 0x00A4, 0x1146, 0x21C8, 0x21E9, 0x324A, 0x1125, 0x08C4,
  0x0083, 0x0083, 0x0062, 0x0882, 0x08A3, 0x08A3, 0x10E4, 0x08A3, 0x0062, 0x0042, 0x0041, 0x0042,
  0x0882, 0x08A3, 0x0062, 0x0041, 0x0882, 0x08A2, 0x0041, 0x0882, 0x0062, 0x0862, 0x10A2, 0x0862,
  0x0861, 0x0861, 0x10A3, 0x18E4, 0x10A3, 0x0882, 0x0041, 0x0041, 0x0842, 0x08A2, 0x08A3, 0x10C3,
  0x10C3, 0x08A3, 0x10C3, 0x10C3, 0x08A3, 0x10E4, 0x10E4, 0x10C4, 0x1105, 0x1925, 0x1105, 0x1946,
  0x1987, 0x1167, 0x1967, 0x1967, 0x1947, 0x1967, 0x1967, 0x2167, 0x2987, 0x31E9, 0x424A, 0x424A,
  0x4A4A, 0x39C8, 0x10C4, 0x08A3, 0x1905, 0x10E5, 0x1125, 0x29C8, 0x320A, 0x2188, 0x1105, 0x1105,
  0x1906, 0x2146, 0x2188, 0x29E9, 0x1967, 0x1105, 0x1905, 0x1925, 0x1105, 0x10E4, 0x1105, 0x1105,
  0x08C3, 0x08A3, 0x0883, 0x0883, 0x0883, 0x08A3, 0x08A4, 0x10C4, 0x08A4, 0x1925, 0x2146, 0x2987,
  0x29A7, 0x18E5, 0x10A3, 0x10C3, 0x0883, 0x10C3, 0x10C3, 0x08A3, 0x10E4, 0x2146, 0x29A8, 0x2187,
  0x1946, 0x2167, 0x29A8, 0x2188, 0x2188, 0x29A8, 0x31E9, 0x3A2A, 0x3A2A, 0x31C8, 0x1925, 0x10C4,
  0x18E4, 0x18E4, 0x1905, 0x1904, 0x1904, 0x1904, 0x1104, 0x10E4, 0x1905, 0x1905, 0x1905, 0x1905,
  0x1925, 0x1925, 0x1926, 0x1946, 0x1946, 0x1946, 0x1946, 0x1946, 0x2167, 0x2987, 0x2167, 0x1946,
  0x1125, 0x1125, 0x1125, 0x1926, 0x1946, 0x1946, 0x1926, 0x1926, 0x1966, 0x2166, 0x21A7, 0x21A7,
  0x0883, 0x1905, 0x31E9, 0x08A4, 0x10C4, 0x08A4, 0x0083, 0x1105, 0x3A6B, 0x3A4A, 0x2987, 0x1925,
  0x1925, 0x1905, 0x1905, 0x2125, 0x2105, 0x10A3, 0x0841, 0x0842, 0x0882, 0x10A3, 0x0842, 0x0882,
  0x0862, 0x0041, 0x0862, 0x0082, 0x1146, 0x21C9, 0x3AAC, 0x6411, 0x534E, 0x3209, 0x08A4, 0x18E5,
  0x73AF, 0x738F, 0x6B6E, 0x736F, 0x632E, 0x6B4E, 0x62ED, 0x5ACD, 0x528C, 0x528B, 0x528B, 0x4A6A,
  0x526A, 0x526A, 0x4229, 0x528A, 0x526A, 0x18C3, 0x0862, 0x08E4, 0x19C8, 0x2A4B, 0x222A, 0x224B,
  0x2A8C, 0x2AAC, 0x2A8C, 0x2A8C, 0x2A8C, 0x2A8C, 0x32AD, 0x32AD, 0x32CE, 0x3AEE, 0x32CD, 0x32CE,
  0x3AEE, 0x3B0E, 0x430E, 0x3AEE, 0x3AEE, 0x432F, 0x432F, 0x4B70, 0x3AEE, 0x3ACD, 0x326B, 0x324A,
  0x19C8, 0x326B, 0x3A8B, 0x322A, 0x2A09, 0x1967, 0x1126, 0x1966, 0x1967, 0x1987, 0x1126, 0x0042,
  0x00A3, 0x08E5, 0x00A3, 0x1105, 0x3A4A, 0x3A6A, 0x1105, 0x0062, 0x0041, 0x08A3, 0x0082, 0x0882,
  0x0862, 0x0882, 0x0021, 0x0041, 0x0862, 0x0041, 0x0862, 0x0041, 0x0842, 0x0862, 0x0882, 0x0882,
  0x08A3, 0x10A3, 0x10C3, 0x10C3, 0x08A3, 0x10C3, 0x1104, 0x10E4, 0x10E4, 0x1925, 0x1925, 0x1926,
  0x1146, 0x1946, 0x2187, 0x1946, 0x1967, 0x2167, 0x1967, 0x1946, 0x2166, 0x2167, 0x31E8, 0x3A09,
  0x424A, 0x424A, 0x2987, 0x2125, 0x1925, 0x1104, 0x2167, 0x31E9, 0x29A8, 0x1926, 0x1905, 0x1905,
  0x1905, 0x1905, 0x2987, 0x29A8, 0x1926, 0x1905, 0x1905, 0x1925, 0x1925, 0x1905, 0x1925, 0x1925,
  0x1946, 0x08E4, 0x1925, 0x1966, 0x29A8, 0x3229, 0x3209, 0x29C8, 0x29C9, 0x29E9, 0x29E9, 0x29C9,
  0x29A8, 0x2167, 0x1905, 0x1946, 0x1946, 0x1946, 0x2167, 0x2987, 0x29C8, 0x29A8, 0x2188, 0x2188,
  0x21A8, 0x320A, 0x3A2A, 0x31EA, 0x29C9, 0x320A, 0x3A4B, 0x3A2B, 0x3A2A, 0x31E9, 0x2188, 0x2167,
  0x2167, 0x2167, 0x2167, 0x2166, 0x2166, 0x2187, 0x2187, 0x2187, 0x2188, 0x2188, 0x21A8, 0x29A8,
  0x29C9, 0x2188, 0x21A8, 0x21A8, 0x21A8, 0x29C9, 0x29E9, 0x29C9, 0x2188, 0x2188, 0x1967, 0x1987,
  0x21A8, 0x21C8, 0x21A8, 0x29E9, 0x2A0A, 0x29C9, 0x1967, 0x1947, 0x1967, 0x2188, 0x21A8, 0x2188,
  0x08A3, 0x2146, 0x29C8, 0x10E4, 0x10E4, 0x08A4, 0x2166, 0x29E9, 0x3209, 0x2166, 0x10E4, 0x1946,
  0x2146, 0x2126, 0x2125, 0x1905, 0x2125, 0x18E4, 0x0882, 0x0862, 0x0883, 0x10A3, 0x0862, 0x0862,
  0x0862, 0x0861, 0x0041, 0x0883, 0x1146, 0x3AAC, 0x5390, 0x430D, 0x29E9, 0x10E5, 0x0063, 0x1905,
  0x2986, 0x6B8E, 0x73AF, 0x738F, 0x6B2D, 0x632D, 0x62ED, 0x62ED, 0x5AED, 0x52AC, 0x4A8A, 0x4A6A,
  0x4A6A, 0x4A49, 0x4A69, 0x4229, 0x528A, 0x4A29, 0x2945, 0x0862, 0x1925, 0x3229, 0x21E9, 0x19E9,
  0x2209, 0x2A4B, 0x2A4B, 0x2A4B, 0x2A6C, 0x2A6C, 0x2A8C, 0x2A8C, 0x2A8C, 0x32AD, 0x32CD, 0x32CD,
  0x32AD, 0x2AAD, 0x32CE, 0x32EE, 0x32EE, 0x32EE, 0x330E, 0x3B0F, 0x330E, 0x3AEE, 0x432F, 0x434F,
  0x3B0E, 0x432E, 0x3B0E, 0x434F, 0x432E, 0x430E, 0x434F, 0x4B4F, 0x4B4F, 0x42EE, 0x3AAC, 0x42ED,
  0x3AAC, 0x2A6B, 0x326B, 0x2A6B, 0x222A, 0x3AAC, 0x4B4F, 0x42EC, 0x42CC, 0x21C8, 0x1966, 0x08C3,
  0x0082, 0x0082, 0x0041, 0x0862, 0x0041, 0x0882, 0x0862, 0x0862, 0x0862, 0x0041, 0x0842, 0x0862,
  0x0862, 0x0862, 0x0882, 0x10A2, 0x0882, 0x1104, 0x1904, 0x1905, 0x2166, 0x2145, 0x1104, 0x1905,
  0x2166, 0x29A7, 0x31E8, 0x2987, 0x31C8, 0x31C8, 0x2987, 0x2987, 0x2967, 0x1925, 0x2146, 0x2145,
  0x31A7, 0x39E8, 0x39E8, 0x2966, 0x2166, 0x2146, 0x2166, 0x2166, 0x1905, 0x1905, 0x1924, 0x2125,
  0x2146, 0x3187, 0x31A8, 0x29A7, 0x29A7, 0x2966, 0x2166, 0x2166, 0x2146, 0x2987, 0x31E8, 0x3A29,
  0x31C8, 0x2187, 0x29C8, 0x29E8, 0x3209, 0x3209, 0x31E9, 0x29C9, 0x2188, 0x21C9, 0x29EA, 0x29EA,
  0x21C9, 0x2188, 0x21A8, 0x21A8, 0x29E9, 0x29C9, 0x29E9, 0x3A4B, 0x29A9, 0x21C9, 0x29EA, 0x320A,
  0x322B, 0x322B, 0x322B, 0x2A0B, 0x29EA, 0x2A0B, 0x3A4C, 0x3A6C, 0x3A4B, 0x320A, 0x31EA, 0x29EA,
  0x320A, 0x320A, 0x322A, 0x322A, 0x3A4B, 0x3A4B, 0x322A, 0x320A, 0x320A, 0x322B, 0x324B, 0x322B,
  0x3A4B, 0x322B, 0x324B, 0x326C, 0x3A6C, 0x326C, 0x3A6C, 0x324B, 0x324B, 0x324C, 0x326B, 0x326B,
  0x3A8C, 0x3A8C, 0x3AAD, 0x42AD, 0x3A8C, 0x3A8C, 0x3A6C, 0x42AD, 0x42AD, 0x3AAD, 0x3AAD, 0x3A8C,
  0x08C3, 0x29E8, 0x2166, 0x10E4, 0x10E4, 0x2146, 0x3209, 0x3209, 0x2187, 0x0883, 0x10C4, 0x1925,
  0x2146, 0x2126, 0x2126, 0x1905, 0x2125, 0x2125, 0x18E4, 0x0883, 0x10A3, 0x0883, 0x0862, 0x0883,
  0x0862, 0x0862, 0x0862, 0x10C4, 0x3A6B, 0x536F, 0x3AED, 0x19A8, 0x1105, 0x0063, 0x0883, 0x0042,
  0x2125, 0x18E4, 0x2966, 0x630D, 0x6B6E, 0x632D, 0x630D, 0x62ED, 0x62ED, 0x5ACC, 0x52AB, 0x528A,
  0x4A6A, 0x4249, 0x4228, 0x39E8, 0x39C8, 0x4A49, 0x41C8, 0x1862, 0x0001, 0x2146, 0x21E8, 0x19C8,
  0x19C8, 0x21E9, 0x220A, 0x222A, 0x2A2B, 0x222B, 0x224B, 0x2A6C, 0x226B, 0x222B, 0x222B, 0x2A4B,
  0x2A8C, 0x328C, 0x32AD, 0x32AD, 0x32AD, 0x32AD, 0x32CD, 0x330E, 0x32CD, 0x3AEF, 0x3AEF, 0x3AEF,
  0x3B0F, 0x3B2F, 0x32EE, 0x330E, 0x2AEE, 0x3B2F, 0x330E, 0x330E, 0x3B2F, 0x3B2F, 0x32CE, 0x432F,
  0x3B2E, 0x432F, 0x3B2F, 0x3B2E, 0x432F, 0x3B0E, 0x222B, 0x00C4, 0x1167, 0x326A, 0x0925, 0x00C3,
  0x1104, 0x1145, 0x10E4, 0x0062, 0x0062, 0x0882, 0x0882, 0x0882, 0x0062, 0x0862, 0x0862, 0x0862,
  0x0882, 0x10A2, 0x0882, 0x0882, 0x10A3, 0x08A3, 0x08C3, 0x1104, 0x29A7, 0x2166, 0x10C4, 0x0883,
  0x0882, 0x08A3, 0x10C4, 0x08A3, 0x10E4, 0x10C4, 0x08A3, 0x18C4, 0x20E5, 0x1083, 0x10A3, 0x18C3,
  0x10A3, 0x10A3, 0x18C3, 0x18A3, 0x10A3, 0x10A3, 0x10A3, 0x10A3, 0x10A3, 0x1083, 0x10A3, 0x10A3,
  0x10A3, 0x18E4, 0x18C4, 0x10E4, 0x10C4, 0x1083, 0x10A3, 0x10C3, 0x10C3, 0x2145, 0x2145, 0x10C4,
  0x10E4, 0x1905, 0x1926, 0x2126, 0x2126, 0x1906, 0x2127, 0x322B, 0x42AD, 0x3A8D, 0x3AAD, 0x3A8C,
  0x42AD, 0x42CD, 0x42AD, 0x324B, 0x3A6C, 0x532F, 0x532F, 0x3A8D, 0x3A6C, 0x4B0F, 0x532F, 0x532F,
  0x532F, 0x5350, 0x5330, 0x5330, 0x5330, 0x5350, 0x5350, 0x532F, 0x4B0F, 0x534F, 0x532F, 0x530F,
  0x530F, 0x530F, 0x532F, 0x532F, 0x4B0E, 0x4B0E, 0x4B0E, 0x4B0E, 0x4B0F, 0x4B0F, 0x4B0F, 0x4B0F,
  0x4B2F, 0x4B0F, 0x4B0F, 0x4B0F, 0x4B0F, 0x4B0F, 0x4B2F, 0x4B0F, 0x4B0F, 0x4B0F, 0x42EE, 0x430E,
  0x4B0E, 0x4B0F, 0x4B2F, 0x4B2F, 0x4B0F, 0x4B0F, 0x4B0F, 0x4B2F, 0x430E, 0x4B2F, 0x4B2F, 0x432F,
  0x1945, 0x2187, 0x1125, 0x1967, 0x29C9, 0x2A0A, 0x3209, 0x1946, 0x0062, 0x0862, 0x0862, 0x10E5,
  0x1926, 0x1926, 0x2126, 0x2125, 0x2125, 0x2125, 0x2126, 0x18E4, 0x10A3, 0x0042, 0x0862, 0x0861,
  0x0881, 0x0841, 0x0862, 0x08A3, 0x18E5, 0x1926, 0x0883, 0x0841, 0x0862, 0x0841, 0x0841, 0x0041,
  0x0041, 0x08A3, 0x29C8, 0x4A6A, 0x630D, 0x632D, 0x5B0C, 0x5AED, 0x5AAC, 0x52AB, 0x4A8A, 0x4A6A,
  0x4A49, 0x4229, 0x39E8, 0x39E8, 0x39C8, 0x3186, 0x39A7, 0x3987, 0x2925, 0x0842, 0x10C4, 0x21A7,
  0x21C9, 0x19A8, 0x19C8, 0x220A, 0x222A, 0x220A, 0x222A, 0x222A, 0x2A2A, 0x2A4B, 0x2A0A, 0x220A,
  0x220A, 0x2A2A, 0x224A, 0x2A4B, 0x2A2B, 0x2A0B, 0x2A4C, 0x2AAC, 0x2ACD, 0x228C, 0x32AD, 0x32CE,
  0x32CE, 0x32AE, 0x32AE, 0x32AE, 0x2A8D, 0x32AE, 0x32CE, 0x32CE, 0x32CE, 0x32CD, 0x32CD, 0x3AEE,
  0x32EE, 0x330E, 0x3AEE, 0x3B2F, 0x432E, 0x3B0E, 0x3AED, 0x3AEE, 0x430E, 0x430E, 0x42ED, 0x42ED,
  0x42AC, 0x3A6A, 0x3229, 0x2166, 0x1905, 0x1905, 0x10C4, 0x10C3, 0x10A3, 0x0882, 0x0861, 0x0861,
  0x0862, 0x1082, 0x0882, 0x0862, 0x0862, 0x0861, 0x0861, 0x0841, 0x0841, 0x1061, 0x1062, 0x1062,
  0x1061, 0x1082, 0x18A2, 0x18A3, 0x18A3, 0x18C3, 0x18C3, 0x1882, 0x20A3, 0x20A2, 0x18A2, 0x18C3,
  0x10A2, 0x10A2, 0x1062, 0x1082, 0x1082, 0x1082, 0x1082, 0x1082, 0x1082, 0x18C3, 0x10C3, 0x10C3,
  0x10A3, 0x10C3, 0x10A3, 0x10A3, 0x18C3, 0x10A3, 0x1083, 0x1082, 0x0882, 0x10A3, 0x10C3, 0x10A3,
  0x10C3, 0x10C3, 0x10C3, 0x10C3, 0x18C3, 0x18E4, 0x20E4, 0x2146, 0x530E, 0x5B91, 0x5371, 0x53B2,
  0x4B30, 0x3ACD, 0x432E, 0x5BB1, 0x5371, 0x42CE, 0x42EF, 0x4B50, 0x63F2, 0x5BB1, 0x5391, 0x5391,
  0x5371, 0x5BB2, 0x5BB2, 0x5BB2, 0x5BB2, 0x5B91, 0x5BB1, 0x5391, 0x5391, 0x5B91, 0x5B91, 0x5B91,
  0x5B91, 0x5350, 0x4B30, 0x5391, 0x5370, 0x4B50, 0x4B50, 0x4B50, 0x4B50, 0x4B50, 0x4B50, 0x4B50,
  0x4B50, 0x4B50, 0x5370, 0x4B30, 0x4B2F, 0x4B2F, 0x4B2F, 0x4B0F, 0x4B0F, 0x4B0F, 0x4B2F, 0x4B2F,
  0x4B0F, 0x430F, 0x4B0F, 0x4B0F, 0x4B0F, 0x4B2F, 0x4B2F, 0x4B2F, 0x4B0F, 0x4B0F, 0x4B2F, 0x430F,
  0x1167, 0x1147, 0x2188, 0x29E9, 0x2A09, 0x320A, 0x2167, 0x08A3, 0x0882, 0x0841, 0x0862, 0x10C4,
  0x1925, 0x1926, 0x2146, 0x2146, 0x2125, 0x2126, 0x2146, 0x1905, 0x10A3, 0x0862, 0x0863, 0x0062,
  0x0882, 0x0883, 0x10C4, 0x10E4, 0x0883, 0x0062, 0x0042, 0x0842, 0x0042, 0x0042, 0x0042, 0x0062,
  0x1125, 0x29E8, 0x3A4A, 0x52AC, 0x632D, 0x632D, 0x5AEC, 0x5AED, 0x5AAC, 0x5ACC, 0x4A8A, 0x4A6A,
  0x4A6A, 0x4A49, 0x4209, 0x39E8, 0x4208, 0x39C7, 0x39C7, 0x3987, 0x3966, 0x2105, 0x0021, 0x10C4,
  0x2187, 0x1987, 0x1987, 0x19A8, 0x21E9, 0x19C9, 0x19C9, 0x19C9, 0x21E9, 0x21EA, 0x19C9, 0x21E9,
  0x220A, 0x21E9, 0x222A, 0x222A, 0x222B, 0x222B, 0x220B, 0x220A, 0x224B, 0x2A6C, 0x2A6C, 0x2A6C,
  0x2A6C, 0x328C, 0x2A6C, 0x2A6C, 0x2A6C, 0x2A8C, 0x32AD, 0x32CD, 0x32CD, 0x3AED, 0x32AC, 0x2A6B,
  0x3A6B, 0x324A, 0x322A, 0x2A09, 0x21C8, 0x29C8, 0x3A4A, 0x29E9, 0x3209, 0x21A7, 0x1125, 0x1925,
  0x10E4, 0x10E4, 0x10C3, 0x10A2, 0x10A2, 0x0882, 0x1082, 0x1082, 0x1082, 0x1082, 0x0841, 0x0841,
  0x0841, 0x0841, 0x0861, 0x0861, 0x0861, 0x1082, 0x1082, 0x1061, 0x18A2, 0x18A2, 0x18A2, 0x1882,
  0x18A3, 0x18A3, 0x18A3, 0x18A3, 0x20E3, 0x20E4, 0x20E4, 0x2904, 0x3125, 0x2925, 0x2925, 0x2104,
  0x18A3, 0x0862, 0x18C3, 0x18C3, 0x18C3, 0x18A3, 0x10A3, 0x18C3, 0x2125, 0x2105, 0x1925, 0x1925,
  0x1925, 0x1925, 0x1925, 0x1905, 0x1905, 0x10C4, 0x10C4, 0x10C4, 0x10C4, 0x10C4, 0x10C4, 0x10C4,
  0x10E4, 0x10C3, 0x10A3, 0x10C3, 0x10C3, 0x18C3, 0x18E4, 0x18E4, 0x3A09, 0x6BD1, 0x5BB1, 0x5391,
  0x5370, 0x5BB0, 0x63D1, 0x5390, 0x5350, 0x5B91, 0x63D2, 0x63D2, 0x5390, 0x5B91, 0x5B91, 0x5B91,
  0x5B91, 0x5B91, 0x5B91, 0x5B71, 0x5B71, 0x5B71, 0x5B91, 0x5B70, 0x5B70, 0x5370, 0x5B91, 0x5330,
  0x4B2F, 0x4B2F, 0x532F, 0x534F, 0x4B2F, 0x4B2F, 0x4B2F, 0x4B2F, 0x4B2F, 0x4B2F, 0x4B2F, 0x4B2F,
  0x4B2F, 0x4B2F, 0x4B2F, 0x4B0F, 0x4B0F, 0x4B0F, 0x4AEE, 0x4AEE, 0x4AEE, 0x4B0F, 0x42EE, 0x42EE,
  0x42EE, 0x42EE, 0x430E, 0x42EE, 0x42EE, 0x42CE, 0x42CE, 0x42AD, 0x3AAD, 0x42CD, 0x42CD, 0x3AAD,
  0x4B71, 0x4B70, 0x5B6F, 0x4AED, 0x29E9, 0x1946, 0x0062, 0x0062, 0x0841, 0x0841, 0x0842, 0x08A3,
  0x1905, 0x1925, 0x1925, 0x1905, 0x2125, 0x2125, 0x2125, 0x1925, 0x10C4, 0x10A3, 0x10C4, 0x08A4,
  0x1105, 0x1105, 0x1925, 0x10A3, 0x0862, 0x0042, 0x0042, 0x1987, 0x1946, 0x0905, 0x1125, 0x1966,
  0x322A, 0x4AED, 0x4AED, 0x52AC, 0x6B2E, 0x630C, 0x5AEC, 0x5AED, 0x5ACC, 0x5ACC, 0x4A8A, 0x4A49,
  0x4249, 0x4A49, 0x4209, 0x39E8, 0x3A08, 0x31A7, 0x39A7, 0x3966, 0x3967, 0x3987, 0x20E4, 0x0842,
  0x1905, 0x1946, 0x1946, 0x1966, 0x1167, 0x21C8, 0x19A8, 0x19A7, 0x19A8, 0x19A8, 0x21E9, 0x19C9,
  0x1188, 0x1188, 0x11C8, 0x1A2A, 0x228B, 0x32AC, 0x4B8F, 0x534F, 0x3A6B, 0x21C9, 0x21C9, 0x29EA,
  0x2A09, 0x322A, 0x2A09, 0x29E9, 0x29E9, 0x29E9, 0x29E9, 0x21A8, 0x2187, 0x1946, 0x1105, 0x1105,
  0x10C4, 0x10C3, 0x10A3, 0x0882, 0x1082, 0x1082, 0x10A3, 0x08A3, 0x08A3, 0x08A3, 0x0882, 0x10A3,
  0x1082, 0x1082, 0x1082, 0x0881, 0x0861, 0x0861, 0x0861, 0x1061, 0x1061, 0x1061, 0x18A3, 0x18A3,
  0x18A3, 0x18A3, 0x18C3, 0x18C3, 0x18A3, 0x10A2, 0x18A3, 0x18C3, 0x18C3, 0x18A2, 0x1882, 0x18A2,
  0x18A3, 0x20C3, 0x20C3, 0x20E3, 0x18C3, 0x18C3, 0x18C3, 0x18C3, 0x20E4, 0x18C4, 0x18E4, 0x18E4,
  0x2105, 0x2146, 0x528B, 0x2125, 0x1904, 0x2105, 0x2966, 0x2966, 0x2145, 0x5AEC, 0x5B4E, 0x532E,
  0x532E, 0x532E, 0x532E, 0x530E, 0x530E, 0x4AED, 0x42CC, 0x428C, 0x3A8B, 0x4ACC, 0x4AAC, 0x31E9,
  0x2125, 0x10A3, 0x10A3, 0x10A3, 0x10A3, 0x18C3, 0x18E3, 0x2125, 0x1925, 0x530D, 0x532F, 0x4B0F,
  0x4B0F, 0x4B0E, 0x4AED, 0x4B0E, 0x532F, 0x4AEE, 0x4ACD, 0x530E, 0x4B0E, 0x4B0E, 0x4AEE, 0x42EE,
  0x4AEE, 0x4AEE, 0x4ACE, 0x42CE, 0x4ACE, 0x4ACE, 0x4AEE, 0x4ACD, 0x4ACD, 0x4AEE, 0x42AD, 0x4ACD,
  0x4ACE, 0x42CD, 0x42AD, 0x42AD, 0x3AAC, 0x42AD, 0x3AAC, 0x428C, 0x3A6C, 0x3A6C, 0x428C, 0x428D,
  0x428D, 0x3A8C, 0x428C, 0x3A6C, 0x3A6C, 0x3A6C, 0x326C, 0x326C, 0x326C, 0x3A6C, 0x324B, 0x324B,
  0x326B, 0x3A6C, 0x324B, 0x322B, 0x2A2B, 0x322B, 0x322B, 0x322B, 0x322B, 0x322B, 0x322B, 0x2A2A,
  0x6413, 0x5BB1, 0x5B90, 0x324A, 0x2167, 0x0883, 0x0062, 0x0862, 0x0841, 0x0841, 0x0041, 0x0862,
  0x10E5, 0x1925, 0x2146, 0x2125, 0x1904, 0x1905, 0x1905, 0x1905, 0x18E4, 0x10A3, 0x2146, 0x29C9,
  0x322A, 0x29E9, 0x2187, 0x0882, 0x0041, 0x0862, 0x0083, 0x328B, 0x4B2E, 0x430D, 0x42ED, 0x3AED,
  0x430E, 0x4B6F, 0x4ACC, 0x52AC, 0x630D, 0x630D, 0x5AEC, 0x5AEC, 0x5ACC, 0x52CB, 0x52AB, 0x528B,
  0x528A, 0x4A6A, 0x4A49, 0x4209, 0x4229, 0x39C7, 0x39C7, 0x3987, 0x4187, 0x3946, 0x4187, 0x2905,
  0x1083, 0x18E4, 0x1925, 0x1105, 0x1946, 0x1966, 0x21A8, 0x21A7, 0x19A7, 0x1988, 0x19A8, 0x328C,
  0x432F, 0x5C12, 0x7D15, 0x8DB8, 0x9E39, 0xA67A, 0x7D15, 0x3A8C, 0x2187, 0x10C4, 0x08A4, 0x10C4,
  0x10E4, 0x1905, 0x10E4, 0x10E4, 0x10C3, 0x18A4, 0x1083, 0x1083, 0x1883, 0x18A3, 0x1063, 0x1062,
  0x10A3, 0x10A3, 0x10A3, 0x10A3, 0x1082, 0x0862, 0x1061, 0x0862, 0x0842, 0x1083, 0x10A3, 0x18A3,
  0x20E4, 0x18E4, 0x18C3, 0x18C3, 0x10A3, 0x10A2, 0x1062, 0x1082, 0x1082, 0x18A3, 0x20E4, 0x2925,
  0x20E3, 0x1082, 0x18A2, 0x18A2, 0x1082, 0x1882, 0x1082, 0x18A2, 0x1082, 0x1061, 0x1062, 0x20C3,
  0x1862, 0x1883, 0x18A3, 0x18C3, 0x18A3, 0x18C3, 0x18E3, 0x2925, 0x2945, 0x2145, 0x2946, 0x2946,
  0x2946, 0x1905, 0x2966, 0x2145, 0x31A7, 0x2125, 0x2125, 0x3A09, 0x31A7, 0x31C8, 0x4AED, 0x534F,
  0x532E, 0x4B2E, 0x4AEE, 0x42CD, 0x42CE, 0x42EE, 0x42CD, 0x42CD, 0x42CD, 0x428C, 0x428C, 0x4AAC,
  0x39E9, 0x10C4, 0x10C3, 0x1082, 0x1082, 0x10A2, 0x18C2, 0x18C3, 0x1904, 0x31C8, 0x322A, 0x324B,
  0x324B, 0x29EA, 0x29C9, 0x2A0A, 0x320A, 0x322A, 0x320A, 0x320A, 0x320A, 0x320A, 0x322B, 0x320A,
  0x322B, 0x322B, 0x322B, 0x322B, 0x322B, 0x322A, 0x322B, 0x320A, 0x320A, 0x322A, 0x322B, 0x320A,
  0x320A, 0x322A, 0x320A, 0x29E9, 0x2A0A, 0x320A, 0x320A, 0x29EA, 0x320A, 0x320A, 0x31EA, 0x29EA,
  0x31EA, 0x29C9, 0x29E9, 0x2A0A, 0x2A0A, 0x2A0A, 0x2A0A, 0x2A0A, 0x29EA, 0x29E9, 0x29E9, 0x29E9,
  0x29E9, 0x29E9, 0x21C9, 0x21C9, 0x21C9, 0x29E9, 0x29E9, 0x29E9, 0x21C9, 0x29E9, 0x29C9, 0x29C9,
  0x3AAD, 0x42EE, 0x3A8C, 0x2187, 0x08A3, 0x0882, 0x0862, 0x0841, 0x0841, 0x0861, 0x0861, 0x0862,
  0x1905, 0x1104, 0x1925, 0x2125, 0x1904, 0x2125, 0x2125, 0x1904, 0x1904, 0x10C3, 0x10A3, 0x1947,
  0x21A8, 0x2187, 0x1905, 0x0042, 0x0062, 0x0062, 0x1125, 0x3B0D, 0x4B8F, 0x4B6F, 0x434F, 0x432F,
  0x4B70, 0x4B6F, 0x4B0D, 0x52AC, 0x62ED, 0x6B2D, 0x5B0C, 0x5AEC, 0x5AEC, 0x5AEC, 0x52AB, 0x528A,
  0x4A6A, 0x4A4A, 0x4229, 0x4229, 0x4228, 0x39E8, 0x39C7, 0x3987, 0x4187, 0x3966, 0x3946, 0x3946,
  0x3186, 0x10A3, 0x10C3, 0x1905, 0x1925, 0x1105, 0x1967, 0x1187, 0x19C8, 0x432E, 0x6C73, 0x95B8,
  0x9E1A, 0xAE9C, 0xA65A, 0x95F9, 0x8556, 0x6C52, 0x42EC, 0x1105, 0x0883, 0x0863, 0x0862, 0x1083,
  0x10A3, 0x1082, 0x10A2, 0x0862, 0x0861, 0x1082, 0x1062, 0x1062, 0x1082, 0x1062, 0x1082, 0x1062,
  0x0883, 0x10C4, 0x18E4, 0x1904, 0x2145, 0x2145, 0x2966, 0x3187, 0x39C8, 0x41E8, 0x4209, 0x4229,
  0x4A6A, 0x526B, 0x52AB, 0x528B, 0x5ACB, 0x528A, 0x52AB, 0x528B, 0x52AA, 0x5249, 0x5A6A, 0x62AB,
  0x41C7, 0x20C3, 0x18A2, 0x18A3, 0x1882, 0x20A3, 0x20C3, 0x18C3, 0x18C3, 0x1882, 0x1862, 0x41A7,
  0x3166, 0x3145, 0x2925, 0x3145, 0x2966, 0x3186, 0x39C7, 0x39C7, 0x39C7, 0x39E8, 0x39E8, 0x39E8,
  0x39E9, 0x39E9, 0x4A6A, 0x5AEC, 0x4229, 0x31C7, 0x31C7, 0x39E8, 0x39E8, 0x2987, 0x3A2A, 0x3A6B,
  0x3A6B, 0x326B, 0x324B, 0x326C, 0x326C, 0x2A4B, 0x2A4B, 0x324B, 0x322B, 0x322A, 0x3A4B, 0x3A4B,
  0x422A, 0x31A7, 0x10C3, 0x10C3, 0x10A3, 0x10A2, 0x18C3, 0x18C3, 0x18E4, 0x31C8, 0x3209, 0x21C9,
  0x21A8, 0x21A8, 0x29A8, 0x2167, 0x2167, 0x2188, 0x2188, 0x2188, 0x2188, 0x29C9, 0x29E9, 0x29EA,
  0x29E9, 0x29C9, 0x29E9, 0x31EA, 0x31EA, 0x29C9, 0x29E9, 0x29E9, 0x29C9, 0x31E9, 0x31EA, 0x31E9,
  0x29E9, 0x29C9, 0x29C9, 0x21A8, 0x21A8, 0x29C9, 0x29C9, 0x29C9, 0x31E9, 0x29E9, 0x29E9, 0x31E9,
  0x29E9, 0x29C9, 0x29C9, 0x29E9, 0x29E9, 0x29E9, 0x29E9, 0x29E9, 0x29E9, 0x29E9, 0x29E9, 0x29E9,
  0x29C9, 0x29C9, 0x21C9, 0x21C9, 0x29C9, 0x29C9, 0x29C9, 0x29C9, 0x29C9, 0x29C9, 0x29C9, 0x29C9,
  0x21C9, 0x29E9, 0x29C9, 0x08C4, 0x0062, 0x0862, 0x0862, 0x0861, 0x0861, 0x0841, 0x0861, 0x0862,
  0x1105, 0x10E4, 0x1904, 0x1925, 0x1904, 0x1904, 0x1904, 0x1904, 0x1904, 0x18E4, 0x0882, 0x0083,
  0x10E5, 0x1905, 0x10C3, 0x0062, 0x0082, 0x08A4, 0x2A09, 0x434F, 0x436F, 0x434F, 0x434F, 0x434F,
  0x4B90, 0x4B90, 0x4AED, 0x4A6B, 0x5AAC, 0x6B0D, 0x632D, 0x632D, 0x630D, 0x5B0C, 0x5AEC, 0x52AB,
  0x528B, 0x4A6A, 0x4A4A, 0x4229, 0x3A08, 0x4208, 0x39C7, 0x41C7, 0x39A7, 0x4187, 0x4166, 0x3945,
  0x4A08, 0x5A8B, 0x31A7, 0x0883, 0x10C4, 0x08E4, 0x1146, 0x222A, 0x538F, 0x7CF5, 0x7D16, 0x7D36,
  0x6CB4, 0x6453, 0x5C12, 0x5BB0, 0x4B0D, 0x3209, 0x1104, 0x0842, 0x0842, 0x1062, 0x0862, 0x0842,
  0x1082, 0x0861, 0x1082, 0x1082, 0x10A2, 0x10E3, 0x10E3, 0x1904, 0x1924, 0x2165, 0x2986, 0x31C7,
  0x39C8, 0x39C8, 0x526A, 0x526B, 0x62EC, 0x630D, 0x6B4E, 0x7B8F, 0x738F, 0x736E, 0x734E, 0x7BB0,
  0x6B2E, 0x5AAC, 0x4A2A, 0x41C8, 0x3187, 0x3166, 0x3186, 0x3166, 0x3166, 0x3125, 0x3104, 0x3125,
  0x2904, 0x3104, 0x2904, 0x2904, 0x28E3, 0x3104, 0x2904, 0x2104, 0x18C3, 0x1041, 0x1862, 0x41A7,
  0x3967, 0x3987, 0x3146, 0x39A7, 0x31A7, 0x31A7, 0x31A7, 0x39C8, 0x39E8, 0x3A08, 0x3A09, 0x3A08,
  0x39E8, 0x39E8, 0x3A08, 0x4A6A, 0x4229, 0x31A7, 0x2145, 0x3187, 0x31A7, 0x31A7, 0x2987, 0x31E9,
  0x3209, 0x3A4B, 0x324B, 0x326B, 0x326B, 0x326B, 0x3A6C, 0x3A6C, 0x3A6B, 0x3A2A, 0x31C8, 0x29A7,
  0x29A7, 0x31A7, 0x2125, 0x1082, 0x10A2, 0x10A2, 0x18C3, 0x18C3, 0x18C4, 0x31E8, 0x3A4A, 0x322A,
  0x322A, 0x320A, 0x29E9, 0x320A, 0x31E9, 0x31E9, 0x31E9, 0x29C9, 0x29A8, 0x29E9, 0x2A0A, 0x322A,
  0x322A, 0x3A2B, 0x3A2B, 0x3A2B, 0x3A2B, 0x3A4B, 0x426B, 0x3A4B, 0x3A4B, 0x3A4B, 0x3A4B, 0x3A2B,
  0x3A4B, 0x322A, 0x322A, 0x29E9, 0x29E9, 0x29E9, 0x320A, 0x322A, 0x3A4B, 0x3A4B, 0x3A4B, 0x322A,
  0x322A, 0x322A, 0x322A, 0x322A, 0x324A, 0x324A, 0x324B, 0x324B, 0x324B, 0x324A, 0x324A, 0x324A,
  0x322A, 0x322A, 0x324A, 0x322A, 0x322A, 0x2A0A, 0x2A0A, 0x322A, 0x324B, 0x322A, 0x324A, 0x324A,
  0x3209, 0x29E9, 0x1926, 0x0082, 0x0862, 0x0862, 0x0862, 0x0862, 0x0041, 0x0841, 0x0862, 0x0882,
  0x08A3, 0x10C4, 0x10C4, 0x18E4, 0x1924, 0x1904, 0x1904, 0x1904, 0x1904, 0x10E3, 0x0882, 0x0062,
  0x0862, 0x10A2, 0x0861, 0x0061, 0x08A3, 0x1146, 0x3AAC, 0x4B90, 0x4390, 0x436F, 0x436F, 0x4370,
  0x4B90, 0x53D1, 0x530E, 0x528C, 0x5A8C, 0x62EC, 0x632D, 0x634D, 0x5B0C, 0x5AEC, 0x5ACC, 0x52AB,
  0x528A, 0x4A6A, 0x4A6A, 0x4A49, 0x4249, 0x4229, 0x39C8, 0x39C7, 0x3986, 0x3986, 0x3986, 0x3966,
  0x3125, 0x41A7, 0x4A4A, 0x2987, 0x08A4, 0x1946, 0x324B, 0x4BB0, 0x5C53, 0x6453, 0x5C12, 0x4B90,
  0x4BB0, 0x4BB0, 0x3B0E, 0x326B, 0x2167, 0x0842, 0x1042, 0x1082, 0x0882, 0x1082, 0x18A3, 0x18C3,
  0x2925, 0x2945, 0x2946, 0x3186, 0x39C7, 0x4A29, 0x528A, 0x5ACB, 0x62EC, 0x6B2D, 0x6B2D, 0x732E,
  0x838F, 0x838F, 0x7B4E, 0x730D, 0x72EC, 0x626B, 0x5A29, 0x49E8, 0x49C8, 0x41A7, 0x41A7, 0x3987,
  0x20C4, 0x3105, 0x3105, 0x3105, 0x3104, 0x3104, 0x28C3, 0x28E3, 0x3104, 0x3104, 0x3104, 0x3104,
  0x3104, 0x28E4, 0x3125, 0x3125, 0x3945, 0x3946, 0x3145, 0x2924, 0x18A2, 0x1882, 0x20A3, 0x49C8,
  0x522A, 0x5A6A, 0x524A, 0x524A, 0x4A6A, 0x4A6A, 0x4A6A, 0x4A8A, 0x4249, 0x4A69, 0x4A6A, 0x4A4A,
  0x4A6A, 0x4A4A, 0x4229, 0x4A29, 0x4208, 0x4208, 0x39E8, 0x39C7, 0x3186, 0x3186, 0x3186, 0x2966,
  0x2146, 0x3A09, 0x42AB, 0x4AED, 0x42AC, 0x3A4B, 0x3209, 0x29C8, 0x2987, 0x1925, 0x1904, 0x18E4,
  0x10C3, 0x10C3, 0x10A3, 0x10C3, 0x10A3, 0x1083, 0x18C3, 0x18C4, 0x2926, 0x424A, 0x4ACD, 0x42CC,
  0x4ACD, 0x4ACD, 0x42AC, 0x428C, 0x428C, 0x426B, 0x3A4B, 0x31E9, 0x322A, 0x428C, 0x42AD, 0x42CD,
  0x42CD, 0x4ACD, 0x4ACD, 0x4AAD, 0x42AD, 0x42AD, 0x4ACD, 0x4ACD, 0x42AD, 0x4ACD, 0x4ACD, 0x4ACD,
  0x4ACD, 0x42AD, 0x42AC, 0x3A6B, 0x3A4B, 0x322A, 0x3A4B, 0x3A8C, 0x4ACD, 0x4ACD, 0x4AED, 0x42CD,
  0x42CD, 0x42AD, 0x42AD, 0x42AC, 0x42AD, 0x42AD, 0x42CD, 0x42CD, 0x42CD, 0x42CD, 0x42CD, 0x42CD,
  0x42CD, 0x42AD, 0x3A8C, 0x324B, 0x324B, 0x324B, 0x3A6B, 0x3AAC, 0x42CD, 0x42CD, 0x42AD, 0x3AAC,
  0x29C8, 0x1104, 0x0862, 0x0062, 0x0041, 0x0882, 0x0062, 0x0042, 0x0062, 0x0862, 0x08A3, 0x08A3,
  0x08A3, 0x08A3, 0x08A3, 0x08A3, 0x10C3, 0x10C3, 0x10C3, 0x18E4, 0x18E4, 0x18E4, 0x10C3, 0x0882,
  0x0882, 0x0861, 0x0841, 0x0062, 0x1146, 0x328B, 0x4B90, 0x4390, 0x3B4F, 0x3B4F, 0x436F, 0x4390,
  0x53B1, 0x53D1, 0x4B0D, 0x4A8B, 0x528C, 0x630C, 0x632D, 0x630C, 0x62EC, 0x5AEC, 0x5ACB, 0x5AAB,
  0x52AB, 0x528A, 0x4A6A, 0x4229, 0x4229, 0x39E8, 0x39E7, 0x41E8, 0x41C7, 0x3986, 0x4186, 0x4166,
  0x4187, 0x2905, 0x3187, 0x3A09, 0x42AC, 0x42EE, 0x53B1, 0x4390, 0x4350, 0x3AEE, 0x3AEE, 0x3AEE,
  0x3ACE, 0x3ACD, 0x322A, 0x2126, 0x28E5, 0x4166, 0x51A7, 0x626A, 0x6AAB, 0x628B, 0x6AEC, 0x730D,
  0x6B0C, 0x6AEC, 0x730D, 0x6A6B, 0x59C8, 0x5986, 0x4945, 0x4145, 0x4946, 0x4966, 0x4146, 0x4105,
  0x3925, 0x4125, 0x30E4, 0x3104, 0x3104, 0x3104, 0x3104, 0x28E3, 0x20A3, 0x28E3, 0x20A3, 0x28E3,
  0x20C3, 0x20C3, 0x20C3, 0x20C3, 0x20E3, 0x2903, 0x20E3, 0x2904, 0x2904, 0x20E4, 0x2904, 0x2104,
  0x2104, 0x2945, 0x2945, 0x2924, 0x2104, 0x39C8, 0x73AF, 0x632D, 0x3186, 0x18C4, 0x18C3, 0x2104,
  0x39C7, 0x2945, 0x39E8, 0x39E8, 0x4209, 0x4209, 0x4249, 0x4A6A, 0x4249, 0x4A6A, 0x4249, 0x4209,
  0x4229, 0x4249, 0x4A49, 0x4229, 0x4208, 0x4228, 0x4208, 0x4229, 0x4A49, 0x39C7, 0x39C7, 0x39E8,
  0x4A8B, 0x29A7, 0x0883, 0x18E4, 0x10A3, 0x10A3, 0x10A3, 0x18A3, 0x1062, 0x1082, 0x1082, 0x1082,
  0x1082, 0x10C3, 0x10A3, 0x18E4, 0x2166, 0x31E8, 0x428A, 0x4AAC, 0x52CD, 0x5B2F, 0x5B2F, 0x534F,
  0x534F, 0x532E, 0x4B0D, 0x4B0E, 0x4ACE, 0x42AD, 0x42CD, 0x42AC, 0x52EE, 0x52EE, 0x4B0F, 0x532F,
  0x5B50, 0x5B4F, 0x534F, 0x534F, 0x534F, 0x5B70, 0x534F, 0x532F, 0x534F, 0x534F, 0x534F, 0x532F,
  0x530E, 0x530F, 0x530F, 0x4ACD, 0x4AEE, 0x4B0E, 0x534F, 0x534F, 0x4B2F, 0x4B0F, 0x4B2F, 0x534F,
  0x534F, 0x534F, 0x534F, 0x4B2E, 0x532F, 0x532F, 0x532F, 0x4B2F, 0x4B2F, 0x4B2F, 0x4B0E, 0x4B2E,
  0x4B0E, 0x4B0E, 0x42ED, 0x42CE, 0x42CE, 0x42EE, 0x42EE, 0x4B0E, 0x4B0E, 0x4B2E, 0x4B0E, 0x430E,
  0x1125, 0x0062, 0x0862, 0x0861, 0x0041, 0x0062, 0x0062, 0x0062, 0x0883, 0x10C4, 0x10E5, 0x10E4,
  0x10E4, 0x10E4, 0x10C4, 0x08A3, 0x10A3, 0x08A3, 0x10A3, 0x10C3, 0x18E4, 0x18E4, 0x10C3, 0x08A2,
  0x0861, 0x0862, 0x0041, 0x08C4, 0x2209, 0x430E, 0x4BB0, 0x3B2F, 0x53D1, 0x4BB1, 0x434F, 0x3B4F,
  0x4B70, 0x53B0, 0x532E, 0x4A8B, 0x528B, 0x5ACB, 0x632D, 0x632D, 0x62ED, 0x630C, 0x5AEC, 0x5ACC,
  0x52AB, 0x528A, 0x4A6A, 0x4A49, 0x4A49, 0x4228, 0x4208, 0x41C7, 0x39A7, 0x3986, 0x3986, 0x3966,
  0x4166, 0x3146, 0x39C8, 0x4AAB, 0x4AED, 0x432E, 0x3AEE, 0x330D, 0x2ACD, 0x2AAC, 0x2A8B, 0x2A8B,
  0x32AC, 0x2A6B, 0x2987, 0x18C4, 0x3966, 0x6A6A, 0x7ACC, 0x6A8B, 0x624A, 0x49C8, 0x4187, 0x3966,
  0x41A7, 0x626A, 0x6AAB, 0x6A8B, 0x59C8, 0x6208, 0x51C7, 0x4987, 0x4187, 0x4186, 0x4145, 0x3925,
  0x3925, 0x30E4, 0x3104, 0x28C3, 0x20C3, 0x20A3, 0x20A2, 0x18A2, 0x1082, 0x18A2, 0x1082, 0x1882,
  0x1082, 0x1082, 0x10A1, 0x10A2, 0x10A2, 0x10A2, 0x0881, 0x0861, 0x0862, 0x10A2, 0x18A2, 0x10A2,
  0x10A2, 0x10A2, 0x18C3, 0x20C3, 0x20E4, 0x31A7, 0x8431, 0x528B, 0x18C4, 0x1062, 0x1082, 0x1882,
  0x39E8, 0x4229, 0x4A6A, 0x4249, 0x4208, 0x39C7, 0x39C7, 0x39C7, 0x31C7, 0x39E8, 0x39E8, 0x4208,
  0x4208, 0x39E8, 0x31A7, 0x3186, 0x2966, 0x2965, 0x2965, 0x2965, 0x2945, 0x2105, 0x18E4, 0x3186,
  0x4A8A, 0x52AB, 0x2145, 0x18A3, 0x1082, 0x1061, 0x1062, 0x1882, 0x1082, 0x1882, 0x18A2, 0x18A2,
  0x10A3, 0x18C3, 0x18C3, 0x18E4, 0x31A7, 0x4A8B, 0x5B0D, 0x5B2E, 0x636F, 0x634F, 0x6B2F, 0x6330,
  0x5B2F, 0x532E, 0x4B2E, 0x4ACE, 0x428D, 0x530F, 0x532F, 0x4AEE, 0x3A6C, 0x4ACD, 0x5330, 0x5B91,
  0x5B91, 0x5B70, 0x5B70, 0x5370, 0x534F, 0x534F, 0x534F, 0x534F, 0x534F, 0x534F, 0x534F, 0x534F,
  0x5B50, 0x532F, 0x532F, 0x532F, 0x532F, 0x5350, 0x5350, 0x532F, 0x4B2F, 0x4B2F, 0x534F, 0x5350,
  0x534F, 0x4B2F, 0x4B2F, 0x4B4F, 0x4B4F, 0x4B4F, 0x4B2F, 0x4B2F, 0x4B2F, 0x4B2F, 0x4B2F, 0x4B0F,
  0x4B0F, 0x4B0F, 0x4B0F, 0x4B0F, 0x4B0F, 0x4B2F, 0x4B4F, 0x4B2F, 0x4B2F, 0x4B2F, 0x4B2F, 0x4B2F,
  0x0883, 0x0062, 0x0861, 0x0861, 0x0861, 0x0062, 0x0041, 0x0062, 0x10E4, 0x1925, 0x1926, 0x1925,
  0x1905, 0x1905, 0x1105, 0x08A4, 0x08A3, 0x0882, 0x10A3, 0x10A3, 0x10C3, 0x10E4, 0x10C3, 0x10A3,
  0x0862, 0x0862, 0x0042, 0x1966, 0x3AED, 0x436F, 0x4370, 0x4B90, 0x7D37, 0x9E3A, 0x6CB5, 0x434F,
  0x4B90, 0x5BB0, 0x4AED, 0x52AC, 0x528B, 0x5AEC, 0x632D, 0x632D, 0x6B2E, 0x630D, 0x5AEC, 0x5ACC,
  0x5AAB, 0x528A, 0x528A, 0x4A6A, 0x4249, 0x4229, 0x4229, 0x39E8, 0x41E8, 0x41C8, 0x39A7, 0x3987,
  0x3986, 0x39C7, 0x4A49, 0x4A8B, 0x4AEC, 0x3AAC, 0x3AAC, 0x32AB, 0x326A, 0x2A49, 0x2A49, 0x2A29,
  0x21E8, 0x21C7, 0x18E4, 0x1062, 0x3124, 0x5A28, 0x72EC, 0x834E, 0x838F, 0x836F, 0x838F, 0x838F,
  0x732D, 0x734D, 0x7B4D, 0x624A, 0x51A7, 0x3945, 0x3124, 0x28E4, 0x28E4, 0x20C3, 0x20A3, 0x1882,
  0x1862, 0x1862, 0x1862, 0x1062, 0x1062, 0x1082, 0x1082, 0x1082, 0x1082, 0x1082, 0x1082, 0x1082,
  0x1082, 0x0861, 0x0881, 0x0881, 0x08A2, 0x0882, 0x1082, 0x18C3, 0x1904, 0x20E4, 0x18E3, 0x18C3,
  0x10A2, 0x10A2, 0x1082, 0x1862, 0x1882, 0x10A3, 0x4A29, 0x39A7, 0x1041, 0x1041, 0x1882, 0x1882,
  0x18C3, 0x3145, 0x3145, 0x2945, 0x2904, 0x20C3, 0x18A3, 0x20E4, 0x20E4, 0x20C3, 0x20E3, 0x28E4,
  0x20E4, 0x20E4, 0x20E4, 0x20E4, 0x18C3, 0x18C3, 0x20E4, 0x20E4, 0x18A3, 0x18A3, 0x18C3, 0x18A3,
  0x2945, 0x2925, 0x20C4, 0x20E4, 0x1882, 0x1882, 0x1882, 0x18A2, 0x18A2, 0x20A3, 0x20C3, 0x20C3,
  0x18E3, 0x18A2, 0x1882, 0x1062, 0x18A3, 0x18C4, 0x3126, 0x3967, 0x41C9, 0x422A, 0x52CC, 0x52ED,
  0x530E, 0x52EE, 0x424B, 0x42AD, 0x5B0F, 0x5B30, 0x52EF, 0x3A8D, 0x430E, 0x5BB1, 0x5B91, 0x5371,
  0x5371, 0x5B70, 0x5B70, 0x5370, 0x5370, 0x5350, 0x5370, 0x5370, 0x5370, 0x5370, 0x5370, 0x5370,
  0x5350, 0x5350, 0x5350, 0x5350, 0x5350, 0x5350, 0x5370, 0x4B50, 0x5350, 0x5350, 0x5350, 0x5370,
  0x5350, 0x4B4F, 0x4B4F, 0x4B2F, 0x4B4F, 0x4B4F, 0x4B50, 0x4B30, 0x4B50, 0x4B30, 0x4B4F, 0x4B2F,
  0x4B2F, 0x4B4F, 0x4B2F, 0x4B30, 0x4B50, 0x4B50, 0x4B50, 0x4B2F, 0x4B2F, 0x4B2F, 0x430F, 0x430F,
  0x0062, 0x0861, 0x0861, 0x0861, 0x0862, 0x0041, 0x0882, 0x10E4, 0x2146, 0x1926, 0x1926, 0x1926,
  0x1926, 0x2146, 0x1946, 0x10E4, 0x08A3, 0x0882, 0x08A3, 0x10A3, 0x10A3, 0x10C3, 0x08A3, 0x1082,
  0x0862, 0x0041, 0x00A3, 0x2209, 0x434F, 0x43B0, 0x3B4F, 0x4390, 0x5412, 0x6CD5, 0x5C53, 0x3B4F,
  0x436F, 0x4B4F, 0x52ED, 0x52CC, 0x526B, 0x5ACC, 0x630D, 0x632D, 0x62ED, 0x632D, 0x5ACC, 0x5ACC,
  0x5ACB, 0x5ACB, 0x528A, 0x4A4A, 0x4249, 0x4249, 0x4249, 0x4209, 0x41E8, 0x41E8, 0x39C8, 0x39C7,
  0x3186, 0x2945, 0x18C3, 0x10C3, 0x10C3, 0x00A3, 0x08A3, 0x10A3, 0x08A3, 0x0862, 0x1083, 0x1083,
  0x1083, 0x10A3, 0x18C3, 0x1041, 0x0800, 0x20A2, 0x28C3, 0x49E8, 0x5229, 0x49E8, 0x41A7, 0x3946,
  0x2925, 0x5229, 0x7B6D, 0x3125, 0x1021, 0x1041, 0x1082, 0x18A3, 0x1083, 0x1082, 0x1082, 0x1082,
  0x1082, 0x1082, 0x10A2, 0x10A2, 0x10A2, 0x10A2, 0x10A2, 0x10A2, 0x10A2, 0x1082, 0x1082, 0x1082,
  0x1082, 0x0861, 0x0881, 0x1081, 0x1082, 0x1082, 0x1862, 0x1062, 0x1062, 0x1882, 0x1862, 0x1882,
  0x1882, 0x20A2, 0x28C3, 0x30E4, 0x30E4, 0x2904, 0x28E3, 0x3124, 0x3104, 0x28E4, 0x3104, 0x28E4,
  0x20C3, 0x2904, 0x28E3, 0x20C3, 0x20C3, 0x28E3, 0x2904, 0x20A3, 0x28C3, 0x20A3, 0x28E3, 0x28C3,
  0x28C3, 0x28C3, 0x20C3, 0x20C3, 0x20C3, 0x20C3, 0x20C3, 0x20C3, 0x20C3, 0x20A3, 0x20C3, 0x28E4,
  0x20C3, 0x28E4, 0x20C3, 0x20A3, 0x20A3, 0x20C3, 0x20C3, 0x20C3, 0x28E3, 0x20E3, 0x20E3, 0x28E4,
  0x2104, 0x28E4, 0x3946, 0x3146, 0x2945, 0x2946, 0x30E5, 0x30C5, 0x30C4, 0x2924, 0x31A6, 0x3A08,
  0x41E9, 0x524C, 0x6B0F, 0x6390, 0x63B1, 0x5B70, 0x530F, 0x532F, 0x5BB1, 0x5BD1, 0x5B91, 0x5B91,
  0x5BB1, 0x5BB1, 0x5BB1, 0x5BB1, 0x5BB1, 0x5BB1, 0x5BB1, 0x5BB1, 0x5BB1, 0x5BB1, 0x5B91, 0x5370,
  0x5B71, 0x5B91, 0x5B91, 0x5B91, 0x5B91, 0x5B91, 0x5BB1, 0x5391, 0x5BB1, 0x5BB1, 0x5391, 0x5391,
  0x5370, 0x5370, 0x4B50, 0x4B50, 0x5370, 0x5370, 0x5370, 0x4B50, 0x5370, 0x5370, 0x5370, 0x5370,
  0x4B50, 0x4B50, 0x4B50, 0x4B50, 0x5370, 0x4B50, 0x4B50, 0x4B2F, 0x4B2F, 0x4B50, 0x4B50, 0x4B50,
  0x0041, 0x0841, 0x0841, 0x0861, 0x0041, 0x0062, 0x0882, 0x10C3, 0x08C3, 0x10C4, 0x08C4, 0x10E4,
  0x10C4, 0x10E4, 0x10E5, 0x10E5, 0x08A3, 0x0882, 0x0882, 0x0882, 0x10C3, 0x18E4, 0x0882, 0x0882,
  0x0021, 0x0062, 0x1146, 0x3B0D, 0x4BB0, 0x4BF1, 0x4BF1, 0x4BD1, 0x4BD1, 0x4BF1, 0x438F, 0x3B4E,
  0x434E, 0x432E, 0x530D, 0x5ACC, 0x62CC, 0x62EC, 0x5B0D, 0x630D, 0x630D, 0x630D, 0x632D, 0x630D,
  0x630D, 0x630D, 0x52AB, 0x52AB, 0x52AB, 0x4A8A, 0x528B, 0x4A4A, 0x4229, 0x4A4A, 0x4A4A, 0x4A4A,
  0x526A, 0x39C7, 0x0861, 0x0041, 0x0000, 0x0062, 0x0883, 0x0842, 0x0862, 0x1043, 0x1063, 0x1083,
  0x1063, 0x1883, 0x20E3, 0x2945, 0x2924, 0x20C3, 0x20C2, 0x1882, 0x1042, 0x1842, 0x1042, 0x1041,
  0x1041, 0x0821, 0x1061, 0x1882, 0x0800, 0x0841, 0x0841, 0x0862, 0x0021, 0x0820, 0x0820, 0x0820,
  0x0861, 0x0862, 0x18E3, 0x10A2, 0x10A3, 0x10A3, 0x10A2, 0x18A2, 0x1882, 0x1061, 0x1041, 0x1061,
  0x1882, 0x1882, 0x20A3, 0x28A2, 0x28A3, 0x38C4, 0x30A4, 0x38E5, 0x4105, 0x4987, 0x49A7, 0x49A7,
  0x4166, 0x4166, 0x3925, 0x3925, 0x3925, 0x3124, 0x3104, 0x30E4, 0x30E4, 0x28C3, 0x30E4, 0x30E4,
  0x28E3, 0x28E3, 0x3104, 0x28C3, 0x28C3, 0x28E3, 0x28E3, 0x28C3, 0x3104, 0x28C3, 0x3104, 0x30E4,
  0x30E3, 0x28C3, 0x28C3, 0x28E4, 0x28C3, 0x28C4, 0x28E4, 0x28E4, 0x28E4, 0x28C3, 0x28C3, 0x4165,
  0x4186, 0x3945, 0x28C3, 0x3104, 0x30E3, 0x20C3, 0x28E3, 0x2904, 0x28E3, 0x28E4, 0x28E3, 0x28C3,
  0x20C2, 0x30E4, 0x6A4A, 0x49A7, 0x52AB, 0x52AA, 0x6AAB, 0x51C8, 0x48E4, 0x6125, 0x5882, 0x58C4,
  0x5906, 0x30A5, 0x520B, 0x6BD0, 0x5B90, 0x4B0E, 0x5B2F, 0x5B2F, 0x5B70, 0x5350, 0x5B70, 0x5B90,
  0x5B91, 0x63B1, 0x63B1, 0x5B91, 0x5B91, 0x5B91, 0x5BB1, 0x5B91, 0x5B91, 0x5B70, 0x5B91, 0x5B70,
  0x5B71, 0x5B91, 0x5B91, 0x5B91, 0x5B91, 0x5B91, 0x5B91, 0x5B91, 0x5B91, 0x5BB1, 0x5B91, 0x5370,
  0x5370, 0x5350, 0x5350, 0x5370, 0x5370, 0x5350, 0x5350, 0x5350, 0x5350, 0x5350, 0x5350, 0x4B4F,
  0x4B4F, 0x4B50, 0x5350, 0x5350, 0x5350, 0x4B50, 0x4B2F, 0x4B2F, 0x430F, 0x4B2F, 0x4B2F, 0x4B2F,
  0x0841, 0x0841, 0x0841, 0x0041, 0x0041, 0x0062, 0x0882, 0x08A3, 0x0882, 0x0082, 0x0082, 0x0883,
  0x0883, 0x08A3, 0x10C4, 0x10C4, 0x10A3, 0x0862, 0x0882, 0x08A3, 0x10A3, 0x10A3, 0x0862, 0x0042,
  0x0883, 0x1125, 0x3AAB, 0x53D1, 0x5C12, 0x5C32, 0x6473, 0x6473, 0x5C73, 0x5411, 0x3B2E, 0x3B2D,
  0x3AED, 0x42ED, 0x5B2E, 0x738F, 0x736F, 0x7BD0, 0x6B8F, 0x738F, 0x734F, 0x736F, 0x6B4E, 0x736E,
  0x6B4E, 0x6B4E, 0x6B6E, 0x738F, 0x73AF, 0x6B8F, 0x73AF, 0x73AF, 0x7BB0, 0x738F, 0x736F, 0x7BD0,
  0x7BF0, 0x8C51, 0x632D, 0x632C, 0x5B0C, 0x52CB, 0x5AEC, 0x4AAB, 0x4ACC, 0x3A4A, 0x3A2A, 0x3A09,
  0x29A8, 0x1926, 0x2924, 0x18C3, 0x20E3, 0x18C3, 0x2104, 0x2925, 0x3145, 0x3146, 0x3146, 0x3145,
  0x2904, 0x20E4, 0x20C3, 0x20A3, 0x20C3, 0x20C3, 0x20A3, 0x20C4, 0x20C4, 0x83AE, 0x1020, 0x730C,
  0x39A6, 0x1061, 0x1041, 0x1862, 0x1862, 0x2083, 0x20A3, 0x2882, 0x30A3, 0x38E4, 0x38E4, 0x3904,
  0x4105, 0x4125, 0x5146, 0x5966, 0x6167, 0x6987, 0x71E9, 0x71E9, 0x69E9, 0x5146, 0x4966, 0x4946,
  0x4125, 0x3904, 0x30E4, 0x30C4, 0x30C4, 0x30E3, 0x30E3, 0x30E3, 0x28C3, 0x3125, 0x30E4, 0x28C3,
  0x28E4, 0x28E4, 0x28E4, 0x28C3, 0x28E3, 0x28E3, 0x28E4, 0x28E4, 0x28C3, 0x28E4, 0x28E4, 0x28E4,
  0x28E4, 0x28E4, 0x28C3, 0x28E4, 0x28C3, 0x30E4, 0x28C3, 0x28C3, 0x28C3, 0x28C3, 0x28E3, 0x28A2,
  0x3925, 0x51C7, 0x4145, 0x30C3, 0x4166, 0x3104, 0x28C3, 0x28C3, 0x30E3, 0x3104, 0x3104, 0x30E4,
  0x30E3, 0x4905, 0x82CD, 0x93B0, 0x6B0C, 0x62CB, 0x59A7, 0x60E4, 0x78C3, 0x9903, 0x98A1, 0xB185,
  0x80C3, 0x6064, 0x4043, 0x3146, 0x3A49, 0x3A8A, 0x426B, 0x424B, 0x4AAD, 0x42AD, 0x42AC, 0x42AC,
  0x4ACD, 0x4ACD, 0x42AD, 0x428D, 0x42AD, 0x428C, 0x428C, 0x428C, 0x426C, 0x428C, 0x428C, 0x428C,
  0x42AD, 0x42AD, 0x42AD, 0x42AD, 0x42AD, 0x42AD, 0x42CD, 0x42AD, 0x42AD, 0x42AD, 0x428C, 0x3A8C,
  0x428C, 0x428C, 0x42AD, 0x428C, 0x3A8C, 0x3A8C, 0x428C, 0x428C, 0x428C, 0x428C, 0x42AD, 0x3AAC,
  0x3A8C, 0x3A8C, 0x3AAC, 0x3A8C, 0x3A8C, 0x3A8C, 0x3A8C, 0x3A8C, 0x3A8C, 0x3A8C, 0x3A8C, 0x3A8C,
  0x0861, 0x0841, 0x0841, 0x0861, 0x0862, 0x0862, 0x0882, 0x0882, 0x0042, 0x0862, 0x0862, 0x0862,
  0x0883, 0x10A3, 0x10C3, 0x10A3, 0x08A3, 0x0882, 0x0862, 0x0041, 0x0041, 0x0862, 0x0862, 0x0042,
  0x1966, 0x326B, 0x536F, 0x53D0, 0x5BD0, 0x5BF1, 0x536F, 0x4B6F, 0x53AF, 0x536F, 0x3ACC, 0x3A8B,
  0x322A, 0x4ACC, 0x5AEC, 0x5ACC, 0x5A8B, 0x738F, 0x73B0, 0x7BD0, 0x9453, 0x9493, 0x9493, 0x9CF4,
  0x9CD4, 0x9CD4, 0x94B4, 0x9493, 0x8C52, 0x9493, 0x9473, 0x8C32, 0x8C32, 0x8412, 0x8C32, 0x8411,
  0x8411, 0x7BCF, 0x7BF0, 0x738F, 0x94B3, 0x9CB4, 0x7BF1, 0x7C72, 0x8CD4, 0x9514, 0x9515, 0x9D77,
  0xADF9, 0xBE9B, 0x8C51, 0x736E, 0x39A7, 0x1082, 0x0861, 0x0841, 0x1041, 0x1062, 0x1882, 0x18A3,
  0x20A3, 0x20C3, 0x28E4, 0x3104, 0x30E4, 0x3945, 0x3925, 0x30E4, 0x30E4, 0x28A2, 0xC555, 0x2861,
  0x4966, 0x38C4, 0x38C4, 0x40C4, 0x40E4, 0x4905, 0x5125, 0x5946, 0x5946, 0x6146, 0x6146, 0x6967,
  0x7188, 0x71A8, 0x6987, 0x7188, 0x81C9, 0x920A, 0x924B, 0x926B, 0x6988, 0x40C4, 0x38E4, 0x38E4,
  0x30E4, 0x30E4, 0x28E3, 0x28E3, 0x28E4, 0x28E3, 0x28E3, 0x28C3, 0x28E4, 0x28E4, 0x28C4, 0x28E4,
  0x28E4, 0x28E4, 0x28E4, 0x28E4, 0x28E4, 0x28C4, 0x28E4, 0x20E4, 0x28E4, 0x20C3, 0x2904, 0x20C3,
  0x20A3, 0x20A3, 0x20A3, 0x28C3, 0x28C3, 0x3104, 0x30E4, 0x30E4, 0x30E4, 0x30E4, 0x28C3, 0x30C4,
  0x30C4, 0x4105, 0x4987, 0x4125, 0x30E4, 0x4125, 0x38E4, 0x30E4, 0x30C3, 0x30C4, 0x30C4, 0x30C4,
  0x3924, 0x7209, 0x9AEE, 0x7A8C, 0x624A, 0x59E8, 0x68E5, 0xA945, 0xFBAC, 0xFC6D, 0xFC8B, 0xFCCC,
  0xA9A2, 0x9903, 0x8084, 0x5043, 0x3104, 0x31C7, 0x31A7, 0x3167, 0x2967, 0x2167, 0x29A7, 0x29A8,
  0x29A8, 0x31C8, 0x31A8, 0x29A8, 0x31A8, 0x29A8, 0x29A8, 0x2988, 0x2988, 0x31A8, 0x29A8, 0x31C9,
  0x31C9, 0x31C9, 0x31C9, 0x29C9, 0x29C9, 0x29A8, 0x29C9, 0x29A8, 0x29A8, 0x29C9, 0x29C9, 0x29C9,
  0x29C9, 0x29A8, 0x29A8, 0x29C9, 0x29C9, 0x29C9, 0x29A8, 0x29C9, 0x29C9, 0x29C9, 0x29C9, 0x29E9,
  0x29E9, 0x29E9, 0x29C9, 0x29C9, 0x29C8, 0x29A8, 0x29C9, 0x29E9, 0x29C9, 0x29C9, 0x29C9, 0x29C9,
  0x0841, 0x0841, 0x0841, 0x0862, 0x10A3, 0x10A3, 0x10C3, 0x10C3, 0x0862, 0x0862, 0x0862, 0x0882,
  0x10C3, 0x10C3, 0x1083, 0x0862, 0x0862, 0x0862, 0x0862, 0x0041, 0x0041, 0x0862, 0x0882, 0x1105,
  0x322A, 0x536F, 0x4B6F, 0x3ACC, 0x3ACC, 0x3AAB, 0x3A6A, 0x322A, 0x29C8, 0x2187, 0x3209, 0x426B,
  0x632E, 0x73B0, 0x8411, 0x9473, 0x9CB4, 0xA515, 0xB5B7, 0xB597, 0xBD98, 0xAD36, 0x9CF4, 0x9CB4,
  0x9493, 0x8C73, 0x8431, 0x8431, 0x83F1, 0x8412, 0x7390, 0x6B4F, 0x630E, 0x62ED, 0x62ED, 0x62CC,
  0x736E, 0x7BD0, 0x8410, 0x738F, 0x736F, 0x8432, 0x8432, 0x6B2D, 0x52AB, 0x4A2A, 0x4209, 0x422A,
  0x4A2A, 0x4A4B, 0x39A8, 0x2105, 0x0883, 0x0021, 0x0020, 0x0800, 0x0800, 0x0000, 0x0800, 0x0801,
  0x0800, 0x1001, 0x1841, 0x2082, 0x28C3, 0x38E4, 0x38E4, 0x38E4, 0x3083, 0x3862, 0x5125, 0x5966,
  0x5905, 0x6146, 0x6946, 0x7167, 0x7167, 0x7968, 0x7968, 0x7987, 0x7987, 0x7987, 0x7987, 0x7146,
  0x7947, 0x7967, 0x7967, 0x81A8, 0x91E9, 0x9A2A, 0x9A6B, 0x924A, 0x7187, 0x4905, 0x4105, 0x3104,
  0x28E4, 0x20E3, 0x18C2, 0x18A2, 0x18A2, 0x1882, 0x20C3, 0x20A3, 0x2083, 0x20A3, 0x2083, 0x28E4,
  0x1882, 0x1882, 0x1882, 0x20C3, 0x2904, 0x1882, 0x1862, 0x1082, 0x1062, 0x1061, 0x18A2, 0x18C3,
  0x0841, 0x0841, 0x2082, 0x28E3, 0x28E4, 0x3104, 0x28E4, 0x28E4, 0x28E4, 0x28E4, 0x30E4, 0x30C4,
  0x38E4, 0x38C4, 0x38E4, 0x38E4, 0x38E4, 0x3904, 0x38E4, 0x38E4, 0x38E4, 0x4125, 0x4105, 0x4105,
  0x3124, 0x7A4A, 0x926C, 0x71C9, 0x69C8, 0x50A4, 0xA169, 0xEB8B, 0xEBA8, 0xF488, 0xF4E7, 0xF508,
  0xFDAE, 0xEC2B, 0x88C1, 0x98E7, 0x4083, 0x28E3, 0x20C3, 0x20C4, 0x2946, 0x2146, 0x1904, 0x1905,
  0x1905, 0x18E4, 0x18E5, 0x1905, 0x18E5, 0x18E5, 0x18E5, 0x18E5, 0x1905, 0x18E5, 0x18E5, 0x18E5,
  0x18E5, 0x18E5, 0x18E5, 0x10E5, 0x10E5, 0x1925, 0x2166, 0x2146, 0x1905, 0x1905, 0x1905, 0x1905,
  0x1905, 0x1905, 0x1926, 0x1905, 0x1905, 0x1905, 0x1905, 0x1905, 0x1905, 0x1905, 0x1905, 0x1925,
  0x1905, 0x1905, 0x1925, 0x1926, 0x1926, 0x2146, 0x2167, 0x2167, 0x2146, 0x1926, 0x2146, 0x2146,
  0x0040, 0x0860, 0x0861, 0x10C4, 0x18E5, 0x1905, 0x10E5, 0x10E5, 0x0062, 0x00A4, 0x00A3, 0x0083,
  0x1966, 0x2187, 0x29C8, 0x3229, 0x324A, 0x2A09, 0x3A6B, 0x324A, 0x29A8, 0x3A29, 0x2945, 0x2987,
  0x2966, 0x2105, 0x18E4, 0x18E4, 0x18C3, 0x10A3, 0x10A3, 0x630D, 0x632D, 0x52CC, 0x5B0D, 0x4A8B,
  0x31A8, 0x31A8, 0x528C, 0x7390, 0x6B6F, 0x7BF1, 0x9CD4, 0x94D4, 0x9D15, 0xA556, 0xBDD8, 0xC63A,
  0xDEDC, 0xCE7B, 0xD69C, 0xCE3A, 0xC63A, 0xCE3A, 0xC619, 0xCE5A, 0xCE3A, 0xCE19, 0xCE3A, 0xCE39,
  0xC65A, 0xC639, 0xCE5A, 0xA4D4, 0x6B4D, 0x5ACB, 0x4A29, 0x4966, 0x30C4, 0x3084, 0x3063, 0x40A4,
  0x48E4, 0x50E3, 0x4904, 0x40C4, 0x48E4, 0x4905, 0x4904, 0x48E5, 0x48E6, 0x3905, 0x3905, 0x4905,
  0x50C5, 0x5106, 0x5947, 0x40C5, 0x3884, 0x6106, 0x6126, 0x6106, 0x6106, 0x6926, 0x6926, 0x6926,
  0x7127, 0x7127, 0x7967, 0x7147, 0x7968, 0x7968, 0x7969, 0x7167, 0x7147, 0x7147, 0x7147, 0x7167,
  0x7968, 0x7967, 0x79A7, 0x7987, 0x89A8, 0x89C9, 0x89A9, 0x91EA, 0x89EA, 0x8A09, 0x7A29, 0x4987,
  0x3166, 0x2105, 0x1883, 0x1862, 0x1862, 0x1082, 0x1082, 0x20A3, 0x1041, 0x20A3, 0x20E3, 0x18C3,
  0x18A2, 0x18C3, 0x1082, 0x1061, 0x2904, 0x1882, 0x1061, 0x1082, 0x0841, 0x0861, 0x1082, 0x18C3,
  0x0841, 0x1082, 0x20C3, 0x3124, 0x30E4, 0x30E4, 0x38E4, 0x3904, 0x30E4, 0x3104, 0x3904, 0x3924,
  0x3124, 0x3104, 0x3104, 0x30E4, 0x38E4, 0x4105, 0x4105, 0x4105, 0x40C3, 0x58C4, 0x5863, 0x68A4,
  0x60A5, 0x5105, 0x5186, 0x5106, 0x4885, 0x40A4, 0xA084, 0xFAAB, 0xEA8B, 0x9843, 0x9823, 0xA023,
  0xA081, 0xE38A, 0xFD6F, 0xB985, 0xB128, 0x4083, 0x30A3, 0x2882, 0x0883, 0x08C4, 0x0883, 0x10A3,
  0x10A3, 0x10C4, 0x10C4, 0x10A3, 0x10A3, 0x10A4, 0x10A4, 0x10A4, 0x10C4, 0x1083, 0x1083, 0x0883,
  0x0063, 0x0083, 0x0062, 0x10E5, 0x2166, 0x2187, 0x2187, 0x1905, 0x10C4, 0x08A3, 0x10A4, 0x10C4,
  0x18C4, 0x18C4, 0x18C4, 0x10C4, 0x10C4, 0x10C4, 0x10A4, 0x10C4, 0x10C3, 0x10A3, 0x10C3, 0x08C3,
  0x10C3, 0x10C3, 0x10E4, 0x1905, 0x1905, 0x1905, 0x10E5, 0x10C4, 0x10C4, 0x10C4, 0x10C4, 0x10C4,
  0x0020, 0x0041, 0x0042, 0x10C4, 0x1906, 0x2167, 0x2167, 0x21A8, 0x29E9, 0x322A, 0x320A, 0x29C9,
  0x2A09, 0x3A6B, 0x42CC, 0x4B0D, 0x42AC, 0x5B6F, 0x5B6F, 0x6BD1, 0x6BB0, 0x73AF, 0x20E4, 0x1082,
  0x18A2, 0x18A3, 0x18C3, 0x1882, 0x18A2, 0x1082, 0x1082, 0x18E4, 0x1904, 0x2987, 0x3A09, 0x4A8B,
  0x73D0, 0x8C93, 0xA515, 0xAD77, 0xBDF8, 0xCE5A, 0xDF1D, 0xE71D, 0xE73E, 0xEF7F, 0xDEFD, 0xDEFD,
  0xD69B, 0xC619, 0xBDD8, 0xAD77, 0xAD36, 0xA536, 0xA516, 0x9CD5, 0x9CD4, 0x9CB4, 0x9493, 0x9472,
  0x9472, 0x8411, 0x8431, 0x8C52, 0x8C51, 0x8C72, 0x9C93, 0x9BF1, 0x724B, 0x58A5, 0x5844, 0x60A5,
  0x60C5, 0x58E5, 0x50C5, 0x58C6, 0x6907, 0x6907, 0x60E5, 0x5905, 0x5906, 0x6126, 0x6126, 0x6106,
  0x6105, 0x6106, 0x5905, 0x6167, 0x4083, 0x7168, 0x60E6, 0x7128, 0x70E7, 0x7107, 0x7107, 0x7107,
  0x7107, 0x7106, 0x7926, 0x7947, 0x7967, 0x7947, 0x8168, 0x7147, 0x7147, 0x7147, 0x7967, 0x7147,
  0x7947, 0x7947, 0x7167, 0x7167, 0x8167, 0x8147, 0x8168, 0x8168, 0x7927, 0x7168, 0x69A8, 0x4187,
  0x31A7, 0x31C8, 0x1925, 0x1904, 0x1103, 0x18E3, 0x10C2, 0x18E3, 0x0821, 0x0841, 0x18C3, 0x0881,
  0x1082, 0x18A2, 0x1082, 0x0020, 0x2104, 0x1882, 0x0841, 0x1061, 0x0841, 0x0841, 0x1061, 0x20C3,
  0x1862, 0x18A2, 0x1862, 0x28E4, 0x3104, 0x30E4, 0x30C3, 0x30E4, 0x30E4, 0x3904, 0x3904, 0x3904,
  0x3924, 0x3104, 0x30E4, 0x30C4, 0x38E4, 0x40E3, 0x48E3, 0x58C3, 0x6883, 0x8842, 0xA0C4, 0xA083,
  0xA125, 0x6842, 0x50E5, 0x38A4, 0x4104, 0x40E3, 0xA825, 0xC065, 0xA043, 0xA086, 0x98A6, 0xA0A6,
  0xB885, 0x9800, 0xD2E9, 0xFCF2, 0xB086, 0x88C6, 0x40E4, 0x3124, 0x39C8, 0x31C9, 0x3209, 0x3209,
  0x31E8, 0x2987, 0x2987, 0x2987, 0x2987, 0x2167, 0x2167, 0x2167, 0x2167, 0x2147, 0x2147, 0x2146,
  0x1946, 0x1946, 0x1946, 0x21A7, 0x2187, 0x1967, 0x1926, 0x1946, 0x1925, 0x1905, 0x1905, 0x10E5,
  0x1905, 0x1905, 0x1905, 0x1906, 0x1926, 0x1905, 0x1105, 0x1905, 0x1905, 0x1105, 0x1105, 0x1105,
  0x1105, 0x1105, 0x1125, 0x1925, 0x1105, 0x10E5, 0x10E5, 0x10E5, 0x1105, 0x1125, 0x1105, 0x1125,
  0x1905, 0x1925, 0x2167, 0x2988, 0x31C9, 0x3A4B, 0x428C, 0x4AAC, 0x42AC, 0x4AED, 0x4ACD, 0x42AC,
  0x3A8C, 0x42CC, 0x4AED, 0x532E, 0x5B4F, 0x6BF1, 0x7C53, 0x6BB1, 0x5AED, 0x39C8, 0x1862, 0x1882,
  0x20A2, 0x20A2, 0x1882, 0x1882, 0x1882, 0x1882, 0x1082, 0x52CB, 0x9D14, 0xBDF8, 0xCE7A, 0xD6BB,
  0xD6DC, 0xC65A, 0xA515, 0xA535, 0xBDF8, 0xB5B7, 0xA555, 0xAD97, 0xBE19, 0xB5D8, 0xB5D8, 0xA536,
  0xA515, 0x9CF5, 0x9473, 0x9493, 0x94B4, 0x9493, 0x9473, 0x8C32, 0x8411, 0x83F1, 0x83F0, 0x7BB0,
  0x7B8F, 0x736E, 0x6B8E, 0x6B8E, 0x6B6E, 0x83D0, 0x72ED, 0x71A9, 0x60C5, 0x6822, 0x7042, 0x7862,
  0x6861, 0x68A2, 0x6862, 0x7064, 0x6865, 0x70C6, 0x60A4, 0x58C4, 0x58E4, 0x68E5, 0x68C5, 0x68C5,
  0x68C5, 0x6905, 0x60E5, 0x6125, 0x5925, 0x4082, 0x6967, 0x60C5, 0x70C6, 0x70E6, 0x7106, 0x6926,
  0x6906, 0x7126, 0x7126, 0x7146, 0x7946, 0x7926, 0x7926, 0x7967, 0x7968, 0x7947, 0x7967, 0x7947,
  0x7947, 0x7967, 0x7967, 0x7967, 0x7967, 0x7947, 0x7927, 0x8168, 0x7948, 0x7968, 0x71A9, 0x5188,
  0x3987, 0x424A, 0x31C8, 0x29A7, 0x2165, 0x2124, 0x18C3, 0x2104, 0x0861, 0x0841, 0x0841, 0x0861,
  0x0861, 0x1061, 0x1082, 0x1061, 0x20E3, 0x18A2, 0x1062, 0x1882, 0x1862, 0x1882, 0x1882, 0x28E4,
  0x28C3, 0x3105, 0x2082, 0x28A3, 0x30E3, 0x3104, 0x30E4, 0x30E4, 0x30E4, 0x3904, 0x38E4, 0x30E4,
  0x3904, 0x3904, 0x38E4, 0x38E4, 0x38E4, 0x40C5, 0x58A5, 0x8064, 0xA8A5, 0xEA48, 0xFB29, 0xF347,
  0xA980, 0xA904, 0x88A5, 0x60A4, 0x40E2, 0x3902, 0xA847, 0xD067, 0xA866, 0xA108, 0x998A, 0xA20C,
  0xB0C8, 0xB846, 0x9002, 0xFC70, 0xB886, 0xC0A8, 0x58C4, 0x28C3, 0x630E, 0x52CD, 0x4ACC, 0x42AC,
  0x42AC, 0x4ACD, 0x4ACC, 0x42AC, 0x42AC, 0x42AC, 0x428C, 0x428C, 0x428C, 0x42AC, 0x42AC, 0x42AC,
  0x428C, 0x42AC, 0x42AC, 0x428C, 0x42AC, 0x42AC, 0x3A8C, 0x3A6B, 0x3A4B, 0x3A4B, 0x3A4B, 0x3A6B,
  0x3A6B, 0x426B, 0x3A6B, 0x3A6C, 0x3A6B, 0x3A6B, 0x3A6B, 0x3A6B, 0x3A6B, 0x3A6B, 0x3A6B, 0x3A6B,
  0x3A6B, 0x3A4B, 0x3A6B, 0x3A4B, 0x3A6B, 0x3A4A, 0x322A, 0x322A, 0x322A, 0x322A, 0x320A, 0x322A,
  0x4ACB, 0x52CC, 0x4AAB, 0x424A, 0x31C8, 0x2987, 0x2126, 0x1905, 0x638F, 0x5B6F, 0x530E, 0x4AED,
  0x4AED, 0x532E, 0x5B70, 0x6C12, 0x7453, 0x84F5, 0x84B5, 0x9D57, 0x6BAF, 0x10A3, 0x20C3, 0x20C3,
  0x20E3, 0x20C3, 0x18A3, 0x18A3, 0x18A3, 0x1883, 0x1083, 0x0882, 0x18C3, 0x2966, 0x39C7, 0x39E8,
  0x31A7, 0x3186, 0x2125, 0x2104, 0x10A3, 0x2104, 0x18C3, 0x4229, 0x9CF4, 0xBDD8, 0xB5B8, 0x9CF5,
  0xA515, 0x9CD4, 0x9473, 0x9493, 0x8C73, 0x8C53, 0x8C32, 0x8411, 0x7BD0, 0x7BD0, 0x7BAF, 0x736E,
  0x6B2D, 0x6B6E, 0x636E, 0x738E, 0x7B6E, 0x722A, 0x5906, 0x6822, 0x7061, 0x9982, 0xBAC5, 0xB2A3,
  0xBB45, 0xB365, 0xAA84, 0xC308, 0xB207, 0x8862, 0x7041, 0x5883, 0x50C4, 0x60C4, 0x60A4, 0x60C5,
  0x58C5, 0x60E5, 0x60E5, 0x60C4, 0x6105, 0x3861, 0x50C4, 0x68E5, 0x68E6, 0x68E5, 0x60E5, 0x60E5,
  0x68E6, 0x6927, 0x6906, 0x6927, 0x7126, 0x7126, 0x7967, 0x7967, 0x7968, 0x7947, 0x7947, 0x7967,
  0x7947, 0x8188, 0x8188, 0x7987, 0x7967, 0x7947, 0x7927, 0x8168, 0x7948, 0x7968, 0x79C9, 0x61C8,
  0x49A7, 0x51E9, 0x51C8, 0x49E8, 0x4166, 0x3945, 0x3104, 0x2924, 0x20C3, 0x1882, 0x20C3, 0x28E4,
  0x28E3, 0x20C3, 0x28E4, 0x28C3, 0x28E4, 0x28E3, 0x28C3, 0x28E4, 0x28E3, 0x28E4, 0x30E4, 0x3925,
  0x28C3, 0x3104, 0x30E4, 0x3104, 0x3104, 0x3104, 0x30E4, 0x30E4, 0x30C3, 0x30E4, 0x38E4, 0x30E4,
  0x38E4, 0x38E4, 0x38E4, 0x38E4, 0x40E4, 0x40E4, 0x6884, 0xA044, 0xD8C7, 0xF207, 0xF348, 0xE3A7,
  0xEC8A, 0xCA05, 0xA862, 0xA885, 0x6863, 0x38E3, 0x9046, 0xD047, 0xA0A6, 0x9A6C, 0xAB71, 0x932F,
  0x9A2C, 0xA8C8, 0x9844, 0x88C3, 0xF30E, 0xC087, 0x9907, 0x3863, 0x4A4B, 0x52ED, 0x42AC, 0x4AED,
  0x4AED, 0x42CD, 0x42CD, 0x4AEE, 0x4AEE, 0x4AEE, 0x42EE, 0x42EE, 0x4AEE, 0x4AEE, 0x4B0E, 0x4AEE,
  0x4B0E, 0x4AEE, 0x4ACE, 0x42CD, 0x4AEE, 0x4AEE, 0x4AEE, 0x42CD, 0x42CD, 0x42CD, 0x42CD, 0x4AEE,
  0x42ED, 0x42ED, 0x42ED, 0x42EE, 0x42EE, 0x42EE, 0x42CD, 0x42CD, 0x42ED, 0x42ED, 0x42CD, 0x42CD,
  0x42CD, 0x42CD, 0x42CD, 0x42CD, 0x42AD, 0x3A6C, 0x3A6C, 0x3A6C, 0x3A8C, 0x3A8C, 0x3A8C, 0x3A8C,
  0x2146, 0x2125, 0x20E4, 0x18C3, 0x18A3, 0x1062, 0x1062, 0x0862, 0x52CC, 0x4AED, 0x4ACD, 0x530E,
  0x63D1, 0x7C73, 0x7C94, 0x84D5, 0x84F5, 0x7CB4, 0x7CB4, 0x7C93, 0xB63A, 0x8CB4, 0x4269, 0x39E8,
  0x39E8, 0x31A7, 0x31A7, 0x39E9, 0x422A, 0x52AC, 0x5AED, 0x73AE, 0x7BCF, 0x632D, 0x31A7, 0x0021,
  0x1083, 0x18E4, 0x39C8, 0x52AB, 0x6B6E, 0x9CD3, 0x9CF4, 0x9CF4, 0xBDF8, 0xCE5A, 0xC639, 0xB5B8,
  0xB597, 0xAD56, 0xA515, 0x9CF4, 0x9CD4, 0x94B3, 0x9473, 0x9493, 0x8411, 0x83F0, 0x7BCF, 0x73AF,
  0x6B8E, 0x73CF, 0x73CF, 0x83AF, 0x728B, 0x5884, 0x5801, 0xA1A4, 0xDBCA, 0xFE2E, 0xFEEE, 0xFEED,
  0xFECC, 0xFEAC, 0xFE8D, 0xFE2E, 0xBAA4, 0xC245, 0xB1C5, 0x7082, 0x70C5, 0x60C5, 0x58C5, 0x58C5,
  0x50E5, 0x50C5, 0x58C5, 0x6084, 0x68C5, 0x60C5, 0x5823, 0x78C6, 0x78C6, 0x7065, 0x70C6, 0x68A5,
  0x6906, 0x60C5, 0x6106, 0x6927, 0x6927, 0x6926, 0x7126, 0x7127, 0x7947, 0x7127, 0x7127, 0x7947,
  0x7147, 0x7947, 0x7967, 0x7967, 0x7147, 0x7947, 0x8168, 0x7968, 0x7947, 0x7967, 0x7987, 0x6987,
  0x6187, 0x6167, 0x6967, 0x71C8, 0x6146, 0x5146, 0x4925, 0x3905, 0x30E4, 0x30E4, 0x30E4, 0x30E4,
  0x30E4, 0x30C4, 0x30C4, 0x30C3, 0x30C4, 0x30C4, 0x30E4, 0x30E4, 0x30E4, 0x30E4, 0x30E4, 0x30E4,
  0x30E4, 0x30E4, 0x30E4, 0x3104, 0x30E4, 0x3104, 0x3104, 0x30E4, 0x3104, 0x30E4, 0x30E4, 0x30C3,
  0x30E4, 0x3904, 0x38E4, 0x38E4, 0x40E3, 0x5902, 0x80C3, 0xA884, 0xD0C6, 0xD106, 0xA863, 0x9862,
  0x9922, 0xFC8D, 0xE2C8, 0xC084, 0xA866, 0x5023, 0x8064, 0xC046, 0x9928, 0xA3D0, 0xA473, 0x8431,
  0x83F0, 0x81A9, 0x90A6, 0x8842, 0xFD96, 0xB0E6, 0xB086, 0x78C6, 0x3968, 0x532D, 0x4AED, 0x4AEE,
  0x4B0E, 0x4B0F, 0x4B2F, 0x4B2F, 0x4B0F, 0x42EE, 0x42EE, 0x430E, 0x42EE, 0x4B0E, 0x4B0F, 0x430E,
  0x4AEE, 0x4AEE, 0x42EE, 0x4AEE, 0x4B0E, 0x4B0E, 0x4B0E, 0x4B0E, 0x4B0F, 0x430E, 0x42EE, 0x430E,
  0x4B0E, 0x430E, 0x430E, 0x42EE, 0x42EE, 0x42EE, 0x42EE, 0x3ACE, 0x3ACD, 0x3ACD, 0x42CD, 0x42CD,
  0x42CD, 0x42AD, 0x42CD, 0x42CE, 0x42CE, 0x42AD, 0x42AD, 0x3AAD, 0x3A8D, 0x42AD, 0x42AD, 0x3AAD,
  0x1082, 0x10A2, 0x1882, 0x1882, 0x20A3, 0x1882, 0x18C4, 0x39E8, 0x5B2D, 0x5B70, 0x7412, 0x84B4,
  0x8D16, 0x8CF5, 0x8D16, 0x9536, 0xA5D8, 0x84B4, 0x9D98, 0xAE1A, 0xA5B8, 0x9D56, 0xA596, 0x8452,
  0x7C32, 0x73F1, 0x7BF1, 0x8C93, 0x8432, 0x73D1, 0x52AC, 0x4208, 0x3186, 0x2966, 0x4208, 0x52AB,
  0x7BF0, 0x9CB3, 0xA4F4, 0xB596, 0xBDD8, 0xD69B, 0xCE59, 0xCE5A, 0xB597, 0xB597, 0xA535, 0xA515,
  0x9CB4, 0x9CD4, 0x9CD4, 0x9CB4, 0x9473, 0x9452, 0x8431, 0x8C52, 0x8C31, 0x83F0, 0x7BF0, 0x7BF0,
  0x8431, 0x8C31, 0x83D0, 0x6A6A, 0x58E4, 0x6842, 0x99A5, 0xE4CB, 0xFE0F, 0xFE8E, 0xFF4F, 0xFEAD,
  0xFE6C, 0xE548, 0xF529, 0xFE0E, 0xFE50, 0xFDCF, 0xAAE5, 0x9082, 0x9802, 0x78A4, 0x6084, 0x58C4,
  0x50E5, 0x50C5, 0x58C5, 0x68A5, 0x7085, 0x7844, 0x7864, 0x7862, 0x7001, 0x7843, 0x7823, 0x7844,
  0x70C3, 0x70E4, 0x68E6, 0x60E7, 0x6907, 0x6927, 0x6906, 0x6926, 0x7126, 0x6906, 0x6926, 0x7126,
  0x7106, 0x7126, 0x7146, 0x7127, 0x7147, 0x7127, 0x7147, 0x7147, 0x7147, 0x7926, 0x7967, 0x7167,
  0x7187, 0x7987, 0x8147, 0x8167, 0x7947, 0x6947, 0x6126, 0x4946, 0x4125, 0x3904, 0x30C4, 0x30E4,
  0x30E4, 0x3904, 0x38E4, 0x30C4, 0x30C3, 0x30C3, 0x30C3, 0x30C3, 0x30E4, 0x30E4, 0x30E4, 0x30E4,
  0x30E4, 0x38E4, 0x30E4, 0x38E4, 0x30E4, 0x30E4, 0x3104, 0x3104, 0x3104, 0x3104, 0x3924, 0x3104,
  0x3104, 0x3904, 0x38E4, 0x38E4, 0x4904, 0x5883, 0x9126, 0xC147, 0xF28C, 0x9802, 0xA844, 0xA845,
  0xA084, 0x78C0, 0xEC8D, 0xEB0B, 0xC065, 0x9866, 0x6822, 0xA865, 0x9907, 0xAC11, 0x8C92, 0x63AE,
  0x638E, 0x6229, 0x80E6, 0x8802, 0xFD13, 0xB1C7, 0xC8C7, 0x9887, 0x38C5, 0x3A4A, 0x42AD, 0x3A6C,
  0x4AEE, 0x532F, 0x532F, 0x5330, 0x4B2F, 0x4B0F, 0x4B0F, 0x4B0F, 0x4B0F, 0x4B0F, 0x4B0F, 0x4B0F,
  0x4B2F, 0x4B0F, 0x4B0F, 0x4B0F, 0x4B0F, 0x4B0F, 0x4B0F, 0x4AEE, 0x3A6D, 0x322C, 0x3AAD, 0x4B0F,
  0x4B0F, 0x430F, 0x42EE, 0x42EF, 0x430F, 0x430F, 0x430F, 0x42EE, 0x42EE, 0x42EE, 0x42CE, 0x42CE,
  0x42CE, 0x42CE, 0x42CE, 0x42CE, 0x42CE, 0x3ACD, 0x42CE, 0x42CE, 0x3A8D, 0x324C, 0x3A8D, 0x3ACD,
  0x1882, 0x1082, 0x1882, 0x1062, 0x1882, 0x2925, 0x632D, 0x5B2E, 0x6BD1, 0x7C73, 0x9556, 0x9556,
  0x8D36, 0x8D36, 0x9556, 0x8CF5, 0x8CF5, 0x6BF1, 0x7C73, 0x8CD5, 0x84B4, 0x9D77, 0xB5F8, 0xB5F9,
  0xA577, 0xA577, 0xA577, 0x73B0, 0x6B6F, 0x62ED, 0x738F, 0x73AF, 0x73AF, 0x8411, 0x7BF0, 0x8431,
  0x94B4, 0x9CD4, 0x9493, 0x8C72, 0x8411, 0x8C52, 0x8431, 0x8411, 0x73AF, 0x738F, 0x738F, 0x738F,
  0x738F, 0x6B4E, 0x734E, 0x6B4E, 0x6B2E, 0x6B4E, 0x630D, 0x630D, 0x5AEC, 0x52AB, 0x5ACB, 0x5ACB,
  0x6B2D, 0x730D, 0x622A, 0x50E5, 0x5862, 0x8945, 0xE44E, 0xFE70, 0xF5CE, 0xF54D, 0xAA84, 0x7880,
  0x90E0, 0x8820, 0xA080, 0x8060, 0xAB05, 0xEDCF, 0xFF75, 0xF40C, 0xB104, 0x9083, 0x7883, 0x6883,
  0x58C5, 0x50E5, 0x5884, 0x60A4, 0x6022, 0x8081, 0x9161, 0xC325, 0xBB04, 0xB2C5, 0xA204, 0xC2C9,
  0x9123, 0x7041, 0x70C5, 0x68E6, 0x68E6, 0x6906, 0x6906, 0x6906, 0x6906, 0x6906, 0x6906, 0x6906,
  0x6906, 0x6926, 0x6926, 0x6926, 0x6926, 0x6906, 0x6926, 0x6926, 0x7146, 0x7127, 0x7947, 0x7147,
  0x7167, 0x7147, 0x8167, 0x8167, 0x8188, 0x7948, 0x6127, 0x5146, 0x4125, 0x3945, 0x3924, 0x30C3,
  0x3104, 0x3104, 0x3104, 0x3104, 0x30E4, 0x30E4, 0x30E4, 0x3104, 0x3104, 0x30E4, 0x30E4, 0x30E4,
  0x30E4, 0x38E4, 0x38C4, 0x30C3, 0x30C3, 0x28C3, 0x28C3, 0x30E4, 0x28C3, 0x30E3, 0x28C3, 0x28C3,
  0x28C3, 0x28C3, 0x30C3, 0x30C3, 0x40C4, 0x50E5, 0x80C5, 0xC148, 0xFB90, 0x8862, 0x6822, 0x6023,
  0x8084, 0x8001, 0x99A5, 0xFCF0, 0xC9A6, 0xB926, 0x6023, 0x88A6, 0xA066, 0xC391, 0x94D3, 0x73AF,
  0x736E, 0x72CC, 0x8969, 0x9003, 0xFD74, 0xDB6C, 0xB8A6, 0xB8C8, 0x3842, 0x2966, 0x4ACD, 0x532E,
  0x5B70, 0x5B70, 0x5B50, 0x5350, 0x5350, 0x4B0F, 0x532F, 0x5350, 0x5350, 0x532F, 0x532F, 0x4AEE,
  0x4AEF, 0x4B0F, 0x4B2F, 0x4B0F, 0x4B0F, 0x4AEE, 0x42CE, 0x3A8D, 0x3A6C, 0x42AD, 0x4AEE, 0x4B0F,
  0x4B0F, 0x4B2F, 0x4B0F, 0x4B2F, 0x4B0F, 0x4B0F, 0x4B2F, 0x430F, 0x42EE, 0x42CE, 0x42CE, 0x42CE,
  0x42CE, 0x42CE, 0x42CE, 0x42CE, 0x42CE, 0x3A8D, 0x3A8D, 0x326C, 0x21EA, 0x326C, 0x3A8D, 0x42CD,
  0x18A2, 0x1882, 0x1082, 0x18A3, 0x18E4, 0x10A3, 0x2125, 0x5B0C, 0x636E, 0x8CD4, 0x84B3, 0x84D4,
  0x8D15, 0x84D5, 0x8494, 0x7412, 0x634F, 0x7C11, 0x7C32, 0x8473, 0x7C32, 0x7C11, 0x7C11, 0x73D0,
  0x73D0, 0x738F, 0x73B0, 0x7BD0, 0x83F1, 0x8412, 0x8412, 0x8C52, 0xAD56, 0xAD77, 0x9CD4, 0x94B4,
  0x8C72, 0x8C52, 0x8431, 0x7BB0, 0x736E, 0x73AF, 0x6B6E, 0x632D, 0x6B4D, 0x6B6E, 0x632D, 0x630D,
  0x6B4E, 0x736E, 0x632D, 0x630D, 0x630C, 0x630D, 0x5AEC, 0x72AC, 0x5948, 0x6148, 0x61C9, 0x51E9,
  0x4A09, 0x61E9, 0x5106, 0x5863, 0x7042, 0xD44E, 0xF5D2, 0xE5F0, 0xEC2D, 0xC8C4, 0xE9EA, 0xEA2C,
  0xB0C7, 0xA086, 0xB8C7, 0xB8A5, 0xB042, 0x9840, 0xA9E3, 0xFE94, 0x6900, 0xFC50, 0x9061, 0x8862,
  0x58A3, 0x5084, 0x70C5, 0x7862, 0xA183, 0xFD69, 0xF568, 0xEC85, 0xFDAB, 0xFD4C, 0xFDCD, 0xFE4E,
  0xD4A8, 0x99A0, 0x80A2, 0x78A4, 0x7105, 0x60C4, 0x5905, 0x60E6, 0x60E6, 0x6106, 0x6106, 0x6106,
  0x6126, 0x6126, 0x5926, 0x5926, 0x5926, 0x5926, 0x5946, 0x5946, 0x5926, 0x5926, 0x5926, 0x5946,
  0x5946, 0x5926, 0x5905, 0x5905, 0x5105, 0x5105, 0x48E5, 0x30C3, 0x28C3, 0x20C3, 0x20A2, 0x20A2,
  0x2082, 0x20A2, 0x28C3, 0x20A2, 0x20A2, 0x28C3, 0x20A3, 0x28C3, 0x30E3, 0x30E4, 0x30C3, 0x30C3,
  0x38E4, 0x3904, 0x38E4, 0x38E4, 0x38E4, 0x30C3, 0x30E3, 0x30E3, 0x28C3, 0x28C3, 0x28A4, 0x28A2,
  0x3924, 0x28C3, 0x3904, 0x38E3, 0x4103, 0x40C2, 0x6083, 0x9023, 0xB885, 0x80C3, 0x8B0B, 0x4945,
  0x3841, 0x88C5, 0x8823, 0xC1E8, 0xFCD2, 0xB125, 0x7023, 0x6844, 0x9846, 0xB109, 0xB390, 0x6BCE,
  0x6B0C, 0x8AAD, 0x998B, 0x9805, 0xFC91, 0xFC70, 0xD106, 0xC0A7, 0x4064, 0x28E5, 0x4A8C, 0x6B90,
  0x6390, 0x5B70, 0x6391, 0x5B70, 0x5B71, 0x5B70, 0x532F, 0x532F, 0x532F, 0x4B0F, 0x4B0E, 0x4B0E,
  0x4B0F, 0x4B0F, 0x4B0F, 0x4B0F, 0x4AEE, 0x4B0F, 0x4B0F, 0x530F, 0x4B0F, 0x4B2F, 0x4B2F, 0x4B2F,
  0x4B2F, 0x536F, 0x4B2F, 0x4B2F, 0x4B2F, 0x4B2F, 0x4B0F, 0x4B0F, 0x430F, 0x42EE, 0x3ACD, 0x3ACE,
  0x3ACD, 0x3AAD, 0x3ACE, 0x3ACE, 0x3ACD, 0x3AAD, 0x3AAD, 0x3AAD, 0x42CD, 0x42CE, 0x42EE, 0x42CD,
  0x18A2, 0x1882, 0x1062, 0x1062, 0x1082, 0x1882, 0x1062, 0x0862, 0x18C3, 0x10C3, 0x7C31, 0x9535,
  0x8D14, 0x8493, 0x7C32, 0x6B90, 0x632E, 0x636F, 0x636F, 0x52CC, 0x5B2E, 0x632E, 0x634E, 0x634E,
  0x6B4E, 0x73B0, 0x6B6F, 0x7390, 0x73B0, 0x7BF1, 0x9473, 0x8C52, 0x94B4, 0xAD56, 0xAD56, 0x9CB4,
  0x8C72, 0x8431, 0x8411, 0x7BD0, 0x6B2D, 0x6B4D, 0x632D, 0x630C, 0x630C, 0x632D, 0x630C, 0x630C,
  0x6B2D, 0x6B2D, 0x634D, 0x632D, 0x630C, 0x5AAB, 0x526A, 0x61E8, 0x79A8, 0x8A09, 0x4883, 0x59A6,
  0x5229, 0x61E9, 0x5906, 0x6863, 0x8063, 0xFDF3, 0xFE74, 0xFDB3, 0x8800, 0xC947, 0x8884, 0x8968,
  0x8A2A, 0x722A, 0x9A2B, 0xBA6C, 0xB987, 0xA0E3, 0x7000, 0xE4CF, 0xFE55, 0xC268, 0xA0E3, 0x98A2,
  0x6843, 0x58A5, 0x7043, 0x98C3, 0xFC4C, 0xF467, 0xFC88, 0xB1E0, 0xA980, 0x90A0, 0xA980, 0xCB24,
  0xFE8F, 0xFDD0, 0xEC0E, 0x90A3, 0x78E4, 0x7105, 0x5905, 0x4925, 0x4905, 0x4905, 0x4905, 0x4105,
  0x40E4, 0x38E4, 0x38E4, 0x38C4, 0x38C3, 0x30C3, 0x30A3, 0x3083, 0x30A3, 0x3883, 0x3062, 0x3062,
  0x3062, 0x3062, 0x3062, 0x3062, 0x3862, 0x4083, 0x4083, 0x38A4, 0x40E4, 0x40C4, 0x40C4, 0x48E5,
  0x50E4, 0x5105, 0x4905, 0x4104, 0x30E4, 0x30E4, 0x30E4, 0x28C3, 0x28C3, 0x28C3, 0x30C3, 0x30E4,
  0x38E4, 0x3904, 0x30C4, 0x30E4, 0x30E4, 0x30E4, 0x30C3, 0x30C3, 0x30E3, 0x30C4, 0x30E4, 0x3104,
  0x30C3, 0x3104, 0x4146, 0x4125, 0x4965, 0x8AEC, 0x4862, 0x8083, 0xEACC, 0x6081, 0x7AEB, 0x49C9,
  0xAC91, 0x78A4, 0x9084, 0xA8C4, 0xFD95, 0xB105, 0xA866, 0x5802, 0x9085, 0xB046, 0xA8A7, 0x79C9,
  0x7A0A, 0x91EB, 0x8026, 0x9003, 0xFCF3, 0xFBAE, 0xD8C6, 0xB866, 0x48A5, 0x3926, 0x4A29, 0x52AC,
  0x5B0D, 0x4ACD, 0x4AED, 0x4AAD, 0x4ACD, 0x4ACD, 0x42CD, 0x4AED, 0x4ACD, 0x4AED, 0x4ACD, 0x4ACD,
  0x4ACD, 0x4ACE, 0x4ACE, 0x4AEE, 0x4AEE, 0x4AEE, 0x4AEE, 0x4AEE, 0x42CE, 0x42CE, 0x4B0E, 0x534F,
  0x4B4F, 0x536F, 0x534F, 0x4B2F, 0x4B0F, 0x4B0E, 0x42EE, 0x42EE, 0x42EE, 0x42CD, 0x42CE, 0x42CD,
  0x42CD, 0x42CD, 0x42CD, 0x42CE, 0x42CD, 0x42CD, 0x42CD, 0x42CD, 0x42AD, 0x42CD, 0x42CD, 0x42ED,
  0x1062, 0x18C3, 0x1882, 0x1062, 0x1041, 0x0821, 0x0841, 0x1082, 0x18A2, 0x2125, 0x18E3, 0x634D,
  0x5B2D, 0x4AAB, 0x4A4A, 0x4209, 0x52AC, 0x5B0D, 0x5AED, 0x632E, 0x5AED, 0x630E, 0x6B4E, 0x7390,
  0x73B0, 0x73B0, 0x73B0, 0x7390, 0x7390, 0x7BD0, 0x7BD0, 0x8C52, 0x8C52, 0x9CD4, 0xAD77, 0x9CD4,
  0x8C72, 0x8C52, 0x83F0, 0x736E, 0x630D, 0x5AEC, 0x5AEC, 0x5AEC, 0x5AEC, 0x630C, 0x630C, 0x630D,
  0x630D, 0x630C, 0x632D, 0x5AEC, 0x5AAB, 0x5AAB, 0x5A49, 0x71E8, 0xB34E, 0xED14, 0x79E7, 0x7208,
  0x5A4A, 0x69E9, 0x60C5, 0x7084, 0xA166, 0xF5F3, 0xFE33, 0xA0E3, 0xEA4B, 0x8043, 0x824A, 0x8BF0,
  0x6B6E, 0x4ACB, 0x526B, 0x7ACC, 0xAB0D, 0xA187, 0x8842, 0x9A47, 0xFE76, 0x9944, 0xEB6C, 0x9021,
  0x8023, 0x6906, 0x80A4, 0xEB2C, 0xEC6D, 0xFC2C, 0x9060, 0x8840, 0x9904, 0x9925, 0x9081, 0x9020,
  0x9140, 0xFE54, 0x91C5, 0xE2AB, 0x8042, 0x5801, 0x4042, 0x30A3, 0x2882, 0x2882, 0x2882, 0x28A2,
  0x28A2, 0x28A3, 0x28C3, 0x30C3, 0x30C3, 0x38C3, 0x38C3, 0x40E4, 0x38E4, 0x48E4, 0x48E5, 0x48E5,
  0x5105, 0x5105, 0x5926, 0x5926, 0x6146, 0x6926, 0x6926, 0x6926, 0x7127, 0x7127, 0x7927, 0x8128,
  0x8147, 0x7947, 0x6947, 0x5105, 0x38C4, 0x30E4, 0x30C3, 0x28C3, 0x30C3, 0x30C3, 0x30C3, 0x30C3,
  0x30C4, 0x38E4, 0x30C3, 0x30C3, 0x30E4, 0x30E4, 0x30C3, 0x30E3, 0x30E4, 0x30E4, 0x3104, 0x30E3,
  0x4945, 0x93B0, 0x2884, 0x51E9, 0x838F, 0x4927, 0x40E4, 0x5061, 0xC289, 0xB2A9, 0x69E7, 0x624C,
  0x4924, 0x8863, 0xA023, 0xA083, 0xFD33, 0xB987, 0xD888, 0x6843, 0x6002, 0xB0A6, 0xC046, 0xA845,
  0x9086, 0x7804, 0x9045, 0xA8E4, 0xFC2E, 0xF30C, 0xE0C7, 0xB046, 0x48C5, 0x4146, 0x3945, 0x2904,
  0x10A3, 0x1105, 0x1946, 0x1946, 0x2167, 0x1946, 0x1926, 0x1946, 0x1946, 0x1947, 0x1946, 0x1947,
  0x2167, 0x2167, 0x2187, 0x2188, 0x2188, 0x2188, 0x2167, 0x2187, 0x29A8, 0x29C9, 0x29C9, 0x21C9,
  0x29E9, 0x2A09, 0x2A09, 0x320A, 0x3209, 0x320A, 0x322A, 0x320A, 0x320A, 0x320A, 0x320A, 0x29E9,
  0x29E9, 0x29E9, 0x320A, 0x322A, 0x320A, 0x322A, 0x322A, 0x3A2A, 0x3A2A, 0x3A4B, 0x3A4B, 0x3A6B,
  0x10C3, 0x0021, 0x1062, 0x20C4, 0x2905, 0x3166, 0x3187, 0x4A29, 0x5ACB, 0x4209, 0x4249, 0x2986,
  0x3A09, 0x424A, 0x4229, 0x4A2A, 0x630D, 0x5ACD, 0x630E, 0x5AED, 0x632E, 0x6B4E, 0x6B2E, 0x6B2E,
  0x6B6F, 0x7BB0, 0x7BF1, 0x83F1, 0x7BF1, 0x8411, 0x7BF1, 0x8411, 0x8C32, 0x9CD4, 0xA515, 0x9CD4,
  0x8431, 0x8411, 0x83F0, 0x738F, 0x6B2D, 0x5ACC, 0x5ACB, 0x5ACB, 0x5ACB, 0x52AB, 0x5AEC, 0x6B2D,
  0x632D, 0x630C, 0x5AAB, 0x528A, 0x5AAB, 0x5269, 0x6249, 0x7148, 0xECF5, 0xFEBB, 0xBB90, 0x9AAF,
  0x624A, 0x71C9, 0x60A5, 0x6803, 0xDB0D, 0xF633, 0xE550, 0xB084, 0xC086, 0x8928, 0x51E8, 0x73F1,
  0x73D0, 0x4A6B, 0x29C9, 0x6B2E, 0x936E, 0xBA2B, 0x9824, 0x8063, 0xF595, 0xF450, 0xD2EA, 0xA8A3,
  0x9044, 0x6043, 0xA9E9, 0xF3AD, 0xFDB2, 0x7820, 0x7882, 0x7105, 0x60C6, 0x6927, 0xB2CC, 0xB1A7,
  0x90A1, 0x7942, 0xFEB8, 0xCA28, 0xF34D, 0x8063, 0x58A4, 0x48E5, 0x48E5, 0x48E5, 0x5105, 0x4905,
  0x5125, 0x5125, 0x5105, 0x5105, 0x5926, 0x5926, 0x6126, 0x6926, 0x6106, 0x7127, 0x7947, 0x7127,
  0x7127, 0x7107, 0x7907, 0x8127, 0x8148, 0x7948, 0x8148, 0x8128, 0x8948, 0x9148, 0x8928, 0x88E7,
  0x8107, 0x7927, 0x60E6, 0x5926, 0x4925, 0x3904, 0x38C4, 0x30C3, 0x38C4, 0x38E4, 0x38C4, 0x38E4,
  0x38E4, 0x38E4, 0x30C4, 0x30C3, 0x30C3, 0x30E4, 0x30E4, 0x30E4, 0x30E4, 0x30E4, 0x28C3, 0x30A2,
  0x38C3, 0x51A8, 0x832E, 0x3125, 0x2925, 0x51EB, 0x30E6, 0x50E4, 0x78C3, 0xFBAE, 0x90E3, 0x70C3,
  0x80C3, 0xA043, 0xA822, 0xB104, 0xFCF1, 0xCA08, 0xC846, 0x6884, 0x58C3, 0x6022, 0xA0A5, 0xA844,
  0x98A4, 0x9062, 0x9021, 0xB983, 0xFC8F, 0xC986, 0xD8A7, 0xB067, 0x4884, 0x4946, 0x4125, 0x3104,
  0x1883, 0x1925, 0x29A7, 0x29A7, 0x2167, 0x18E5, 0x0883, 0x0883, 0x10A3, 0x10A3, 0x0883, 0x0883,
  0x0883, 0x0883, 0x0883, 0x08A3, 0x08A3, 0x08A3, 0x0883, 0x0883, 0x0883, 0x0883, 0x10C4, 0x08C4,
  0x1105, 0x1105, 0x0905, 0x10E5, 0x10C4, 0x10C4, 0x10E4, 0x10C4, 0x08C4, 0x08C4, 0x10C4, 0x10C4,
  0x10C4, 0x08C4, 0x08C4, 0x10E4, 0x10E4, 0x10E4, 0x10E4, 0x10E4, 0x10E5, 0x10C4, 0x10C4, 0x1105,
  0x5B2E, 0x31C8, 0x424A, 0x4A8B, 0x5AEC, 0x632D, 0x634E, 0x6B6F, 0x738F, 0x52AB, 0x1905, 0x29A7,
  0x2167, 0x3A29, 0x424A, 0x5ACD, 0x630D, 0x6B4E, 0x6B2E, 0x632E, 0x6B2E, 0x62ED, 0x736F, 0x6B6F,
  0x632E, 0x6B6F, 0x6B6F, 0x8432, 0x8C32, 0x8411, 0x8411, 0x83F1, 0x8C52, 0x9473, 0xA4F5, 0x9CF4,
  0x8C72, 0x8411, 0x8411, 0x7BD0, 0x630C, 0x62EC, 0x52AB, 0x528A, 0x5ACB, 0x52AB, 0x630C, 0x632D,
  0x5ACB, 0x5AAB, 0x528B, 0x526A, 0x4A4A, 0x4A08, 0x6A49, 0x9A0B, 0xECF3, 0xCCAE, 0xB38D, 0x89CB,
  0x61E8, 0x79C9, 0x68A5, 0x6803, 0xC26B, 0xF653, 0xD4AD, 0xC927, 0xA824, 0xCBB1, 0x5A8C, 0x8453,
  0x9C95, 0x624C, 0x39C9, 0x4A09, 0x9410, 0xB26C, 0x9844, 0x9063, 0xFD14, 0xFE16, 0xB1E6, 0xC9A7,
  0x9064, 0x6802, 0xA187, 0xF4AF, 0xF50F, 0x88C3, 0x6946, 0x628C, 0x5A2C, 0x3906, 0x4966, 0xAB2D,
  0x8063, 0x6800, 0xFE56, 0xDB6B, 0xC1E7, 0xB126, 0x6884, 0x60E6, 0x68E6, 0x68E6, 0x60E6, 0x60E6,
  0x6106, 0x6106, 0x6906, 0x6906, 0x68E6, 0x7106, 0x70E6, 0x70C5, 0x78E6, 0x8107, 0x78C6, 0x80E7,
  0x8107, 0x80E7, 0x88E7, 0x88E7, 0x88E7, 0x8107, 0x8948, 0x8928, 0x80E7, 0x8927, 0x8989, 0x8148,
  0x6906, 0x50A4, 0x5926, 0x48E4, 0x38E4, 0x38E4, 0x38C4, 0x38C4, 0x38C4, 0x38C4, 0x38C4, 0x38C4,
  0x38C4, 0x38C4, 0x38E4, 0x38E4, 0x38C4, 0x38E4, 0x30E4, 0x38E4, 0x38C4, 0x38C4, 0x38C4, 0x38E3,
  0x40E3, 0x3082, 0xCD75, 0x4164, 0x1040, 0x5A27, 0x28C2, 0x3883, 0x7084, 0xD9E9, 0xB0C3, 0xA0E2,
  0xB0C3, 0xA822, 0xA021, 0xB944, 0xFC70, 0xDA29, 0xC0C7, 0x6864, 0x5105, 0x5104, 0x68A2, 0xBA27,
  0x7880, 0xA9A3, 0xF329, 0xFBCC, 0xFC4F, 0xC145, 0xC025, 0xA8A8, 0x50E5, 0x5146, 0x40E4, 0x4125,
  0x2083, 0x3188, 0x424B, 0x3A2A, 0x29A8, 0x2105, 0x0882, 0x1082, 0x1082, 0x0862, 0x1082, 0x1083,
  0x0882, 0x0882, 0x0882, 0x10A3, 0x0882, 0x08A2, 0x10A3, 0x10A3, 0x1082, 0x1083, 0x1905, 0x2166,
  0x31E9, 0x29A7, 0x2166, 0x1905, 0x10A3, 0x0883, 0x10A3, 0x10A3, 0x0883, 0x10A3, 0x0882, 0x08A2,
  0x08A2, 0x08A2, 0x08A3, 0x08A3, 0x08A3, 0x10A3, 0x08A3, 0x0882, 0x0862, 0x10C4, 0x10E4, 0x1925,
  0x634F, 0x634F, 0x636F, 0x6B90, 0x6B90, 0x634F, 0x634F, 0x7BF1, 0x6B8F, 0x52AC, 0x31C8, 0x10C4,
  0x3A2A, 0x424A, 0x4A8B, 0x5B0D, 0x6B2E, 0x632E, 0x630E, 0x632E, 0x630E, 0x6B4F, 0x6B4E, 0x6B4E,
  0x7390, 0x73B0, 0x7BB0, 0x7BF1, 0x8C73, 0x8432, 0x8432, 0x7BD0, 0x8C32, 0x8C52, 0x9CD4, 0x9CF5,
  0x8C72, 0x8431, 0x7BD0, 0x7BD0, 0x6B4E, 0x62EC, 0x5AEC, 0x52CB, 0x528A, 0x5ACB, 0x5ACB, 0x52CB,
  0x52CB, 0x528B, 0x526A, 0x524A, 0x524B, 0x5249, 0x82EB, 0xDBCF, 0xFE73, 0xFF51, 0x9303, 0x9207,
  0x6A09, 0x7189, 0x6085, 0x6002, 0x9905, 0xEDB1, 0xCC4B, 0xC146, 0xA023, 0xBB70, 0x4209, 0x7452,
  0x7C12, 0x6B2F, 0x2946, 0x6AEC, 0x8C0F, 0x9A09, 0x8863, 0x9083, 0xFDF6, 0xFE36, 0xA985, 0xF2CB,
  0x8843, 0x7002, 0xA1E8, 0xFD50, 0xD42A, 0x9083, 0x6988, 0x73D0, 0x6B2F, 0x4A29, 0x31A6, 0x69C8,
  0xB22B, 0x7801, 0xFDD4, 0xF510, 0xFC0F, 0xC127, 0x8084, 0x68C5, 0x68E6, 0x68E6, 0x60E6, 0x60E6,
  0x68E6, 0x68E6, 0x6906, 0x6906, 0x68E6, 0x7106, 0x7106, 0x7907, 0x7907, 0x70C6, 0x7907, 0x7907,
  0x7907, 0x8107, 0x8128, 0x8928, 0x8928, 0x8928, 0x8907, 0x8928, 0x8928, 0x78C6, 0x5864, 0x6926,
  0x61A7, 0x5125, 0x38C3, 0x38E4, 0x30E4, 0x38C4, 0x38C4, 0x38C4, 0x38C4, 0x38C4, 0x38C4, 0x38C4,
  0x38C4, 0x38C4, 0x38C4, 0x38C4, 0x38C4, 0x38C4, 0x38E4, 0x40E4, 0x38C4, 0x38C4, 0x40E5, 0x40C3,
  0x40C3, 0x40C3, 0x6A27, 0x7AE8, 0xFF98, 0x6A61, 0x61E3, 0x4903, 0x5063, 0xB188, 0xCA29, 0x7820,
  0xA0C2, 0x9020, 0x9882, 0xF30B, 0xFBEE, 0xD0E5, 0xC0A7, 0x5823, 0x48C4, 0x7208, 0x79A6, 0xDB8C,
  0xFCAE, 0xF42B, 0xFBCA, 0xFB8D, 0xE289, 0xB945, 0xA824, 0x90A7, 0x4925, 0x4925, 0x40E5, 0x4146,
  0x3106, 0x31A8, 0x4A6C, 0x426C, 0x31EA, 0x2946, 0x0862, 0x0862, 0x1082, 0x10A3, 0x18C3, 0x18A3,
  0x10A3, 0x10A3, 0x10A2, 0x10A2, 0x18C3, 0x10A3, 0x1082, 0x1082, 0x1082, 0x10C3, 0x2146, 0x29A7,
  0x3A2A, 0x3209, 0x2187, 0x1904, 0x10A3, 0x0883, 0x08A3, 0x0862, 0x08A3, 0x0883, 0x0882, 0x08A2,
  0x0882, 0x0882, 0x08A2, 0x08A2, 0x08A2, 0x0882, 0x0882, 0x1083, 0x10A3, 0x18E4, 0x2146, 0x2987,
  0x5AED, 0x634E, 0x634E, 0x6B6F, 0x6B6F, 0x73B0, 0x73B0, 0x738F, 0x73B0, 0x3A09, 0x2946, 0x2967,
  0x422A, 0x3A09, 0x424A, 0x73B0, 0x630E, 0x632E, 0x6B2E, 0x6B6F, 0x630D, 0x6B4F, 0x632E, 0x632E,
  0x7390, 0x736F, 0x7BD1, 0x7BD1, 0x8432, 0x9493, 0x9493, 0x8412, 0x8411, 0x8432, 0x9CB4, 0xA4F5,
  0x8C72, 0x8431, 0x7BD0, 0x7BD0, 0x7BD0, 0x6B4D, 0x5B0C, 0x52AB, 0x52AA, 0x528A, 0x5AEC, 0x52CB,
  0x52CB, 0x528A, 0x526A, 0x524A, 0x5A6C, 0x62EB, 0x82CA, 0xFCD3, 0xFE51, 0xFF6E, 0xDD8B, 0x7923,
  0x7229, 0x71C9, 0x58A5, 0x78C6, 0x8063, 0xF5B1, 0xE4AD, 0xA082, 0xB084, 0xCBB1, 0x62AB, 0x428A,
  0x532D, 0x3A6A, 0x5B0C, 0x8B8E, 0x93AE, 0x9967, 0x8022, 0x88A3, 0xED32, 0xFE16, 0xCA89, 0xEA8B,
  0x9884, 0x7843, 0xAA08, 0xFD30, 0xDC6B, 0x9884, 0x8A0A, 0x4A8B, 0x8C32, 0x528A, 0x4A08, 0x7188,
  0x9947, 0x8002, 0xF553, 0xFE97, 0xFC0E, 0xB8C5, 0x8823, 0x60E5, 0x60E5, 0x60E5, 0x60E5, 0x6906,
  0x6906, 0x6906, 0x6906, 0x7126, 0x7106, 0x7106, 0x7126, 0x7106, 0x7126, 0x8148, 0x7907, 0x7907,
  0x8127, 0x7907, 0x8128, 0x8127, 0x8107, 0x8927, 0x9128, 0x9107, 0x8907, 0x9168, 0x70E6, 0x4822,
  0x4063, 0x3883, 0x38E4, 0x30C3, 0x30C3, 0x38C4, 0x40A4, 0x40A4, 0x40C4, 0x38C4, 0x38C4, 0x38E4,
  0x38E4, 0x38E4, 0x38C4, 0x40C4, 0x40C4, 0x38C4, 0x40E4, 0x40C4, 0x40A4, 0x40C4, 0x40A4, 0x40C3,
  0x40E3, 0x4904, 0x5965, 0x9B4B, 0x8284, 0xFF96, 0x7A24, 0x50E2, 0x5104, 0x6883, 0xFC31, 0xF430,
  0xBA27, 0xD269, 0xFB8D, 0xFB4D, 0xE269, 0xB863, 0xA825, 0x68E6, 0x5906, 0x8209, 0x926A, 0x8103,
  0xDB0B, 0xFC0D, 0xE2E9, 0xC906, 0xDA08, 0xF32E, 0xB148, 0x6043, 0x30E3, 0x40C4, 0x38E4, 0x3925,
  0x3126, 0x31C9, 0x428C, 0x426B, 0x29C9, 0x2126, 0x0862, 0x0882, 0x10C3, 0x10A3, 0x10C3, 0x10A3,
  0x10A3, 0x10C3, 0x18C3, 0x18C3, 0x10A3, 0x1082, 0x0882, 0x1082, 0x1082, 0x18C4, 0x2166, 0x31E8,
  0x426B, 0x3A4B, 0x29C9, 0x1925, 0x0883, 0x0883, 0x08A3, 0x10C4, 0x10C4, 0x08A3, 0x08A3, 0x08A3,
  0x08A3, 0x08A2, 0x08A3, 0x08A3, 0x08A3, 0x08A3, 0x08A3, 0x08A3, 0x10A3, 0x18E5, 0x2167, 0x29C8,
  0x52AB, 0x52AB, 0x630C, 0x5AAB, 0x526A, 0x524A, 0x41E8, 0x524A, 0x6B2D, 0x62EC, 0x39C8, 0x39C8,
  0x41E8, 0x4208, 0x4A29, 0x7BAF, 0x738F, 0x634E, 0x632E, 0x6B6F, 0x634E, 0x6B6F, 0x6B6F, 0x6B6F,
  0x7390, 0x7390, 0x7BD0, 0x8411, 0x8432, 0x8C32, 0x9473, 0x7BF1, 0x7BD1, 0x8411, 0x9CD4, 0xAD36,
  0x9493, 0x8C52, 0x8C31, 0x83F0, 0x8411, 0x7BAF, 0x6B6E, 0x630C, 0x52CB, 0x5AEC, 0x52AB, 0x52CB,
  0x52CB, 0x4A8A, 0x526A, 0x5A6A, 0x524B, 0x5AA9, 0x82A9, 0xFC94, 0xFE33, 0xEF51, 0x9B89, 0xB2CF,
  0x82CB, 0x7A0A, 0x5885, 0x6864, 0x7801, 0xDC8D, 0xFE53, 0x9860, 0xA821, 0x88C5, 0xDD56, 0x41C8,
  0x4A49, 0x4229, 0x7BF0, 0xB411, 0x9AED, 0x9824, 0x9802, 0xCA4A, 0xF553, 0xF4B1, 0xDB6C, 0xEA4A,
  0xA884, 0x6801, 0x88A2, 0xFCAE, 0xFDAF, 0x8802, 0xAACD, 0x4A49, 0x630D, 0x31C6, 0x49C7, 0x99CB,
  0x98E6, 0x7001, 0xED32, 0xFE15, 0xFC70, 0xB0A4, 0x9884, 0x68E5, 0x68E6, 0x68E6, 0x68E6, 0x68E6,
  0x70E6, 0x70E6, 0x70C5, 0x78E6, 0x78E6, 0x7906, 0x78E6, 0x8127, 0x7906, 0x8907, 0x88E7, 0x88E7,
  0x88E7, 0x80E7, 0x88E7, 0x8907, 0x8927, 0x8947, 0x9148, 0x9928, 0xA148, 0x9128, 0x9168, 0x8167,
  0x7188, 0x50E4, 0x48E4, 0x38E4, 0x38C4, 0x40C4, 0x40A4, 0x40A4, 0x40A4, 0x40C4, 0x40C4, 0x38C4,
  0x38C4, 0x38C4, 0x40C4, 0x40C4, 0x40C4, 0x40C4, 0x40C4, 0x40C4, 0x40C4, 0x48E4, 0x5105, 0x48E4,
  0x40E4, 0x40A4, 0x4883, 0x7186, 0x58A1, 0x3880, 0x5882, 0x58A3, 0x5103, 0x6881, 0x9081, 0xC1A6,
  0xF40E, 0xFB6D, 0xFB6E, 0xF28A, 0xEB4B, 0xC9C7, 0x9024, 0x58E5, 0x69A8, 0x58E5, 0x7209, 0x8A09,
  0x88A4, 0x9863, 0xB906, 0xD0C7, 0xB8E5, 0xD26B, 0xA126, 0x58C4, 0x3124, 0x40C3, 0x3903, 0x3124,
  0x2925, 0x3A4A, 0x4AAC, 0x426B, 0x29E9, 0x1926, 0x10C3, 0x18E4, 0x18E4, 0x1905, 0x18E4, 0x18E4,
  0x18E4, 0x18C3, 0x10A3, 0x10A3, 0x10A3, 0x10A3, 0x10A3, 0x10C3, 0x10A3, 0x18E4, 0x2187, 0x31E9,
  0x3A4B, 0x324B, 0x21C9, 0x2166, 0x10E4, 0x1905, 0x2146, 0x1946, 0x1905, 0x10C4, 0x08A3, 0x08A3,
  0x08A3, 0x08A3, 0x08A3, 0x08A3, 0x08A3, 0x08A3, 0x0883, 0x0883, 0x08A4, 0x1105, 0x2187, 0x29E9,
  0x18A2, 0x18C3, 0x18A2, 0x18A2, 0x1882, 0x18A2, 0x18A3, 0x1882, 0x2104, 0x28E4, 0x20C3, 0x2904,
  0x3145, 0x18A3, 0x3145, 0x4A29, 0x39C7, 0x39E8, 0x632D, 0x7BD0, 0x6B6F, 0x6B6F, 0x6B8F, 0x6B4E,
  0x7390, 0x7BB0, 0x7BD1, 0x7BD1, 0x9CD4, 0x8411, 0x8C52, 0x83F1, 0x7BB0, 0x83F1, 0x9493, 0x9CB3,
  0x8C72, 0x8C51, 0x8C31, 0x8411, 0x7BF0, 0x7BAF, 0x73AF, 0x73AF, 0x7BD0, 0x73AF, 0x6B6E, 0x630C,
  0x630C, 0x6B4D, 0x5AEC, 0x5AEC, 0x632D, 0x732D, 0x92CD, 0xC38F, 0xFDB6, 0xFE99, 0x5165, 0x7AEC,
  0x832D, 0x7A6A, 0x4884, 0x5866, 0x6045, 0x9964, 0xFC6C, 0xE46B, 0x9860, 0xC864, 0xB023, 0xA0C4,
  0xB1E9, 0x9989, 0xA9A9, 0xA146, 0xA063, 0x9800, 0x90C1, 0xF552, 0xFDB4, 0xDA69, 0xFBEE, 0xA061,
  0x9064, 0x5843, 0x6062, 0x9984, 0xFDF1, 0x7880, 0x98A2, 0xA106, 0x91A9, 0xA32D, 0x9187, 0x9063,
  0x9022, 0xB1C8, 0xFE97, 0xFDD2, 0xEB6B, 0xB0A3, 0x9064, 0x68C5, 0x70E6, 0x70E6, 0x68E6, 0x70E6,
  0x7106, 0x7106, 0x78E6, 0x78E6, 0x7907, 0x7907, 0x8107, 0x7907, 0x8107, 0x80C6, 0x80E7, 0x8907,
  0x8907, 0x8907, 0x8907, 0x8928, 0x9127, 0x9107, 0x8907, 0x9128, 0x9928, 0x9107, 0x80E7, 0x6927,
  0x5105, 0x40C4, 0x38A4, 0x40E4, 0x38E4, 0x40C4, 0x40C4, 0x40C4, 0x40C4, 0x40C4, 0x40C4, 0x40A4,
  0x40C4, 0x40C4, 0x38E4, 0x38E4, 0x40C4, 0x40C4, 0x40C4, 0x40C4, 0x40C4, 0x40E4, 0x38E3, 0x38E3,
  0x40E4, 0x40C4, 0x40C4, 0x48C5, 0x48C5, 0x48E4, 0x48C4, 0x50A4, 0x58C4, 0x7906, 0x6822, 0x7802,
  0x8022, 0xA8A5, 0xB8C6, 0xB064, 0xA8A5, 0xB9E9, 0x68A3, 0x58C4, 0x50A4, 0x6126, 0x6126, 0x79E9,
  0x8A6A, 0x6926, 0x6925, 0x6905, 0x5905, 0x48E4, 0x4104, 0x3904, 0x3104, 0x30E3, 0x30E3, 0x3924,
  0x2904, 0x39C8, 0x31A8, 0x2146, 0x1905, 0x1904, 0x18E4, 0x10C3, 0x10C3, 0x18E4, 0x18E4, 0x10C4,
  0x18E4, 0x18E4, 0x18E4, 0x18E4, 0x18E4, 0x18E4, 0x18C4, 0x10C3, 0x10C4, 0x1905, 0x2187, 0x3209,
  0x3A2A, 0x320A, 0x2187, 0x1925, 0x10E4, 0x1904, 0x10C3, 0x10C3, 0x18E4, 0x18E4, 0x10C3, 0x10C3,
  0x10C3, 0x10C3, 0x10C3, 0x10C3, 0x10A3, 0x10C3, 0x10A3, 0x10C4, 0x08A3, 0x1105, 0x2187, 0x29E9,
  0x18A2, 0x18A2, 0x18A3, 0x18A2, 0x18A2, 0x1882, 0x1082, 0x1882, 0x1082, 0x1882, 0x18A2, 0x18A3,
  0x1041, 0x18A3, 0x1061, 0x20E3, 0x3165, 0x528A, 0x4208, 0x3186, 0x4209, 0x630D, 0x7BD0, 0x6B6F,
  0x7390, 0x7390, 0x7BF2, 0x8C73, 0x7BF1, 0x8C52, 0x8411, 0x7BB0, 0x7BB0, 0x83F0, 0x9C93, 0x9452,
  0x83F0, 0x8411, 0x7BD0, 0x7BD0, 0x7BF0, 0x73AF, 0x7BF0, 0x7BCF, 0x738F, 0x73AF, 0x7BF0, 0x73AF,
  0x7BF0, 0x736E, 0x738E, 0x736E, 0x73CF, 0x7B8F, 0x8AED, 0xBB2E, 0xFDF8, 0xDCB2, 0x6A08, 0x834E,
  0x830D, 0x7249, 0x4883, 0x58A6, 0x6065, 0x7061, 0xA204, 0xFDCF, 0xECAC, 0x8860, 0xA043, 0xB046,
  0xA804, 0xB865, 0xA022, 0xA8C4, 0x9041, 0xB1A2, 0xFD8C, 0xED4B, 0xEC6C, 0xFC0F, 0xEA8A, 0xA883,
  0x6802, 0x7085, 0x6063, 0x6040, 0xA264, 0xED8D, 0x6800, 0xA0C4, 0x9845, 0x8884, 0x80C3, 0x6820,
  0xAA28, 0xFCD2, 0xFE15, 0xFCD0, 0xEAAA, 0xA043, 0x8044, 0x68C5, 0x70E6, 0x70E6, 0x70E6, 0x70E6,
  0x70E6, 0x70E6, 0x78C6, 0x78E6, 0x7907, 0x7907, 0x8107, 0x8107, 0x80E6, 0x80E6, 0x8907, 0x8907,
  0x8907, 0x8907, 0x8907, 0x8928, 0x8907, 0x9128, 0x9128, 0x9128, 0x9908, 0x88E7, 0x78A6, 0x5043,
  0x4884, 0x48A4, 0x40C4, 0x38A3, 0x40C4, 0x40C4, 0x48A4, 0x48C3, 0x48C3, 0x48C3, 0x48C3, 0x48A3,
  0x48C3, 0x48A3, 0x48A4, 0x48A4, 0x48A4, 0x48C4, 0x48C5, 0x48C5, 0x48A5, 0x48A4, 0x48A3, 0x48C3,
  0x48C4, 0x48E4, 0x48E4, 0x40C3, 0x40A3, 0x48C4, 0x48C4, 0x48A4, 0x50C4, 0x58A3, 0x5842, 0x6062,
  0x7883, 0x7801, 0x8002, 0x8002, 0x7822, 0x6842, 0x5883, 0x58C4, 0x58E5, 0x50E4, 0x50E4, 0x50C4,
  0x6146, 0x5905, 0x50A4, 0x58E5, 0x48C3, 0x48E4, 0x3904, 0x38E4, 0x3104, 0x3104, 0x30E3, 0x3904,
  0x3104, 0x3166, 0x3187, 0x1926, 0x1905, 0x1905, 0x10E4, 0x1905, 0x1905, 0x10E4, 0x1905, 0x1905,
  0x1905, 0x1905, 0x1905, 0x1905, 0x10E4, 0x10E4, 0x1905, 0x1925, 0x2167, 0x29C8, 0x3209, 0x3229,
  0x3209, 0x1946, 0x10E5, 0x10C3, 0x10C3, 0x10E4, 0x18E4, 0x18E4, 0x18E4, 0x10E4, 0x10E4, 0x10E4,
  0x10E4, 0x18E4, 0x1904, 0x10E4, 0x10C4, 0x10C3, 0x08A3, 0x08A3, 0x08C4, 0x1125, 0x29A8, 0x29E9,
  0x10A2, 0x10A2, 0x1082, 0x1082, 0x1082, 0x1082, 0x1082, 0x1082, 0x18A2, 0x1882, 0x1082, 0x1082,
  0x1882, 0x18A2, 0x18A3, 0x18A3, 0x18C3, 0x1062, 0x2924, 0x2104, 0x18C3, 0x18A3, 0x4A09, 0x738F,
  0x7BD1, 0x6B90, 0x8412, 0x8453, 0x8C73, 0x8452, 0x8411, 0x7B8F, 0x736F, 0x8411, 0x9C93, 0x8C11,
  0x7BCF, 0x83F0, 0x73AF, 0x6B8E, 0x6B6E, 0x73AF, 0x6B6E, 0x73AF, 0x7BCF, 0x7BEF, 0x73AF, 0x634D,
  0x632D, 0x634D, 0x6B4E, 0x736E, 0x73AF, 0x736E, 0x8B6F, 0x8167, 0xFD56, 0x89A8, 0x7A8B, 0x730D,
  0x832D, 0x7229, 0x48A3, 0x50A5, 0x60A5, 0x6822, 0x7881, 0xB2E6, 0xFDAE, 0xDCC9, 0x9180, 0x8860,
  0x9000, 0xA880, 0x8820, 0x9980, 0xDC46, 0xFE6A, 0xF627, 0xF58C, 0x90C0, 0xFBAF, 0xA000, 0x9863,
  0x68A5, 0x7086, 0x5884, 0x60C3, 0x7880, 0xFD8E, 0xFE92, 0xBB87, 0x7880, 0x9940, 0xB284, 0xED2E,
  0xFDD3, 0xFDD3, 0xE40E, 0xE32C, 0xDA09, 0xA0A6, 0x7085, 0x68C5, 0x68E6, 0x70E6, 0x7106, 0x70E6,
  0x7906, 0x7906, 0x7907, 0x78E6, 0x8107, 0x8107, 0x8107, 0x8127, 0x80E7, 0x80E7, 0x8907, 0x8907,
  0x8907, 0x8907, 0x8928, 0x80E7, 0x9148, 0x9107, 0x8907, 0x9128, 0x9908, 0x9128, 0x8948, 0x81C9,
  0x6967, 0x50E5, 0x50E5, 0x40A3, 0x48C4, 0x48A4, 0x48A4, 0x50A3, 0x50A3, 0x50A3, 0x50A3, 0x48A3,
  0x50A3, 0x50A3, 0x5883, 0x5883, 0x50A3, 0x48C3, 0x48C4, 0x48C4, 0x48A4, 0x48A4, 0x50A4, 0x48A4,
  0x48A3, 0x48A3, 0x48A3, 0x40C3, 0x48E3, 0x48A3, 0x48C3, 0x48A3, 0x48A3, 0x58E4, 0x6924, 0x7986,
  0x6062, 0x70A4, 0x7083, 0x70A3, 0x68A3, 0x5883, 0x5083, 0x48A3, 0x50C4, 0x50E4, 0x48E4, 0x48C4,
  0x50E4, 0x5105, 0x50E5, 0x5105, 0x61A7, 0x4946, 0x3904, 0x3904, 0x30E3, 0x30E4, 0x30C3, 0x30E3,
  0x3104, 0x2905, 0x4229, 0x31E9, 0x3209, 0x31E9, 0x31E9, 0x31E9, 0x31E9, 0x29C8, 0x29C8, 0x29A8,
  0x29A8, 0x29A8, 0x29A8, 0x29A8, 0x2187, 0x2187, 0x2187, 0x29A8, 0x2188, 0x2188, 0x21A8, 0x21A7,
  0x1946, 0x10E5, 0x10E5, 0x10E4, 0x1104, 0x1104, 0x1905, 0x1104, 0x10E4, 0x10E4, 0x10E4, 0x10E4,
  0x10E4, 0x10E4, 0x10E4, 0x10E4, 0x10C4, 0x10E4, 0x1905, 0x2146, 0x29C8, 0x3209, 0x29E9, 0x29E9,
  0x1082, 0x1082, 0x1082, 0x1082, 0x1062, 0x1061, 0x18A2, 0x1082, 0x1082, 0x1082, 0x1082, 0x1082,
  0x20C3, 0x1062, 0x18A2, 0x1882, 0x18A2, 0x1881, 0x18A2, 0x1882, 0x20A3, 0x28E4, 0x20A3, 0x39C8,
  0x7BF1, 0x73B0, 0x8432, 0x8C93, 0x8C93, 0x8C72, 0x7BF0, 0x83D0, 0x83F0, 0x7BCF, 0x8C51, 0x7BCF,
  0x6B6E, 0x6B6E, 0x5B0C, 0x634D, 0x5B0C, 0x632D, 0x6B4D, 0x6B4D, 0x6B6E, 0x73AF, 0x73AF, 0x7BF0,
  0x738F, 0x6B4D, 0x6B6E, 0x738F, 0x7C10, 0x73AF, 0x7B4E, 0x8188, 0x9127, 0x8947, 0x930D, 0x6AAC,
  0x7ACC, 0x69E8, 0x48A3, 0x50A4, 0x58C5, 0x6864, 0x7843, 0x8021, 0xB223, 0xFE2B, 0xFE8B, 0xFECD,
  0xED6A, 0xFDAE, 0xFE6F, 0xFE4B, 0xF648, 0xFE89, 0xFE6C, 0xFD0F, 0xD1C8, 0xC9E9, 0x9843, 0x8083,
  0x5084, 0x5865, 0x50C6, 0x58C5, 0x7043, 0xA1E6, 0xBBE8, 0xFE8D, 0xFE8B, 0xFE2A, 0xFF2E, 0xEDAB,
  0xFDB1, 0xFD91, 0xE40D, 0xEB6D, 0x9063, 0x7844, 0x78E7, 0x70E6, 0x70C6, 0x70E6, 0x70E6, 0x70E6,
  0x78E6, 0x78E6, 0x8107, 0x80E6, 0x78E6, 0x80E6, 0x78C6, 0x80E7, 0x8928, 0x88E7, 0x8907, 0x8907,
  0x88E7, 0x8928, 0x8907, 0x8907, 0x9128, 0x8907, 0x8907, 0x9128, 0x9928, 0x9928, 0x8107, 0x60C5,
  0x6147, 0x5926, 0x40C4, 0x40C4, 0x48C4, 0x48A4, 0x48A4, 0x50A4, 0x50A4, 0x50A3, 0x50A3, 0x50A3,
  0x50A3, 0x58A3, 0x60C3, 0x60C3, 0x50C3, 0x48E3, 0x40E3, 0x40C3, 0x40C3, 0x48E4, 0x48C4, 0x50A4,
  0x50C4, 0x58E4, 0x50C4, 0x50C3, 0x48C3, 0x50E4, 0x50E4, 0x50C3, 0x50C3, 0x58A3, 0x6082, 0x7104,
  0x7105, 0x60A4, 0x60A3, 0x58A3, 0x58A3, 0x58C4, 0x58A4, 0x50A4, 0x48A3, 0x50E4, 0x50C4, 0x5105,
  0x48C4, 0x4905, 0x4905, 0x5146, 0x59C8, 0x6229, 0x4125, 0x4125, 0x30E4, 0x30E4, 0x38E4, 0x38C4,
  0x3904, 0x3125, 0x4A6A, 0x4ACC, 0x42CC, 0x4ACD, 0x52ED, 0x4ACD, 0x4AAC, 0x4ACD, 0x4AAC, 0x4ACD,
  0x4ACD, 0x4ACD, 0x4ACD, 0x4AAC, 0x3A4B, 0x3A2A, 0x320A, 0x320A, 0x3A6B, 0x428C, 0x3A8B, 0x3A4B,
  0x3209, 0x3209, 0x29A8, 0x29C7, 0x29A7, 0x2187, 0x10E4, 0x10E5, 0x1925, 0x2146, 0x1946, 0x1946,
  0x1925, 0x1946, 0x1125, 0x1925, 0x1925, 0x1946, 0x2187, 0x2187, 0x21A7, 0x21A8, 0x29E9, 0x29C9,
  0x1082, 0x1082, 0x1062, 0x1062, 0x1082, 0x1062, 0x1062, 0x1082, 0x1082, 0x1082, 0x1082, 0x1082,
  0x1882, 0x1882, 0x1882, 0x1882, 0x1882, 0x18A2, 0x1882, 0x1882, 0x18A2, 0x18A2, 0x18A3, 0x2925,
  0x8411, 0x9493, 0x8C52, 0x8C52, 0x738F, 0x4A49, 0x2124, 0x18A3, 0x10A3, 0x39C7, 0x738E, 0x8410,
  0x632D, 0x5B0C, 0x5B0C, 0x5AEC, 0x630C, 0x6B6E, 0x5AEC, 0x6B4E, 0x6B2D, 0x6B4D, 0x6B4D, 0x736E,
  0x7BCF, 0x738E, 0x7B8F, 0x6B4D, 0x632D, 0x632D, 0x730D, 0x81EA, 0x99C9, 0x9A0A, 0x8ACC, 0x72CC,
  0x82CC, 0x7229, 0x48C3, 0x50C4, 0x58C5, 0x6065, 0x7045, 0x7804, 0x9884, 0xBA23, 0xF4E8, 0xFEAB,
  0xFE8C, 0xE50A, 0xFE8B, 0xFE4B, 0xFD4A, 0xEC29, 0xC2C6, 0xD2E9, 0xA862, 0x9064, 0x7023, 0x6884,
  0x58E5, 0x48E5, 0x50E6, 0x50A5, 0x6085, 0x78A4, 0x8122, 0xAA63, 0xF4A8, 0xFD69, 0xF5AA, 0xFDED,
  0xB245, 0xEC6D, 0xF4B0, 0xD32C, 0x7883, 0x70A5, 0x70A5, 0x68C5, 0x70E6, 0x70C6, 0x7906, 0x78E6,
  0x78E6, 0x78E6, 0x8107, 0x80E6, 0x80E7, 0x80E6, 0x80E7, 0x8107, 0x8907, 0x8907, 0x8907, 0x88E7,
  0x8907, 0x88E7, 0x8907, 0x8907, 0x8907, 0x9107, 0x8907, 0x9107, 0x9928, 0x9108, 0x8948, 0x7147,
  0x50C4, 0x40A3, 0x40C4, 0x48E4, 0x40C4, 0x48A4, 0x48A4, 0x50A4, 0x50A4, 0x50C4, 0x50C4, 0x50A4,
  0x5083, 0x58A3, 0x6063, 0x5883, 0x5083, 0x40A3, 0x40E4, 0x40E4, 0x40C4, 0x40A4, 0x40A3, 0x50C4,
  0x58E5, 0x6926, 0x6105, 0x58A4, 0x50A3, 0x50C3, 0x50C3, 0x58C4, 0x60E4, 0x7905, 0x99A7, 0x8925,
  0x70A4, 0x5862, 0x6083, 0x58A4, 0x58A4, 0x58A4, 0x6084, 0x58C4, 0x58A3, 0x58C4, 0x50C4, 0x50C4,
  0x50E4, 0x5105, 0x48E5, 0x4925, 0x4925, 0x40E4, 0x4105, 0x4946, 0x4105, 0x4125, 0x4945, 0x38E4,
  0x4104, 0x3105, 0x526A, 0x4ACC, 0x4AED, 0x42CD, 0x4ACD, 0x42AC, 0x42AC, 0x4AED, 0x530E, 0x532E,
  0x532E, 0x532E, 0x4AED, 0x42AC, 0x42AC, 0x42AC, 0x42AC, 0x42AC, 0x4B0E, 0x4AED, 0x42CD, 0x42AC,
  0x42CC, 0x428B, 0x428B, 0x428B, 0x3A6A, 0x3A4A, 0x4AAC, 0x4AAC, 0x4AAC, 0x4AAC, 0x42AC, 0x426B,
  0x3A6A, 0x3229, 0x3209, 0x31E9, 0x29E9, 0x31E9, 0x29E9, 0x29E9, 0x3209, 0x320A, 0x320A, 0x2A09,
  0x1061, 0x1061, 0x1082, 0x1082, 0x0861, 0x1061, 0x1061, 0x1062, 0x1082, 0x1082, 0x1082, 0x1082,
  0x18A2, 0x1882, 0x1882, 0x1882, 0x18A2, 0x1882, 0x18A2, 0x18A2, 0x18A2, 0x18A2, 0x20A3, 0x18A3,
  0x6B4D, 0xA4F4, 0x9472, 0x62EC, 0x3166, 0x1882, 0x18A2, 0x20A3, 0x18A2, 0x1041, 0x0821, 0x4A49,
  0x738E, 0x630C, 0x632C, 0x6B4D, 0x5ACB, 0x630C, 0x734D, 0x6B0C, 0x732D, 0x734E, 0x6B2D, 0x6B0D,
  0x6B2D, 0x6B0D, 0x62CC, 0x6B0D, 0x62EC, 0x6AEC, 0x7AED, 0x71A9, 0x81A8, 0x81C9, 0x7A4A, 0x7AAC,
  0x828B, 0x7209, 0x48A4, 0x50C4, 0x58C4, 0x6085, 0x6865, 0x6065, 0x7806, 0xA026, 0xA0E4, 0xA9E3,
  0xBA43, 0xB1A1, 0xCB05, 0xFC8E, 0xC9E7, 0xC945, 0xB163, 0xFDF6, 0x98A5, 0x8085, 0x68A4, 0x60C5,
  0x50C5, 0x4905, 0x50E5, 0x58A5, 0x50C5, 0x6884, 0x7023, 0x8003, 0x98A4, 0xA985, 0xBA66, 0xF40D,
  0xCA49, 0xD38C, 0xA227, 0x78C4, 0x7106, 0x68E5, 0x70A5, 0x70E6, 0x70E6, 0x70E6, 0x78E6, 0x7907,
  0x78E6, 0x80E6, 0x80E6, 0x80E6, 0x80E7, 0x80C6, 0x8907, 0x8928, 0x88E7, 0x8907, 0x8907, 0x8907,
  0x88E7, 0x8907, 0x8907, 0x8907, 0x88E7, 0x9107, 0x8907, 0x9107, 0x9908, 0x88C7, 0x70A6, 0x60C5,
  0x50C4, 0x48A4, 0x48E4, 0x4083, 0x48A4, 0x50A4, 0x50A4, 0x58A4, 0x58A4, 0x50A3, 0x5083, 0x5083,
  0x5862, 0x6062, 0x6044, 0x6064, 0x5864, 0x5884, 0x50A4, 0x50A4, 0x5084, 0x50A4, 0x50A2, 0x5062,
  0x5883, 0x5862, 0x5883, 0x58A3, 0x60C4, 0x58C4, 0x60C4, 0x5863, 0x6063, 0x7883, 0x9125, 0xA166,
  0x8925, 0x6863, 0x6883, 0x5842, 0x6084, 0x60A4, 0x68A4, 0x60A4, 0x60A3, 0x60C4, 0x60C4, 0x58C4,
  0x50E4, 0x5104, 0x4904, 0x5146, 0x5966, 0x5126, 0x5987, 0x5166, 0x4946, 0x3082, 0x4966, 0x59E8,
  0x4104, 0x4986, 0x5A6A, 0x4AAC, 0x4B0D, 0x4ACD, 0x42AD, 0x42AD, 0x42CD, 0x4ACD, 0x530E, 0x532E,
  0x532F, 0x532E, 0x4AED, 0x42AC, 0x3A8C, 0x3A8C, 0x42AD, 0x4AED, 0x4ACD, 0x4AED, 0x42AC, 0x3A8C,
  0x3A8C, 0x428C, 0x42AC, 0x3A6B, 0x3A8B, 0x42AC, 0x428C, 0x4ACC, 0x52ED, 0x530D, 0x4ACC, 0x428B,
  0x428B, 0x3A6B, 0x3A6B, 0x3A6B, 0x3A4A, 0x3A4B, 0x3A6B, 0x3A4B, 0x3A8B, 0x42AC, 0x42AC, 0x42AC,
  0x1041, 0x1041, 0x0841, 0x1061, 0x1082, 0x1061, 0x1062, 0x1082, 0x1082, 0x10A2, 0x1082, 0x1082,
  0x1082, 0x1082, 0x1862, 0x1882, 0x1082, 0x1882, 0x18A2, 0x18A3, 0x18A2, 0x20A2, 0x20C3, 0x18A3,
  0x39C7, 0x8C51, 0x9431, 0x41A7, 0x28C4, 0x30E4, 0x3945, 0x4966, 0x4987, 0x3945, 0x3125, 0x1821,
  0x6ACC, 0x7BAF, 0x632C, 0x62EC, 0x630C, 0x6B2D, 0x6B0C, 0x5A6A, 0x6AEC, 0x6AEC, 0x6AEC, 0x6B2D,
  0x6ACC, 0x6AEC, 0x62AB, 0x628B, 0x62CB, 0x6A8B, 0x7A6C, 0x71C9, 0x71C8, 0x7A29, 0x828B, 0x7A4A,
  0x826A, 0x7A0A, 0x50C5, 0x50A4, 0x58C4, 0x6085, 0x6085, 0x60A5, 0x6025, 0x8006, 0x9006, 0x9025,
  0x9024, 0xA083, 0xDA6A, 0xEAED, 0xD1A9, 0xD188, 0xC1E6, 0x9187, 0x7005, 0x7086, 0x58A5, 0x58A5,
  0x58E5, 0x50E4, 0x58C4, 0x60C5, 0x58C5, 0x60C4, 0x6885, 0x7066, 0x7866, 0x8004, 0x8823, 0x8002,
  0x9085, 0x78C4, 0x78A4, 0x7885, 0x7108, 0x68E6, 0x78C5, 0x7106, 0x70E6, 0x7906, 0x70C6, 0x78E6,
  0x78C6, 0x80C6, 0x80E7, 0x8107, 0x8927, 0x8907, 0x8907, 0x8907, 0x88E7, 0x8907, 0x9128, 0x9108,
  0x8907, 0x88E7, 0x88E7, 0x8907, 0x8907, 0x9107, 0x9127, 0x88E7, 0x90C7, 0x9108, 0x8928, 0x7147,
  0x6926, 0x58C4, 0x4863, 0x50A4, 0x5083, 0x5884, 0x5884, 0x6063, 0x5862, 0x5882, 0x5882, 0x6082,
  0x6861, 0x6821, 0x6821, 0x6820, 0x6820, 0x6841, 0x6860, 0x6040, 0x6060, 0x68A0, 0x7903, 0x6860,
  0x6861, 0x6041, 0x6882, 0x60A3, 0x58A3, 0x68A4, 0x68A4, 0x70C5, 0x8126, 0x7042, 0x9146, 0xA9E8,
  0xAA08, 0x7082, 0x7063, 0x7083, 0x6863, 0x6883, 0x6883, 0x6883, 0x68A3, 0x6883, 0x6883, 0x60C4,
  0x58C4, 0x50C4, 0x50E4, 0x48C4, 0x7209, 0x7209, 0x7229, 0x722A, 0x61A7, 0x938F, 0xB4D3, 0x9C10,
  0x830D, 0x3905, 0x83B0, 0x5B0D, 0x532E, 0x530E, 0x4AED, 0x4AED, 0x4ACD, 0x530E, 0x5B4F, 0x5B4F,
  0x5B4F, 0x532E, 0x530E, 0x42AC, 0x428C, 0x428C, 0x42AC, 0x4ACD, 0x4AED, 0x4AED, 0x42ED, 0x3AAC,
  0x42AC, 0x42AD, 0x3A8C, 0x42AC, 0x42AC, 0x428C, 0x42AC, 0x42AC, 0x4ACD, 0x42AC, 0x428C, 0x3A6B,
  0x3A6B, 0x320A, 0x320A, 0x322A, 0x322A, 0x322A, 0x324B, 0x3A4B, 0x42AC, 0x42AC, 0x42AC, 0x42AC,
  0x4987, 0x4166, 0x3985, 0x3165, 0x3165, 0x2924, 0x2904, 0x3124, 0x1861, 0x1021, 0x1021, 0x1862,
  0x1882, 0x1082, 0x1082, 0x10A2, 0x1081, 0x1082, 0x18A2, 0x1061, 0x1882, 0x18A3, 0x18A3, 0x1882,
  0x20A3, 0x1841, 0x4986, 0x51E8, 0x5A29, 0x5A28, 0x51E7, 0x4166, 0x49A7, 0x51C7, 0x59C8, 0x4986,
  0x4105, 0x2862, 0x5A08, 0x6AEB, 0x732D, 0x38E4, 0x3883, 0x38C4, 0x2062, 0x51A7, 0x72AB, 0x7ACC,
  0x7AEC, 0x728B, 0x7AEC, 0x728B, 0x72AB, 0x72AC, 0x7AAC, 0x7A4A, 0x7A4A, 0x822A, 0x7A2A, 0x7209,
  0x7A4A, 0x820A, 0x5084, 0x58C5, 0x58C5, 0x6084, 0x6885, 0x6885, 0x6864, 0x7064, 0x7845, 0x7826,
  0x8005, 0x8005, 0x8025, 0x8025, 0x8825, 0x8825, 0x7825, 0x7066, 0x7886, 0x68A5, 0x68C6, 0x60C5,
  0x60C5, 0x58C4, 0x60C4, 0x58C5, 0x58A5, 0x58C5, 0x60C5, 0x68C5, 0x68C5, 0x70A5, 0x70C5, 0x70C5,
  0x70C6, 0x68C6, 0x70C6, 0x78C6, 0x70E7, 0x70E6, 0x70E6, 0x70E6, 0x70E6, 0x78E6, 0x78E6, 0x80C6,
  0x88C6, 0x88E7, 0x80E7, 0x80E6, 0x9107, 0x9928, 0x9148, 0x80E6, 0x8927, 0x8147, 0x8906, 0x90E6,
  0x9147, 0x8126, 0x9949, 0xA128, 0xA108, 0x90E8, 0x8907, 0x7904, 0x70E3, 0x78E3, 0x80E4, 0x8906,
  0x7924, 0x6924, 0x5104, 0x48C3, 0x58A3, 0x58A4, 0x60C4, 0x68C0, 0x91C3, 0xE3EA, 0xCB87, 0xBBA6,
  0xC3E8, 0xDC2A, 0xF50D, 0xFD0E, 0xFCCE, 0xFD2C, 0xFCE9, 0xEBC7, 0x99A2, 0x91A4, 0xA962, 0xA161,
  0xB1A3, 0xA963, 0x9944, 0x70E3, 0x50C4, 0x5884, 0x68A4, 0x78C4, 0x70A4, 0x6083, 0x6862, 0x7081,
  0x7083, 0x7862, 0x8063, 0x7821, 0x8062, 0x7841, 0x7862, 0x7862, 0x8063, 0x7883, 0x78A4, 0x68A3,
  0x68C3, 0x7986, 0x8229, 0x79E8, 0x50E4, 0x69E7, 0xBC71, 0x932D, 0x826B, 0x8ACC, 0x9B8E, 0xBCD3,
  0x728B, 0x38C4, 0x4967, 0x6B0E, 0x5B2E, 0x530E, 0x534F, 0x4B0E, 0x532E, 0x4B0E, 0x4B0E, 0x5B2F,
  0x532F, 0x532E, 0x4B0D, 0x42AC, 0x428C, 0x428C, 0x4AEE, 0x532E, 0x4B0E, 0x4B0E, 0x4AEE, 0x42CD,
  0x4B0E, 0x4AED, 0x4ACD, 0x42EE, 0x42EE, 0x42CD, 0x4ACD, 0x4ACD, 0x4ACD, 0x4ACC, 0x42AC, 0x3A6B,
  0x3A4B, 0x3A4B, 0x322A, 0x322A, 0x322A, 0x322A, 0x3A8B, 0x3A6B, 0x3A8C, 0x42CD, 0x4AED, 0x4ACD,
  0x624A, 0x5A29, 0x5A69, 0x5A49, 0x5A29, 0x5208, 0x5A49, 0x6249, 0x5A08, 0x49A7, 0x3905, 0x2082,
  0x1041, 0x1861, 0x1082, 0x18A2, 0x1082, 0x1061, 0x1082, 0x1082, 0x18A2, 0x1882, 0x18A3, 0x1882,
  0x20A2, 0x30E4, 0x5A08, 0x4987, 0x3925, 0x3125, 0x20C3, 0x2082, 0x2082, 0x30E3, 0x49A7, 0x4966,
  0x5187, 0x4125, 0x2862, 0x2061, 0x28E3, 0x2862, 0x2841, 0x2882, 0x20A2, 0x28A2, 0x30C3, 0x4125,
  0x4966, 0x7A8B, 0x7A6B, 0x828B, 0x82AC, 0x724A, 0x7AAB, 0x722A, 0x826B, 0x8A4B, 0x8A8B, 0x8AAC,
  0x822A, 0x8A2A, 0x60C5, 0x60C5, 0x5084, 0x70E6, 0x6865, 0x7085, 0x6865, 0x7045, 0x7845, 0x7825,
  0x8025, 0x8026, 0x7825, 0x8025, 0x8025, 0x7825, 0x7845, 0x7866, 0x7086, 0x68A5, 0x68A5, 0x60C5,
  0x60C5, 0x60E5, 0x58C5, 0x60E5, 0x60C5, 0x60C5, 0x60C5, 0x68C5, 0x68E5, 0x68C5, 0x70C5, 0x70C5,
  0x70E6, 0x70C6, 0x70E6, 0x70E6, 0x70E6, 0x70E6, 0x70E6, 0x7106, 0x70E7, 0x78E7, 0x78E7, 0x8106,
  0x7906, 0x7107, 0x7147, 0x7927, 0x8148, 0x7927, 0x7947, 0x7126, 0x7926, 0x78A4, 0x8843, 0x8002,
  0x6882, 0x71E7, 0xA34D, 0xCC71, 0xCC71, 0xDCD2, 0xDCF1, 0xDC8E, 0xD40B, 0xD3AA, 0xA9A4, 0x8882,
  0x7144, 0x5123, 0x3903, 0x3903, 0x40E4, 0x4904, 0x5165, 0x8203, 0xC367, 0xEC49, 0xC384, 0xCC66,
  0xFED1, 0xFE30, 0xFD4F, 0xFD2E, 0xFCEC, 0xFD0A, 0xE3C5, 0xB1A0, 0x7800, 0x6840, 0x9122, 0x9983,
  0x9142, 0xA143, 0xA145, 0xA1C8, 0x5884, 0x60C5, 0x68C5, 0x78E5, 0x70A4, 0x6883, 0x6842, 0x7062,
  0x7021, 0x7821, 0x8022, 0x8842, 0x8862, 0x8842, 0x8042, 0x8040, 0x8061, 0x8062, 0x7883, 0x7082,
  0x70C3, 0x6084, 0x6906, 0x71A8, 0x50E5, 0x4905, 0x59A7, 0x9B8F, 0x7209, 0x5967, 0x5986, 0x6A8B,
  0x51C8, 0x38A4, 0x38E5, 0x5A8C, 0x532E, 0x534E, 0x534E, 0x4AED, 0x4AED, 0x4AED, 0x4B0E, 0x532E,
  0x532E, 0x4B0D, 0x4ACD, 0x3A6B, 0x428B, 0x428C, 0x42AC, 0x42AC, 0x4AED, 0x4ACD, 0x42AD, 0x42AC,
  0x42CC, 0x42AC, 0x4AAC, 0x42CC, 0x42AC, 0x42AC, 0x4ACD, 0x4ACD, 0x4AED, 0x4AED, 0x4ACD, 0x42AC,
  0x3A6B, 0x3A4B, 0x3A4B, 0x322A, 0x322A, 0x322A, 0x3A6B, 0x3A8C, 0x42AC, 0x4AED, 0x4AED, 0x4AED,
  0x5A29, 0x6249, 0x6AAB, 0x6A8B, 0x72AB, 0x6A8A, 0x6A6A, 0x6229, 0x6A8A, 0x624A, 0x5A29, 0x5A08,
  0x3925, 0x28E4, 0x2082, 0x1041, 0x1882, 0x1882, 0x18A2, 0x18A2, 0x1882, 0x1082, 0x10A2, 0x20A3,
  0x30E4, 0x49A7, 0x59E8, 0x3945, 0x20A3, 0x0820, 0x0000, 0x0000, 0x0000, 0x0800, 0x1000, 0x3925,
  0x6229, 0x59A7, 0x38E4, 0x1861, 0x18C2, 0x18A2, 0x2082, 0x20A2, 0x20E3, 0x1882, 0x1882, 0x28A3,
  0x2882, 0x38C4, 0x5946, 0x69A8, 0x79C9, 0x69C9, 0x5987, 0x5125, 0x6187, 0x822A, 0x822A, 0x8209,
  0x81A8, 0x81A9, 0x68E5, 0x60C5, 0x60A5, 0x78C6, 0x7886, 0x7085, 0x7085, 0x7885, 0x7865, 0x7845,
  0x7845, 0x7845, 0x7845, 0x7845, 0x7845, 0x7845, 0x7865, 0x7065, 0x7085, 0x68A5, 0x68A5, 0x68C6,
  0x60C5, 0x60E5, 0x60C5, 0x60E5, 0x60E5, 0x60E6, 0x60E6, 0x68C5, 0x68C5, 0x68E6, 0x68C5, 0x70E6,
  0x70E6, 0x70E6, 0x70E6, 0x70E6, 0x70E6, 0x70E6, 0x78E6, 0x70E6, 0x78E7, 0x78E7, 0x7907, 0x68E6,
  0x5105, 0x4925, 0x5105, 0x48C4, 0x48C5, 0x40A4, 0x40C5, 0x48A4, 0x5863, 0x8823, 0xB0A4, 0xF32D,
  0xFDB4, 0xFED6, 0xF758, 0xFF79, 0xFFFA, 0xFF59, 0xFF59, 0xFE55, 0xFDB2, 0xFC8E, 0xCAC9, 0x8925,
  0x79E7, 0x40A1, 0x1820, 0x20A2, 0x2061, 0x2041, 0x2861, 0x58E2, 0x68C1, 0x6860, 0xDC4C, 0x79C1,
  0x8A64, 0xAAC7, 0x9184, 0x9141, 0xCAE3, 0xF426, 0xEB46, 0xC963, 0x9822, 0x8842, 0x7001, 0x6040,
  0x6060, 0x6841, 0x7022, 0x9968, 0x70A6, 0x70C6, 0x70A5, 0x78E6, 0x7084, 0x6863, 0x7863, 0x8041,
  0x7820, 0x8040, 0x8821, 0x8801, 0x9883, 0x9063, 0x8862, 0x8840, 0x8861, 0x8862, 0x8882, 0x80C2,
  0x78C2, 0x6882, 0x7904, 0x7966, 0x9ACC, 0x69C9, 0x4905, 0x59E9, 0x7B0D, 0x51C7, 0x49A8, 0x3966,
  0x41A8, 0x38E4, 0x30A3, 0x526A, 0x638F, 0x5B4F, 0x5B4E, 0x530D, 0x52ED, 0x52ED, 0x530E, 0x4B0E,
  0x4AED, 0x4AED, 0x42AC, 0x3A8B, 0x3A6B, 0x3A6B, 0x426B, 0x4AAC, 0x42AC, 0x428C, 0x42AC, 0x426B,
  0x428B, 0x428B, 0x42AB, 0x4A6A, 0x428B, 0x4A8B, 0x42AC, 0x4AED, 0x4B0E, 0x4AEE, 0x4ACD, 0x428C,
  0x3A6B, 0x3A4B, 0x3A4B, 0x322A, 0x322A, 0x324B, 0x3A6B, 0x3A8C, 0x4ACD, 0x4AED, 0x4AED, 0x4AED,
  0x3925, 0x3945, 0x4125, 0x4145, 0x4986, 0x59E8, 0x6249, 0x72CB, 0x6A6A, 0x728B, 0x6A8B, 0x6249,
  0x626A, 0x6A8A, 0x628A, 0x5A49, 0x3924, 0x1861, 0x1041, 0x1061, 0x1882, 0x1082, 0x1082, 0x28A3,
  0x3925, 0x4987, 0x4166, 0x1882, 0x0800, 0x0020, 0x0041, 0x0041, 0x0041, 0x0021, 0x0841, 0x1000,
  0x3904, 0x72AB, 0x59E8, 0x28A3, 0x1881, 0x18A2, 0x18A2, 0x18A2, 0x1882, 0x1081, 0x18C2, 0x20C3,
  0x28A3, 0x2862, 0x40A4, 0x4083, 0x5906, 0x5926, 0x38A3, 0x4104, 0x5946, 0x79C9, 0x8188, 0x8188,
  0x7106, 0x8168, 0x7906, 0x68C6, 0x68A5, 0x80A6, 0x8086, 0x78A6, 0x7886, 0x7886, 0x7886, 0x7865,
  0x7866, 0x7866, 0x7865, 0x7865, 0x7885, 0x7885, 0x78A5, 0x70A5, 0x70A5, 0x70C6, 0x68A5, 0x70E6,
  0x60C5, 0x60E6, 0x60E6, 0x68E6, 0x60E6, 0x60E6, 0x60E6, 0x68E6, 0x68C5, 0x68E6, 0x68C5, 0x7106,
  0x70E6, 0x70E6, 0x70E6, 0x70E6, 0x70E6, 0x70E6, 0x78E6, 0x70E7, 0x78E6, 0x78E7, 0x7907, 0x60E6,
  0x38A3, 0x28A2, 0x2860, 0x38A2, 0x30A3, 0x30A4, 0x3083, 0x4863, 0x6842, 0xA843, 0xC083, 0xF269,
  0xFCD0, 0xFE12, 0xFE52, 0xEDF2, 0xFEF6, 0xD570, 0xA3CA, 0x7982, 0x9A24, 0x7100, 0x7922, 0x70E3,
  0x7946, 0x79C8, 0x61A7, 0x59A7, 0x61C8, 0x69A8, 0x71C8, 0x7167, 0x8168, 0x8967, 0x6062, 0x7125,
  0x8186, 0x8987, 0x9166, 0x9123, 0x88E0, 0xF407, 0xF2E5, 0xE1C5, 0xD126, 0xB064, 0x9803, 0x7022,
  0x6021, 0x6842, 0x7043, 0x9969, 0x9129, 0x80C7, 0x7886, 0x78C6, 0x7084, 0x7042, 0x8060, 0xA101,
  0xA1A0, 0xD304, 0xB1A2, 0x9060, 0x9862, 0x9862, 0x9082, 0x9042, 0x9063, 0x9063, 0x9082, 0x9100,
  0x99A1, 0xAA22, 0x91A1, 0x8122, 0x7124, 0x8209, 0x5105, 0x4105, 0x4186, 0x3125, 0x28E5, 0x20C4,
  0x20C3, 0x4124, 0x4124, 0x3966, 0x5B6F, 0x5B6F, 0x5B2E, 0x52EE, 0x52CD, 0x4ACD, 0x4AED, 0x430E,
  0x4B0D, 0x4AED, 0x42AC, 0x3A6B, 0x3A6B, 0x3A4B, 0x3A4A, 0x426B, 0x428C, 0x426B, 0x426B, 0x424A,
  0x426B, 0x3A6B, 0x3A6B, 0x426B, 0x428B, 0x428B, 0x42AC, 0x4AED, 0x4AEE, 0x42CD, 0x42AC, 0x428C,
  0x3A6B, 0x3A6B, 0x3A4B, 0x322A, 0x3A4B, 0x3A6B, 0x3A6B, 0x42AC, 0x4AED, 0x4AED, 0x4B0E, 0x4B0E,
  0x3125, 0x3125, 0x3104, 0x3925, 0x3924, 0x3945, 0x3925, 0x4165, 0x4166, 0x59C8, 0x72AB, 0x7AEC,
  0x72CB, 0x72CB, 0x72CB, 0x6A8A, 0x72CB, 0x6249, 0x4186, 0x0800, 0x1861, 0x20A3, 0x1082, 0x28A3,
  0x3945, 0x4146, 0x3125, 0x1041, 0x0841, 0x0021, 0x0061, 0x1125, 0x1125, 0x1105, 0x0862, 0x0821,
  0x30E4, 0x4145, 0x6A29, 0x51A7, 0x2062, 0x18A2, 0x18A2, 0x1882, 0x2082, 0x20A2, 0x20A2, 0x2082,
  0x28A2, 0x28A2, 0x2882, 0x28A3, 0x3883, 0x38A3, 0x28C3, 0x30A3, 0x50E4, 0x7146, 0x7906, 0x8147,
  0x68A5, 0x8147, 0x8127, 0x7907, 0x6865, 0x8886, 0x88A6, 0x88E7, 0x7865, 0x7865, 0x80A6, 0x7886,
  0x78A6, 0x78A6, 0x7885, 0x7885, 0x78A6, 0x78A5, 0x78A6, 0x78E6, 0x70C6, 0x70C6, 0x78C6, 0x70E6,
  0x68E6, 0x68C5, 0x68E6, 0x68E6, 0x68C5, 0x68E6, 0x68E6, 0x68E6, 0x7106, 0x68E6, 0x70E6, 0x68E5,
  0x70E6, 0x70E6, 0x70E6, 0x70E6, 0x70E6, 0x70E6, 0x78E7, 0x68E6, 0x70E6, 0x70C6, 0x70C7, 0x7108,
  0x4062, 0x38C2, 0x3020, 0x5121, 0x40C2, 0x4904, 0x50A3, 0x6021, 0x8822, 0xA801, 0xC042, 0xD965,
  0xEB29, 0xF48C, 0xFCAD, 0xB245, 0x91C4, 0x7983, 0x7123, 0x60E1, 0x60E1, 0x6922, 0x6903, 0x68E5,
  0x68C5, 0x7126, 0x7167, 0x7188, 0x6906, 0x78E7, 0x78C6, 0x7907, 0x8148, 0x78E6, 0x8126, 0x8947,
  0x8106, 0x8927, 0x9126, 0x99A7, 0x80A0, 0xCA64, 0xFB66, 0xFA85, 0xFA08, 0xD085, 0xC824, 0x9042,
  0x7821, 0x7822, 0x8024, 0xA0E8, 0x9888, 0x9087, 0x8045, 0x80C6, 0x78A4, 0x9122, 0xA980, 0xD281,
  0xF543, 0xFDE8, 0xCB43, 0x9100, 0x9040, 0x9040, 0x9861, 0xA0C3, 0x9882, 0x98A2, 0x90A0, 0xDB25,
  0xFC88, 0xE3E5, 0xDBA5, 0xD346, 0x8961, 0x8163, 0x79A6, 0x48C3, 0x38C3, 0x3904, 0x20C2, 0x1881,
  0x2060, 0x5983, 0x7288, 0x3124, 0x5B4E, 0x534F, 0x532E, 0x4AEE, 0x4ACD, 0x42AD, 0x4B0E, 0x3ACD,
  0x4AEC, 0x428B, 0x428C, 0x324B, 0x324C, 0x3A2B, 0x424A, 0x426B, 0x528C, 0x528B, 0x5AAB, 0x4A4A,
  0x4A4C, 0x426C, 0x3A6C, 0x42AD, 0x4ACD, 0x530E, 0x4AED, 0x4AED, 0x4AED, 0x4ACD, 0x42AC, 0x3A6B,
  0x324A, 0x324B, 0x324B, 0x3A6B, 0x3A6B, 0x3A6B, 0x3A8B, 0x42AC, 0x4AED, 0x4B0E, 0x532E, 0x532E,
  0x3104, 0x2904, 0x2904, 0x3124, 0x3124, 0x3124, 0x3124, 0x3124, 0x3924, 0x3904, 0x3925, 0x4125,
  0x6A8A, 0x7B0C, 0x7B0C, 0x832D, 0x7AEC, 0x6A8A, 0x7AEC, 0x72EC, 0x49C7, 0x2082, 0x1862, 0x3104,
  0x4166, 0x3945, 0x20A3, 0x0000, 0x0021, 0x10E4, 0x29A6, 0x2A08, 0x3229, 0x21C8, 0x2167, 0x10A3,
  0x0800, 0x3124, 0x6208, 0x724A, 0x4104, 0x2062, 0x1882, 0x1882, 0x2082, 0x28A2, 0x2082, 0x2082,
  0x20A2, 0x20A2, 0x20A2, 0x20C2, 0x2082, 0x2082, 0x20A2, 0x28A2, 0x5105, 0x6947, 0x8168, 0x7947,
  0x60E5, 0x68C5, 0x8107, 0x8107, 0x6824, 0x9929, 0x90C7, 0x8886, 0x88A6, 0x88C6, 0x80A6, 0x80A6,
  0x80C7, 0x80C7, 0x80A6, 0x80A6, 0x78A6, 0x7085, 0x78C6, 0x80E6, 0x78C6, 0x80C7, 0x78C6, 0x78C6,
  0x78E6, 0x70E6, 0x70E6, 0x70E6, 0x70C6, 0x70E6, 0x70E6, 0x70E6, 0x7106, 0x70E6, 0x7106, 0x68E5,
  0x7106, 0x7106, 0x7106, 0x7106, 0x7107, 0x7107, 0x7907, 0x6927, 0x7106, 0x7106, 0x70E7, 0x7908,
  0x58A4, 0x50A0, 0xE52D, 0xED8F, 0x58A0, 0x6082, 0x6822, 0x8002, 0xA021, 0xB800, 0xC001, 0xD0C4,
  0xDA26, 0xF3A9, 0xFC4C, 0x9962, 0x8985, 0x6884, 0x68C6, 0x68E6, 0x7127, 0x68E5, 0x70E7, 0x78E8,
  0x7968, 0x5063, 0xA32E, 0xBBF1, 0x60E5, 0x8168, 0x9949, 0x8107, 0x8107, 0x80E7, 0x9169, 0x8907,
  0x9127, 0x9148, 0x9147, 0x9188, 0x78C3, 0xA963, 0xFBA7, 0xFAE5, 0xE9A5, 0xD885, 0xC842, 0xA041,
  0x9021, 0x9001, 0xA004, 0xB886, 0xA805, 0x9806, 0x9025, 0x88A5, 0x7822, 0x90E0, 0xBA00, 0xFC63,
  0xFE63, 0xFE66, 0xE4C5, 0xAA20, 0x9920, 0x98A0, 0xA0C0, 0xA920, 0xA100, 0xA940, 0xBA01, 0xB200,
  0xBA80, 0xD342, 0xE384, 0xE363, 0xDB65, 0xA1E2, 0x91E4, 0x6902, 0x69C6, 0x7268, 0x4101, 0x4100,
  0x61A2, 0x8A64, 0x9B08, 0x30C2, 0x5AED, 0x532E, 0x42ED, 0x42CD, 0x42CE, 0x4AEE, 0x428C, 0x530D,
  0x5ACB, 0x630C, 0x4A8B, 0x3A4B, 0x3A4B, 0x4A8C, 0x52CC, 0x62CC, 0x732C, 0x7B4B, 0x8BAD, 0x834D,
  0x7B0E, 0x4A4A, 0x4A8B, 0x52AC, 0x52CD, 0x52ED, 0x4AAC, 0x4ACC, 0x4ACC, 0x428B, 0x3A8B, 0x324B,
  0x3A6B, 0x3A4B, 0x3A6B, 0x3A6B, 0x3A8C, 0x42AC, 0x42AC, 0x42CD, 0x4AED, 0x532E, 0x532E, 0x532E,
  0x3104, 0x3124, 0x2904, 0x3104, 0x3104, 0x3104, 0x3124, 0x3104, 0x3124, 0x3924, 0x3945, 0x3104,
  0x4125, 0x4145, 0x4986, 0x51E7, 0x6A6A, 0x832D, 0x7AEC, 0x7AEC, 0x7B0C, 0x834D, 0x5A49, 0x4166,
  0x4186, 0x3124, 0x1062, 0x0021, 0x10C3, 0x1945, 0x1945, 0x1945, 0x1986, 0x3229, 0x21A8, 0x1946,
  0x0882, 0x1041, 0x4166, 0x6A6A, 0x59A8, 0x2062, 0x1882, 0x20A2, 0x20A2, 0x2082, 0x20A2, 0x2082,
  0x20A2, 0x1882, 0x18A2, 0x20A2, 0x20A3, 0x20A3, 0x20A2, 0x28C3, 0x4905, 0x5926, 0x5946, 0x48E4,
  0x38A3, 0x58A4, 0x8107, 0x8907, 0x7825, 0xA149, 0x90E8, 0x8886, 0x9907, 0x9908, 0x90E7, 0x90E7,
  0x88E7, 0x88C7, 0x88A6, 0x88C7, 0x88E7, 0x80E7, 0x80C7, 0x80C7, 0x80E7, 0x88C7, 0x80E7, 0x8107,
  0x78C6, 0x78E6, 0x78E6, 0x78E6, 0x78E6, 0x70C6, 0x70C6, 0x70C6, 0x70E6, 0x70E6, 0x7106, 0x7106,
  0x6906, 0x6906, 0x68E6, 0x68E6, 0x68E6, 0x68E6, 0x70E6, 0x68E6, 0x6905, 0x7105, 0x70E7, 0x70E7,
  0x7105, 0x68A0, 0xC446, 0xFED1, 0x70C0, 0x7001, 0x7802, 0x8801, 0xA001, 0xB801, 0xC802, 0xD084,
  0xD185, 0xF328, 0xFC2C, 0x80E1, 0x81A6, 0x60E4, 0x6906, 0x68C6, 0x70E5, 0x7106, 0x7106, 0x68E6,
  0xBBB0, 0x9AED, 0x58C5, 0x4063, 0xD515, 0x7147, 0x7085, 0x78E7, 0x8108, 0x918A, 0x78A7, 0x8929,
  0x9149, 0x8908, 0x9948, 0x8968, 0x80E4, 0x98A2, 0xFAA7, 0xFA67, 0xE9A6, 0xD864, 0xC842, 0xA842,
  0xA021, 0xA801, 0xB823, 0xE148, 0xC8C6, 0xB045, 0xA024, 0x8823, 0x9063, 0xA961, 0xD2E1, 0xFCE3,
  0xFE84, 0xFE87, 0xFDC8, 0xEC46, 0xCAC3, 0xBA01, 0xD283, 0xD302, 0xBA20, 0xC281, 0xE385, 0xEBC5,
  0xD343, 0xB240, 0xC281, 0xDB63, 0xEBE6, 0xBA81, 0xDBA7, 0xAAA5, 0x79A4, 0x6121, 0xF590, 0xDCCC,
  0xDC8A, 0xCBA6, 0xA2A6, 0x3040, 0x526B, 0x530D, 0x322A, 0x324A, 0x3A6B, 0x4B0D, 0x5AEC, 0x730C,
  0x9C0E, 0xAC70, 0x6AEB, 0x526B, 0x4A6B, 0x5AAB, 0x6B0C, 0x836D, 0xB42C, 0xBC6B, 0xCCCC, 0xC46E,
  0xB40E, 0x6A88, 0x6AC9, 0x72CA, 0x72EB, 0x732C, 0x5AEC, 0x52EC, 0x4ACC, 0x4ACD, 0x42CC, 0x3A8B,
  0x42AC, 0x3AAC, 0x3A8B, 0x3A6B, 0x3A8B, 0x3A8C, 0x42AC, 0x4AED, 0x532E, 0x534F, 0x534F, 0x534F,
  0x2904, 0x2904, 0x3104, 0x3104, 0x3104, 0x30E4, 0x3104, 0x30E4, 0x3104, 0x3124, 0x3124, 0x30E3,
  0x3945, 0x3945, 0x4145, 0x4166, 0x4125, 0x6A29, 0x830D, 0x8B6E, 0x8B4D, 0x832D, 0x7ACC, 0x49C7,
  0x3145, 0x1882, 0x0820, 0x0862, 0x10E4, 0x10E4, 0x10C3, 0x08A3, 0x08C4, 0x0926, 0x21E9, 0x21C8,
  0x1925, 0x0041, 0x2903, 0x4986, 0x724A, 0x2882, 0x18A2, 0x18A2, 0x18A2, 0x1882, 0x20A2, 0x20A2,
  0x20A2, 0x20A2, 0x20A2, 0x20A2, 0x2883, 0x20A3, 0x20A3, 0x28A3, 0x2862, 0x3083, 0x30A3, 0x28C3,
  0x28A2, 0x4863, 0x8127, 0x9949, 0x7845, 0xA9AB, 0x9929, 0xA148, 0x98E7, 0x98E8, 0x9908, 0x90C7,
  0x88C7, 0x9108, 0x90C7, 0x9108, 0x88C7, 0x8908, 0x8908, 0x88E7, 0x8908, 0x9108, 0x90E7, 0x9128,
  0x80E7, 0x8107, 0x78C6, 0x78E7, 0x78E7, 0x78E7, 0x78E6, 0x78E6, 0x70E6, 0x70E6, 0x70E6, 0x70E6,
  0x6906, 0x6906, 0x68E6, 0x6906, 0x6906, 0x6906, 0x68E6, 0x68C6, 0x68E5, 0x6905, 0x68E6, 0x7108,
  0x8145, 0x9204, 0xC4C6, 0xE5AA, 0x6880, 0x8042, 0x8003, 0x8802, 0xA022, 0xB801, 0xC803, 0xD885,
  0xE146, 0xF267, 0xFB6B, 0x8082, 0x7946, 0x6106, 0x68C6, 0x78A7, 0x80E7, 0x70C5, 0x6966, 0x9B4E,
  0x8168, 0x7947, 0x7167, 0xE577, 0xFE9B, 0x58E5, 0x8168, 0x7905, 0x68C4, 0x68C5, 0x7906, 0x8127,
  0x9147, 0x8946, 0x9107, 0x9148, 0x80E4, 0x9882, 0xD967, 0xD967, 0xD8E7, 0xD004, 0xC803, 0xB002,
  0xA802, 0xB001, 0xB042, 0xFB0B, 0xDA27, 0xD0C6, 0xB084, 0x9823, 0x9002, 0xA921, 0xCAA1, 0xF4C3,
  0xFDE5, 0xF565, 0xF506, 0xEC67, 0xD323, 0xBA80, 0xC2C0, 0xCAC2, 0xA9E0, 0xC282, 0xD323, 0xE3C4,
  0xDB83, 0xCAE1, 0xD343, 0xE3A5, 0xDB84, 0xB220, 0xCB03, 0xC304, 0x68C0, 0x7120, 0xAAA2, 0xC364,
  0xD383, 0xEC06, 0xC347, 0x6184, 0x3967, 0x422A, 0x31E8, 0x3A6A, 0x3A8A, 0x3A28, 0x4A07, 0xA3CE,
  0xD4F0, 0xE572, 0xAC2E, 0x6ACB, 0x628B, 0x628A, 0x830C, 0xAC2E, 0xED2C, 0xFD8A, 0xFD4A, 0xE48A,
  0xC3CA, 0x9B69, 0xBC8C, 0xC42C, 0xB3EC, 0xAC2E, 0x734C, 0x630D, 0x52ED, 0x4B2E, 0x532E, 0x4AED,
  0x42CC, 0x42CC, 0x42CD, 0x42AC, 0x42CC, 0x42CD, 0x4AED, 0x532E, 0x534E, 0x5B6F, 0x534E, 0x532E,
  0x2904, 0x3124, 0x3124, 0x3124, 0x3924, 0x3924, 0x3925, 0x3904, 0x30E4, 0x38E4, 0x3904, 0x30E4,
  0x3924, 0x3104, 0x3925, 0x4145, 0x4966, 0x4145, 0x4166, 0x49A7, 0x72CC, 0x93CF, 0x6A6A, 0x3125,
  0x2904, 0x0021, 0x0021, 0x08A2, 0x10A3, 0x0862, 0x1082, 0x0042, 0x0883, 0x10E4, 0x1105, 0x1986,
  0x21A7, 0x1104, 0x1083, 0x28E4, 0x3946, 0x4986, 0x2062, 0x20A2, 0x18A2, 0x1882, 0x20A2, 0x2082,
  0x2082, 0x28A3, 0x30E4, 0x28C3, 0x28E3, 0x28E3, 0x28C3, 0x28C3, 0x20A3, 0x28C3, 0x20A3, 0x2083,
  0x2083, 0x4084, 0x8948, 0xA129, 0x8066, 0xA18A, 0x9929, 0x9969, 0x9928, 0x98E7, 0x90E7, 0x9949,
  0x9169, 0x9148, 0xA1A9, 0x9968, 0x9968, 0x9148, 0x8948, 0x99AA, 0x998A, 0x9128, 0x9149, 0x9128,
  0x9128, 0x80E7, 0x78C7, 0x70C6, 0x7107, 0x7106, 0x7106, 0x68C5, 0x7105, 0x60C4, 0x68E5, 0x6906,
  0x6925, 0x7146, 0x7967, 0x7926, 0x89A8, 0x7947, 0x89C9, 0x8A0A, 0x81E9, 0x8A4B, 0x8A6B, 0x826A,
  0x9B4C, 0x82A9, 0xFF99, 0xA284, 0xA8A2, 0x8802, 0x8022, 0x9003, 0xA803, 0xB801, 0xC043, 0xD024,
  0xD885, 0xE147, 0xE9EA, 0x9064, 0x60C4, 0x7127, 0x70E6, 0x70E6, 0x7927, 0x80E7, 0x70E6, 0xAC11,
  0x7127, 0x9B0E, 0xFEDC, 0x938F, 0xAC32, 0x93F0, 0x9C72, 0x39A6, 0xEEFB, 0x5146, 0xAB4E, 0x7947,
  0x8947, 0x9148, 0x8928, 0x8947, 0x8926, 0x9042, 0xC843, 0xD823, 0xC802, 0xC022, 0xC022, 0xB002,
  0xB001, 0xB001, 0xA862, 0xF46F, 0xFF58, 0xFCF1, 0x90A3, 0x9803, 0x9803, 0x90A1, 0xA9A0, 0xDB23,
  0xEC04, 0xEC45, 0xD383, 0xE405, 0xEC06, 0xF406, 0xD2E1, 0xB200, 0xB241, 0xDB83, 0xEC25, 0xFCA6,
  0xE405, 0xEC86, 0xEC86, 0xDBE5, 0xDB03, 0xDAE3, 0xEBA6, 0xE3C6, 0xDBA4, 0xC2C2, 0xCB24, 0xC303,
  0xB2C1, 0xCAE2, 0xBAA4, 0x79C3, 0x4943, 0x2125, 0x1124, 0x1924, 0x2124, 0x4985, 0x9B08, 0xEC88,
  0xE447, 0xC3A5, 0xDCC9, 0xDD0B, 0xC42A, 0xAB49, 0x9A67, 0xCBCA, 0xED08, 0xFDCA, 0xFD87, 0xED25,
  0xFDE8, 0xFE6A, 0xFEAB, 0xF609, 0xF5C8, 0xFE4C, 0xCCAC, 0xA3EE, 0x6AED, 0x52CC, 0x4ACD, 0x4B0E,
  0x4B2E, 0x534E, 0x530E, 0x4AEE, 0x4B0E, 0x4B2E, 0x4B0E, 0x4B2F, 0x4B0E, 0x4B0E, 0x4B2E, 0x4B2F,
  0x20C3, 0x28E3, 0x28E3, 0x28E3, 0x2904, 0x28E4, 0x3924, 0x3945, 0x4145, 0x4125, 0x3904, 0x30E3,
  0x3945, 0x30E4, 0x3925, 0x4145, 0x4125, 0x4966, 0x4145, 0x51C7, 0x4986, 0x4986, 0x59E8, 0x3945,
  0x18A3, 0x0000, 0x0041, 0x08C3, 0x0882, 0x0842, 0x0862, 0x1904, 0x2146, 0x1905, 0x10E4, 0x1945,
  0x2A09, 0x1946, 0x0882, 0x1082, 0x3946, 0x51A7, 0x30A3, 0x1862, 0x1882, 0x2082, 0x28C3, 0x28C3,
  0x28C3, 0x28C3, 0x28C3, 0x28A3, 0x20A3, 0x20A3, 0x20A3, 0x20A3, 0x20A2, 0x28C3, 0x20A3, 0x20A3,
  0x1862, 0x3884, 0x8948, 0xA989, 0x9107, 0x8948, 0x998A, 0x9128, 0x9969, 0xA169, 0x9949, 0x9969,
  0x9969, 0x9148, 0xA9EB, 0xA989, 0xA169, 0xA1A9, 0xA1CA, 0x9969, 0x9948, 0x8926, 0x9147, 0x9167,
  0x8947, 0x8126, 0x7906, 0x70E5, 0x70C5, 0x70E8, 0x68A7, 0x68E7, 0x6907, 0x7148, 0x7168, 0x7148,
  0x7988, 0x81A9, 0x81A9, 0x89CA, 0x81CA, 0x8A0B, 0x924B, 0x928C, 0x92AC, 0x92CC, 0x8A8C, 0x8AAC,
  0x8AEB, 0x932C, 0x7A87, 0xFD51, 0xDA28, 0x8800, 0x8022, 0x8802, 0xA002, 0xB801, 0xC023, 0xC803,
  0xC803, 0xC8A4, 0xC8C5, 0x9843, 0x5883, 0x6947, 0x7106, 0x7106, 0x7927, 0x78C6, 0x8148, 0xC4D4,
  0x3802, 0xB452, 0xFFBF, 0x5A08, 0xE639, 0xC556, 0xD5F8, 0xFF7E, 0x72AB, 0xE515, 0x89A9, 0x8927,
  0x9128, 0x9107, 0x9148, 0x8948, 0x8946, 0x8883, 0xC042, 0xC802, 0xC002, 0xB822, 0xB801, 0xB001,
  0xA801, 0xB001, 0xA840, 0xFC6E, 0xFE73, 0xFF3A, 0x9207, 0x98A3, 0x9800, 0xA0A0, 0xA900, 0xCA40,
  0xD342, 0xE404, 0xDBA3, 0xEC46, 0xF446, 0xEC05, 0xDB42, 0xD323, 0xE3E4, 0xEC65, 0xF484, 0xF4C5,
  0xF506, 0xFDC8, 0xFDC8, 0xF547, 0xE404, 0xE3A4, 0xE384, 0xDBA5, 0xCAC3, 0xE324, 0xEBC6, 0xEC26,
  0xEC66, 0xEC05, 0xC2E3, 0x9A43, 0x6982, 0x40E3, 0x30C3, 0x3903, 0x4124, 0x5144, 0x92A6, 0xBB43,
  0xD387, 0xDBC8, 0xAA60, 0xFDEC, 0xE4C9, 0xB324, 0xAAC4, 0xCBA6, 0xF548, 0xFD68, 0xFD07, 0xF506,
  0xED05, 0xF5C8, 0xFE6A, 0xF5E8, 0xF5A7, 0xF588, 0xCC4A, 0xABCD, 0x6ACB, 0x52AB, 0x426B, 0x428B,
  0x3A8B, 0x3A6B, 0x3A4B, 0x3A6C, 0x3AAC, 0x42CD, 0x42CD, 0x42CD, 0x42ED, 0x4B0D, 0x4B0D, 0x4B0D,
  0x20E3, 0x20E4, 0x20E3, 0x20C3, 0x28E3, 0x28E3, 0x28E3, 0x28E3, 0x3925, 0x3925, 0x4145, 0x3104,
  0x3945, 0x3945, 0x3924, 0x3925, 0x4146, 0x4145, 0x4145, 0x4966, 0x4986, 0x4966, 0x3904, 0x3125,
  0x1041, 0x0000, 0x0882, 0x0882, 0x0062, 0x0862, 0x0041, 0x0882, 0x0882, 0x10E4, 0x2166, 0x10E4,
  0x322A, 0x21A7, 0x1904, 0x1062, 0x3105, 0x51C7, 0x4145, 0x2082, 0x28C3, 0x20A3, 0x20A3, 0x2082,
  0x2082, 0x20A2, 0x2082, 0x2082, 0x20A2, 0x20A2, 0x20A2, 0x2082, 0x20A2, 0x20A3, 0x20A3, 0x20A3,
  0x2083, 0x3883, 0x8989, 0xB24C, 0x9188, 0x922A, 0x89A8, 0x7968, 0x7968, 0x81CA, 0x8189, 0x89A9,
  0x920A, 0x920A, 0xA26C, 0x9A2B, 0xA20B, 0x9A2B, 0x89C9, 0x89A8, 0x91A8, 0x91A8, 0x8967, 0x8127,
  0x8107, 0x78C6, 0x8107, 0x8107, 0x7907, 0x7907, 0x7947, 0x7988, 0x8A0A, 0x79C8, 0x79E8, 0x7A09,
  0x820A, 0x8A4B, 0x8A6C, 0x8A6B, 0x928C, 0x9AED, 0x92CC, 0x92ED, 0x8ACC, 0x8ACD, 0x8ACC, 0x92CC,
  0x930D, 0x8AEC, 0x9B4B, 0x8144, 0xD247, 0x8000, 0x8001, 0x8001, 0x9821, 0xB802, 0xB802, 0xC003,
  0xC823, 0xB822, 0xC064, 0x9843, 0x5863, 0x6147, 0x7106, 0x7106, 0x8147, 0x80E6, 0x8968, 0x826B,
  0xAB90, 0xD556, 0x30A3, 0xF69B, 0x61E9, 0xBCD4, 0xA411, 0xFF1C, 0xABF0, 0x5884, 0x8127, 0x9107,
  0x9127, 0x8907, 0x9107, 0x8907, 0x8946, 0x8082, 0xB042, 0xC002, 0xC002, 0xB801, 0xB801, 0xB002,
  0xA802, 0xA801, 0xA881, 0xFC6D, 0xCC29, 0xFF99, 0xFDF3, 0x8060, 0xA8C1, 0x98E0, 0xA120, 0xA180,
  0xB240, 0xD342, 0xEC05, 0xF486, 0xFCA7, 0xFCA7, 0xF426, 0xE404, 0xF4A5, 0xFD67, 0xFD46, 0xECE4,
  0xFDC6, 0xFE66, 0xFE66, 0xFE27, 0xF526, 0xEC45, 0xE3E5, 0xE3C5, 0xFC29, 0xFC08, 0xEB85, 0xE3E4,
  0xFCE7, 0xF485, 0xE3E4, 0xB2A2, 0x9A63, 0x9A65, 0xA2E8, 0xA32A, 0x9AEA, 0x8247, 0x8A67, 0xB348,
  0xBB49, 0xCB68, 0xC344, 0xFDC9, 0xFE6B, 0xED88, 0xE4E7, 0xED48, 0xF568, 0xECC6, 0xEC65, 0xF486,
  0xF4C7, 0xED06, 0xFDE9, 0xFE29, 0xFDA8, 0xECC6, 0xBB46, 0x9B08, 0x7ACA, 0x49E7, 0x39C8, 0x2987,
  0x2187, 0x2187, 0x2988, 0x29C9, 0x29E9, 0x29E9, 0x322A, 0x322A, 0x322A, 0x322A, 0x3A4A, 0x3A4A,
  0x20E3, 0x2104, 0x20E3, 0x20A3, 0x20C3, 0x20C3, 0x28E3, 0x28E3, 0x28E4, 0x28C3, 0x30E4, 0x28E4,
  0x4166, 0x4166, 0x3925, 0x3925, 0x3904, 0x4146, 0x4145, 0x4966, 0x4986, 0x4986, 0x3924, 0x20E4,
  0x0020, 0x0021, 0x0862, 0x0882, 0x0062, 0x0882, 0x0882, 0x08A2, 0x0041, 0x0041, 0x0883, 0x2166,
  0x1125, 0x324A, 0x1966, 0x0883, 0x1883, 0x4987, 0x4966, 0x3083, 0x30C3, 0x20A3, 0x20A3, 0x2082,
  0x2082, 0x1882, 0x2082, 0x2082, 0x1862, 0x2082, 0x20A2, 0x20A3, 0x20A3, 0x2082, 0x20A2, 0x20A3,
  0x28A3, 0x3063, 0x81A9, 0xA1CA, 0x91C8, 0x7186, 0x4861, 0x2041, 0x1001, 0x30E5, 0x2842, 0x40A2,
  0x40A3, 0x40A3, 0x4905, 0x50E5, 0x5946, 0x5146, 0x5146, 0x61A7, 0x6187, 0x71A8, 0x7188, 0x7188,
  0x7168, 0x7148, 0x7989, 0x7969, 0x7948, 0x7947, 0x8188, 0x8A0A, 0x8A2A, 0x822A, 0x8A4A, 0x8A8A,
  0x828A, 0x8AAB, 0x82AB, 0x8ACC, 0x82AB, 0x82AA, 0x7A69, 0x82CC, 0x82AB, 0x82AB, 0x82AC, 0x7A6B,
  0x826A, 0x9B2E, 0x92EB, 0x89A7, 0xFBCB, 0xA942, 0x8022, 0x8001, 0x9021, 0xA801, 0xB001, 0xC002,
  0xC002, 0xC063, 0xB822, 0xA063, 0x5842, 0x6126, 0x7907, 0x7907, 0x78E6, 0x80C6, 0x88E7, 0x7948,
  0x60A5, 0xFDB8, 0x71A9, 0xE557, 0x5946, 0x69C9, 0x934F, 0xFE7A, 0x6166, 0x70E5, 0x80C6, 0x90E7,
  0x8907, 0x8127, 0x9107, 0x9107, 0x8966, 0x88C3, 0xB042, 0xC001, 0xC001, 0xB000, 0xB801, 0xB002,
  0xA802, 0xA802, 0xA840, 0xFC0B, 0xD345, 0xEC8B, 0xF46B, 0x90C0, 0x88C1, 0x8164, 0x7942, 0x7961,
  0xA200, 0xC2C1, 0xE405, 0xFCE7, 0xFCE7, 0xFC86, 0xFCC8, 0xFD06, 0xFD67, 0xFDA7, 0xFD87, 0xED65,
  0xFE88, 0xFEA6, 0xFEC5, 0xFE67, 0xFDE7, 0xF506, 0xEC86, 0xFCA7, 0xDB84, 0xF3E6, 0xFC26, 0xF486,
  0xFD47, 0xFD26, 0xE443, 0xDBE4, 0xDBA6, 0xD3A5, 0xD3C7, 0xC368, 0x9A87, 0x8A68, 0x8249, 0x69A7,
  0x6164, 0x9AC6, 0xCC26, 0xFE69, 0xFEEA, 0xFF4B, 0xF68A, 0xFECB, 0xFE29, 0xFD68, 0xFCA7, 0xFC87,
  0xF487, 0xF4E6, 0xFDC9, 0xFDCA, 0xFD28, 0xE405, 0xBAE4, 0xAAE7, 0x8AC9, 0x72AA, 0x49E8, 0x39C8,
  0x31C8, 0x29A8, 0x29A8, 0x31C9, 0x29C8, 0x29C8, 0x29A8, 0x2187, 0x21A8, 0x2167, 0x21A7, 0x29C8,
  0x20E3, 0x18C3, 0x20E3, 0x20C3, 0x20C3, 0x20E3, 0x20E3, 0x20E3, 0x28E3, 0x3104, 0x28E3, 0x28E3,
  0x3124, 0x3925, 0x4166, 0x4145, 0x3905, 0x4946, 0x4945, 0x4946, 0x4986, 0x4986, 0x3104, 0x18C3,
  0x0020, 0x0021, 0x0882, 0x0061, 0x0061, 0x0882, 0x0882, 0x10C3, 0x10A3, 0x0882, 0x0001, 0x0883,
  0x1945, 0x21C8, 0x21C7, 0x1104, 0x1062, 0x4986, 0x4966, 0x4105, 0x38A4, 0x30C3, 0x28C3, 0x2082,
  0x2061, 0x2082, 0x20A2, 0x2082, 0x20A3, 0x20A3, 0x20A2, 0x20A3, 0x20A3, 0x20A3, 0x20A3, 0x28A3,
  0x28A3, 0x3063, 0x81A9, 0xAA6C, 0x8A08, 0x8247, 0x40A0, 0x0020, 0x0041, 0x1083, 0x2041, 0x48E2,
  0x5924, 0x48A2, 0x2000, 0x4083, 0x3862, 0x3020, 0x2000, 0x2000, 0x2800, 0x3000, 0x4061, 0x48C2,
  0x4882, 0x5103, 0x50E3, 0x5904, 0x6965, 0x8187, 0x81C8, 0x8209, 0x8209, 0x822A, 0x820A, 0x820A,
  0x8289, 0x8AEB, 0x7A8B, 0x7A8B, 0x724A, 0x7A8B, 0x726A, 0x7A8A, 0x6A08, 0x7A8A, 0x7A8A, 0x7208,
  0x61A7, 0x722A, 0x8A6A, 0x9A6A, 0xB1E4, 0xFBEC, 0x8000, 0x8021, 0x8821, 0xA002, 0xA802, 0xB002,
  0xB802, 0xB021, 0xB802, 0xA843, 0x5821, 0x6126, 0x7907, 0x8106, 0x80E6, 0x88E7, 0x88C7, 0x8928,
  0x88E7, 0x80E7, 0x6865, 0x7106, 0x92ED, 0x7A0A, 0x8AAC, 0x9A8C, 0x8989, 0x9148, 0x9928, 0x98E7,
  0x90E7, 0x8906, 0x88E6, 0x8906, 0x8946, 0x88C3, 0xB042, 0xC021, 0xC842, 0xB821, 0xB021, 0xA802,
  0xA802, 0xA001, 0xA841, 0xFBCC, 0xEB06, 0xC1A1, 0xB9E2, 0x9142, 0x58C2, 0x38A3, 0x48E0, 0x79E0,
  0xA200, 0xC2A1, 0xDB83, 0xFC86, 0xFCE7, 0xFCC6, 0xFCC6, 0xFD27, 0xFD87, 0xFD87, 0xF586, 0xFDE7,
  0xFE67, 0xFEA6, 0xFEC5, 0xFE47, 0xFE28, 0xFDA8, 0xF527, 0xFD68, 0xFD07, 0xEC85, 0xEC24, 0xEC85,
  0xED26, 0xFDC7, 0xFD66, 0xFD48, 0xF4A8, 0xD383, 0xC325, 0xC3AA, 0xA32A, 0x7A47, 0x6A28, 0x59C8,
  0x5164, 0x7A44, 0xDCA9, 0xFEAA, 0xFEE9, 0xFF4B, 0xFF2C, 0xFEAB, 0xED86, 0xFD47, 0xFD28, 0xFCE9,
  0xF467, 0xDBE4, 0xDC04, 0xDC26, 0xEC67, 0xE3E6, 0xCB25, 0xBAE6, 0xA2E9, 0x8AEB, 0x5A69, 0x4A08,
  0x4229, 0x3A29, 0x39C9, 0x39E9, 0x31E9, 0x3209, 0x29C8, 0x2187, 0x1946, 0x2187, 0x29A8, 0x29A8,
  0x2104, 0x20E4, 0x20E4, 0x20E4, 0x20E4, 0x20E3, 0x20C3, 0x20E3, 0x2904, 0x28E3, 0x28E3, 0x20C3,
  0x28E3, 0x3104, 0x3104, 0x3904, 0x4125, 0x4145, 0x4925, 0x4946, 0x4966, 0x4986, 0x3124, 0x1082,
  0x0000, 0x0841, 0x0882, 0x0862, 0x0882, 0x0882, 0x08C3, 0x10E4, 0x10A3, 0x0862, 0x0001, 0x0021,
  0x1104, 0x1145, 0x29E8, 0x1925, 0x0862, 0x3945, 0x4966, 0x4925, 0x40E4, 0x38E4, 0x38E4, 0x30E4,
  0x28C3, 0x2082, 0x2082, 0x2082, 0x2082, 0x2082, 0x2082, 0x2082, 0x20A3, 0x20A3, 0x20A3, 0x28A2,
  0x28A3, 0x3063, 0x7988, 0x9A0A, 0x81C7, 0x69C3, 0x5121, 0x0820, 0x0021, 0x0801, 0x48E3, 0x81C5,
  0x9A06, 0x99E6, 0x68C3, 0x7945, 0x89A7, 0x6904, 0x7145, 0x81E7, 0x79A6, 0x89A3, 0x91A2, 0x9203,
  0xAAC5, 0x81A0, 0x91E2, 0x89A0, 0x81C0, 0x81E0, 0x79E0, 0x8261, 0x92C3, 0x79E2, 0x7142, 0x60E1,
  0x6963, 0x79E5, 0x69A6, 0x71E8, 0x7A4A, 0x7A2A, 0x71E9, 0x61A6, 0x5144, 0x61C6, 0x69E7, 0x5985,
  0x61C7, 0x69E8, 0x7A4A, 0x71C6, 0x7060, 0xF38B, 0x8020, 0x8021, 0x9042, 0xA001, 0xA022, 0xA802,
  0xB002, 0xA821, 0xB802, 0xA843, 0x6862, 0x6187, 0x8148, 0x8107, 0x7906, 0x88E7, 0x88E7, 0x8928,
  0x88E7, 0x9108, 0x8928, 0x7927, 0xFF1E, 0x2801, 0xFE3B, 0x68A6, 0x8907, 0x88E7, 0x9928, 0x88C6,
  0x9128, 0x8948, 0x8148, 0x8167, 0x7966, 0x80C4, 0xA842, 0xC042, 0xC881, 0xC0C2, 0xB8A1, 0xA820,
  0xA801, 0xA000, 0xA040, 0xFBCC, 0xEAE8, 0xA880, 0xB9E4, 0x68C0, 0x40E3, 0x2881, 0x61A1, 0xB2E2,
  0xC2C2, 0xB240, 0xD322, 0xD362, 0xF486, 0xFCE7, 0xFCE6, 0xFD67, 0xFD87, 0xFD86, 0xFDC7, 0xFE48,
  0xFE88, 0xFEA7, 0xFEA6, 0xFE27, 0xFE89, 0xFE49, 0xFDA7, 0xF526, 0xFDE9, 0xFDA8, 0xFD27, 0xFD68,
  0xFE2A, 0xFE08, 0xFE29, 0xFD68, 0xFCC8, 0xE3E6, 0x9A44, 0x8205, 0x61A5, 0x6227, 0x5A47, 0x5227,
  0x6A27, 0x8225, 0xD408, 0xFDE9, 0xFEAA, 0xFECA, 0xFECB, 0xFE8A, 0xED66, 0xF547, 0xF527, 0xECA7,
  0xDBE5, 0xCB43, 0xCB23, 0xD364, 0xE3C6, 0xEC08, 0xEC07, 0xCB46, 0xB328, 0xB36B, 0x6289, 0x49E7,
  0x4229, 0x3A09, 0x3A09, 0x3A09, 0x3208, 0x29E8, 0x29C8, 0x29C8, 0x29E9, 0x29C8, 0x29C8, 0x29C8,
  0x20E3, 0x20C3, 0x20E4, 0x28E4, 0x20E4, 0x2904, 0x28E4, 0x20E4, 0x20E3, 0x28E3, 0x28E3, 0x20E3,
  0x28E3, 0x28E3, 0x30E3, 0x3904, 0x4145, 0x4966, 0x4925, 0x4946, 0x4946, 0x3925, 0x28E3, 0x1062,
  0x0000, 0x0841, 0x0882, 0x0041, 0x0061, 0x0082, 0x08C3, 0x10E4, 0x10C4, 0x18C4, 0x0021, 0x0001,
  0x00A2, 0x1965, 0x21E8, 0x1966, 0x10A3, 0x28C3, 0x4966, 0x4925, 0x4946, 0x4125, 0x4125, 0x4125,
  0x38E4, 0x30C3, 0x28A2, 0x2082, 0x2082, 0x2082, 0x2082, 0x20A3, 0x20A2, 0x20A2, 0x20A2, 0x2082,
  0x20A2, 0x2862, 0x7988, 0xA26B, 0x79A6, 0x7224, 0x69E3, 0x1040, 0x0041, 0x1001, 0x4881, 0x9183,
  0xA142, 0xA164, 0x9143, 0xA9E6, 0xA9C6, 0x8903, 0x9184, 0x8143, 0x9185, 0xBA44, 0xD2E5, 0xE3E8,
  0xFD6C, 0xC323, 0xDC06, 0xEC88, 0xCBE3, 0xF628, 0xF627, 0xFE88, 0xFEA9, 0xE507, 0xB323, 0x9A41,
  0xB304, 0xB325, 0x7161, 0x58C0, 0x5080, 0x6943, 0x6922, 0x69C5, 0xA38C, 0x7A47, 0x932B, 0xBC90,
  0x59C6, 0x59C6, 0x4904, 0x5142, 0xB308, 0xFC90, 0x90C2, 0x7801, 0x8823, 0x9801, 0x9822, 0xA002,
  0xA802, 0xA821, 0xB802, 0xA023, 0x6062, 0x5126, 0x7147, 0x7927, 0x7947, 0x8127, 0x8928, 0x8968,
  0x7927, 0x8148, 0x8968, 0x7988, 0x9B6F, 0xC4D4, 0x50E5, 0x81A9, 0x81A9, 0x7968, 0x7168, 0x7188,
  0x6967, 0x6946, 0x5906, 0x6146, 0x6945, 0x8125, 0xA862, 0xC061, 0xC8E2, 0xC162, 0xC181, 0xC101,
  0xB8C1, 0xB8E1, 0xB0E1, 0xFBCC, 0xC9E5, 0xA8C1, 0xB204, 0x8203, 0x4141, 0x28C1, 0x5120, 0xBB24,
  0xDB84, 0xCAE2, 0xD344, 0xCB02, 0xEC25, 0xFCE7, 0xFD67, 0xFD87, 0xFDA8, 0xFDC6, 0xFDE6, 0xFE48,
  0xFE88, 0xFEC7, 0xFEA6, 0xF666, 0xFF09, 0xFEA9, 0xF586, 0xECC5, 0xFD88, 0xF547, 0xF4E6, 0xF4E7,
  0xFDA9, 0xFE8B, 0xF587, 0xD404, 0xDBC5, 0xD3A5, 0x9224, 0x48E2, 0x4145, 0x3985, 0x41E6, 0x49E6,
  0x5A07, 0x8AA8, 0xD3C9, 0xF4E7, 0xFE49, 0xFEEA, 0xFEEA, 0xFE48, 0xED46, 0xF5A7, 0xFDC9, 0xF528,
  0xD3E5, 0xC2C3, 0xC283, 0xD324, 0xEBC7, 0xEBE7, 0xDBC5, 0xCB64, 0xC367, 0xBB08, 0x6268, 0x4A28,
  0x4208, 0x31E8, 0x3A09, 0x31E8, 0x31E8, 0x3209, 0x29C8, 0x29C8, 0x21A8, 0x29C8, 0x29C8, 0x29A8,
  0x18C3, 0x20C3, 0x20C3, 0x20C3, 0x20E3, 0x20E3, 0x20E3, 0x20E4, 0x20E4, 0x2924, 0x2904, 0x28E4,
  0x3104, 0x28E4, 0x30E4, 0x30E4, 0x3104, 0x3925, 0x4946, 0x5187, 0x4966, 0x4145, 0x28E3, 0x0821,
  0x0021, 0x0862, 0x0041, 0x0041, 0x08A3, 0x08C3, 0x08A3, 0x1925, 0x1925, 0x1925, 0x10E4, 0x0021,
  0x0020, 0x1104, 0x2186, 0x1946, 0x1905, 0x0021, 0x3966, 0x4966, 0x5987, 0x5966, 0x5145, 0x5125,
  0x5145, 0x4945, 0x4945, 0x38E4, 0x3904, 0x30C3, 0x30E4, 0x30C3, 0x30C3, 0x30E4, 0x30C3, 0x30A3,
  0x28A3, 0x4904, 0x60C4, 0xB30E, 0x9AEB, 0x7203, 0x69E3, 0x0861, 0x0021, 0x1021, 0x4104, 0x71E6,
  0x7964, 0x89A5, 0xA1C5, 0x9984, 0xA9C6, 0xA1C6, 0xA1C6, 0x70C1, 0x91E5, 0xA1E4, 0xC327, 0x99C2,
  0xEC6A, 0xFD6C, 0xFDAC, 0xF549, 0xFE2A, 0xFE88, 0xFEA8, 0xFE46, 0xFF09, 0xFDE8, 0xB2E0, 0xEC66,
  0xFDC9, 0xD403, 0xD383, 0xDBA4, 0xC2E2, 0xC2E2, 0xBAA1, 0x8161, 0x6920, 0x69A3, 0x4122, 0x49C5,
  0xEF1B, 0xF77C, 0x49A4, 0xAC6E, 0x8267, 0x6860, 0xC207, 0x8801, 0x8802, 0x9021, 0x9042, 0x9823,
  0xA003, 0xA803, 0xB003, 0xA003, 0x8884, 0x50E6, 0x5927, 0x5947, 0x48E5, 0x40C4, 0x40C4, 0x38A4,
  0x30C4, 0x30C4, 0x30A3, 0x30A3, 0x28A3, 0x3083, 0x30A4, 0x30E4, 0x30E4, 0x38E5, 0x40E5, 0x4905,
  0x5145, 0x5966, 0x5944, 0x6144, 0x7103, 0x8924, 0xB143, 0xB121, 0xC1C2, 0xCA63, 0xDB23, 0xFBA6,
  0xFB87, 0xDB05, 0xFC4B, 0xFCAD, 0xE3CA, 0x9960, 0xC2E4, 0xAAE3, 0x7A42, 0x48E0, 0x79A0, 0xBAC1,
  0xE405, 0xDBA4, 0xDB63, 0xF406, 0xFC87, 0xEC46, 0xFD47, 0xFDA7, 0xFE08, 0xFE48, 0xF647, 0xFE47,
  0xFE47, 0xFEA8, 0xFEE8, 0xFEE7, 0xFF4A, 0xF648, 0xF588, 0xF4E7, 0xEC85, 0xEC44, 0xF425, 0xEC46,
  0xF488, 0xDC05, 0xE405, 0xF467, 0xE406, 0xCB43, 0xC2C5, 0x9246, 0x59E7, 0x3987, 0x3926, 0x3944,
  0x3985, 0x51A5, 0x7224, 0xD489, 0xF58A, 0xFE29, 0xFE88, 0xFEE9, 0xFEA9, 0xFEAA, 0xFEAA, 0xFE4B,
  0xFDAB, 0xDB86, 0xCAE4, 0xCAE3, 0xD344, 0xE3A6, 0xD365, 0xCB24, 0xD366, 0xC306, 0x8ACA, 0x6229,
  0x5A8A, 0x4A6A, 0x4249, 0x3A29, 0x3A2A, 0x31EA, 0x31E9, 0x29C9, 0x29C8, 0x29C9, 0x29E9, 0x29C9,
  0x20E4, 0x20E4, 0x20E3, 0x20C3, 0x20E3, 0x20E3, 0x20E4, 0x2104, 0x2904, 0x2904, 0x20E4, 0x20E4,
  0x3104, 0x3104, 0x3104, 0x3104, 0x3104, 0x3904, 0x3905, 0x5187, 0x4986, 0x4145, 0x20A2, 0x0821,
  0x0021, 0x0862, 0x0041, 0x0061, 0x10C3, 0x08C3, 0x08A2, 0x1904, 0x10E4, 0x1904, 0x10E3, 0x0041,
  0x0020, 0x0882, 0x2186, 0x2187, 0x1925, 0x0021, 0x2905, 0x4986, 0x5146, 0x6186, 0x61A7, 0x5986,
  0x5966, 0x5145, 0x5145, 0x4925, 0x4105, 0x4104, 0x4945, 0x4125, 0x4105, 0x4125, 0x4945, 0x4946,
  0x4125, 0x4904, 0x6925, 0xD411, 0x92EC, 0x59A2, 0x5982, 0x0820, 0x1040, 0x0800, 0x1020, 0x2861,
  0x2840, 0x4081, 0x5923, 0x5903, 0x7165, 0x7186, 0x79E7, 0x48C2, 0x7247, 0x4840, 0xB34A, 0x7121,
  0x9224, 0xA283, 0xC3A7, 0xCBC6, 0xB343, 0xAB60, 0xDCA3, 0xBBC0, 0xDCC3, 0xBBA1, 0xAB00, 0xC3A2,
  0xFE2B, 0xFDEA, 0xE404, 0xCAE0, 0xCAE1, 0xD322, 0xC2A1, 0xAA62, 0xB305, 0xFE54, 0x9BCB, 0xB4F1,
  0x6AC9, 0xD617, 0xCD93, 0x4162, 0x8B2A, 0xE512, 0x7881, 0x9882, 0x8822, 0x9000, 0xA021, 0x9801,
  0xA822, 0xA801, 0xA801, 0x9801, 0x8862, 0x50C4, 0x48A3, 0x48A3, 0x48A3, 0x48C4, 0x48E4, 0x40A3,
  0x50C4, 0x48C4, 0x50E4, 0x50E5, 0x50E5, 0x50E5, 0x50E4, 0x50E4, 0x6125, 0x60C5, 0x68A5, 0x70A5,
  0x78C5, 0x78C4, 0x8064, 0x9085, 0x9864, 0xA884, 0xC124, 0xD206, 0xDAA6, 0xFC4B, 0xFD8D, 0xFCEC,
  0xF3A9, 0xCAA6, 0xB205, 0xFC2F, 0x9942, 0xD363, 0xE3C3, 0xDB82, 0xB280, 0x9221, 0xBB03, 0xDB82,
  0xEC65, 0xE404, 0xD301, 0xF406, 0xFC67, 0xE405, 0xFD07, 0xFD67, 0xFDE8, 0xFE89, 0xFEA9, 0xFE67,
  0xFE47, 0xFEC8, 0xFF29, 0xFF28, 0xFEE9, 0xF5E8, 0xF548, 0xFD07, 0xF4C7, 0xF486, 0xFCC8, 0xDBC5,
  0xB2C2, 0xCB44, 0xCB23, 0xD365, 0xD345, 0xD3C6, 0xCB47, 0xAB09, 0x6A68, 0x49A7, 0x4146, 0x2124,
  0x2904, 0x3124, 0x4922, 0xAB66, 0xE4A8, 0xFE0A, 0xFECA, 0xFF09, 0xFEEA, 0xFEEA, 0xFEAA, 0xFE4A,
  0xFDEA, 0xEC47, 0xD364, 0xCB42, 0xE3E5, 0xF488, 0xDB84, 0xD345, 0xD366, 0xCB46, 0xA2E9, 0x7A48,
  0x72CB, 0x62CB, 0x526A, 0x4A4A, 0x424B, 0x3A2A, 0x320A, 0x3209, 0x322A, 0x322A, 0x322A, 0x322A,
  0x18C3, 0x18C3, 0x18C3, 0x18C3, 0x18C3, 0x20C3, 0x20C3, 0x20E4, 0x2104, 0x2904, 0x20E4, 0x28E4,
  0x3104, 0x3105, 0x3125, 0x3105, 0x3104, 0x3925, 0x3904, 0x4125, 0x4966, 0x3945, 0x20A2, 0x0800,
  0x0021, 0x0841, 0x0041, 0x0862, 0x08A2, 0x08C3, 0x08A2, 0x1945, 0x1924, 0x1945, 0x1904, 0x0862,
  0x0020, 0x0020, 0x1104, 0x2186, 0x1925, 0x0041, 0x1862, 0x4986, 0x4925, 0x61A7, 0x6187, 0x6187,
  0x61A7, 0x5987, 0x5966, 0x5146, 0x5125, 0x5146, 0x5166, 0x4925, 0x5146, 0x4925, 0x4905, 0x4905,
  0x4925, 0x5104, 0x7126, 0xC390, 0x9B0D, 0x6226, 0xC552, 0xF719, 0x8C2E, 0x18A1, 0x1061, 0x0841,
  0x1041, 0x1020, 0x1061, 0x1040, 0x1841, 0x1841, 0x1000, 0x0800, 0x3144, 0x2860, 0x69E5, 0x69C5,
  0x50E1, 0x92A8, 0x8A66, 0x8A25, 0x9286, 0x9B06, 0xFDCB, 0xDC03, 0xE425, 0xAAA1, 0xECE8, 0xF589,
  0xFECD, 0xF5A9, 0xE445, 0xE3C4, 0xC2E1, 0xDB84, 0xDBC5, 0xD384, 0xB303, 0x79A0, 0xE52F, 0xB42C,
  0xF636, 0x3060, 0x61E5, 0x4963, 0xCDB3, 0xEDD4, 0x68C0, 0x90E3, 0x8001, 0x9001, 0x9801, 0xA022,
  0xA022, 0xA801, 0xA801, 0xA823, 0xA084, 0x7883, 0x7062, 0x7883, 0x7863, 0x7863, 0x7863, 0x8064,
  0x8824, 0x8823, 0x8023, 0x8023, 0x8023, 0x8043, 0x7843, 0x7883, 0x6821, 0x7843, 0x7823, 0x8865,
  0x9085, 0x90A5, 0x9065, 0x9866, 0xA086, 0xB0E7, 0xDA6A, 0xDAEA, 0xD309, 0xC2E7, 0xB307, 0xAA03,
  0xA161, 0x9920, 0x9940, 0x9120, 0xA1A0, 0xE4A6, 0xE424, 0xD321, 0xAA20, 0x89E1, 0xAAE3, 0xCBC4,
  0xE445, 0xFCC8, 0xDB42, 0xEBC5, 0xE3E6, 0xD384, 0xEC45, 0xFD07, 0xFD48, 0xFE2A, 0xFE49, 0xFE68,
  0xF667, 0xF6C8, 0xF749, 0xF749, 0xFECA, 0xFDA7, 0xF4E7, 0xEC86, 0xFD48, 0xFD8A, 0xF4E8, 0xC364,
  0x9A60, 0x8980, 0xA200, 0xBAA3, 0xB284, 0x9223, 0x8A24, 0x7A46, 0x59E6, 0x59C7, 0x59A8, 0x31A7,
  0x2967, 0x3986, 0x40E2, 0x9222, 0xD3E6, 0xFDA9, 0xFECA, 0xFF09, 0xFF0A, 0xFF0A, 0xF6C9, 0xF648,
  0xF5E8, 0xECC7, 0xE425, 0xE404, 0xFD08, 0xFD09, 0xE3E5, 0xCB23, 0xCB44, 0xC304, 0xA2C7, 0x8A67,
  0x930B, 0x830B, 0x72AA, 0x526A, 0x4A6B, 0x426B, 0x3A4A, 0x322A, 0x322A, 0x322A, 0x322A, 0x322A,
  0x18C3, 0x18C3, 0x20C3, 0x20C3, 0x20E4, 0x20E3, 0x20E3, 0x20E4, 0x2104, 0x20E4, 0x20E3, 0x20E4,
  0x3104, 0x3104, 0x3105, 0x3125, 0x3925, 0x3904, 0x4125, 0x4105, 0x4125, 0x3924, 0x20A2, 0x0020,
  0x0841, 0x0862, 0x0041, 0x0862, 0x0041, 0x08A2, 0x08C3, 0x1104, 0x1104, 0x1925, 0x2165, 0x10A3,
  0x0041, 0x0021, 0x08C3, 0x2165, 0x1125, 0x0882, 0x1041, 0x4166, 0x4946, 0x5966, 0x69E8, 0x69C8,
  0x6187, 0x6187, 0x61A7, 0x5966, 0x5946, 0x5966, 0x5966, 0x5946, 0x5946, 0x5946, 0x5146, 0x5126,
  0x5125, 0x50C4, 0x68C5, 0x70E5, 0x92ED, 0x1020, 0x62CA, 0x62C8, 0xD677, 0x2985, 0x1924, 0x1124,
  0x1104, 0x10C4, 0x08C3, 0x10C4, 0x10A3, 0x18A3, 0x18E4, 0x3167, 0x3A09, 0x83EE, 0xE6D9, 0xFFDE,
  0x4965, 0x4945, 0x3062, 0x3882, 0x40E4, 0x5144, 0x92C6, 0xAB04, 0x91A0, 0xC345, 0xF52A, 0xFE2C,
  0xFE8C, 0xF569, 0xE466, 0xD383, 0xDBA4, 0xE427, 0xECA8, 0xE405, 0xE446, 0xBB03, 0x9A41, 0x9A63,
  0x6960, 0x71C2, 0x7265, 0xFF59, 0xD5F3, 0x5940, 0x8A03, 0x8921, 0x80A1, 0x7020, 0x7861, 0x88A2,
  0x8020, 0x9840, 0xA801, 0xA803, 0xA003, 0xA002, 0xA022, 0xA003, 0xA824, 0xB045, 0xB045, 0xB045,
  0xB045, 0xB066, 0xB066, 0xA886, 0xA8A6, 0xA8C6, 0xB128, 0xD38E, 0xFDB6, 0x9A09, 0x99A8, 0x8967,
  0x78E6, 0x78E6, 0x6906, 0x6927, 0x68E6, 0x70C5, 0x70C3, 0x70E1, 0x68A0, 0x7100, 0x78C0, 0x9980,
  0xBAA2, 0xEC87, 0xFDCB, 0xFE6C, 0xED27, 0xD405, 0xDBE4, 0xCB22, 0xBA82, 0x9202, 0x9200, 0x9A60,
  0xCBA3, 0xF466, 0xD343, 0xC2A1, 0xC2E3, 0xB281, 0xDBC4, 0xEC05, 0xEC46, 0xFD07, 0xFD68, 0xFE08,
  0xFE88, 0xFF09, 0xF749, 0xF769, 0xFE88, 0xED46, 0xF547, 0xED07, 0xFE0B, 0xFD69, 0xDC06, 0xB2E3,
  0x9A41, 0x91A0, 0xB283, 0xA243, 0x91E3, 0x71A4, 0x61E5, 0x51A4, 0x61E5, 0x6984, 0x71A6, 0x41C6,
  0x3945, 0x59E7, 0x69C5, 0x9A02, 0xCB64, 0xF568, 0xFECA, 0xFF2A, 0xFF0B, 0xFF0A, 0xFF09, 0xFEC9,
  0xFE49, 0xFD88, 0xF507, 0xFCE7, 0xFD29, 0xF487, 0xDBC5, 0xC323, 0xC303, 0xC345, 0xA285, 0xA2C7,
  0xAB4A, 0xA34B, 0x8AEA, 0x62AA, 0x4A6B, 0x428B, 0x428B, 0x428B, 0x3A4A, 0x3A6B, 0x3A4B, 0x3A4B,
  0x18C3, 0x18C3, 0x18C3, 0x20C3, 0x20E3, 0x20E3, 0x20E3, 0x20E4, 0x2104, 0x2904, 0x20E4, 0x20C3,
  0x28E4, 0x28E4, 0x3105, 0x3105, 0x3905, 0x3925, 0x4125, 0x4145, 0x3925, 0x3924, 0x1881, 0x0020,
  0x0841, 0x0841, 0x0862, 0x0882, 0x0061, 0x08A2, 0x10E3, 0x1925, 0x1104, 0x1924, 0x2145, 0x08A2,
  0x0041, 0x0020, 0x0882, 0x1965, 0x1925, 0x08A3, 0x0821, 0x3125, 0x4966, 0x4905, 0x5967, 0x5946,
  0x5966, 0x5966, 0x6187, 0x6187, 0x5946, 0x5946, 0x5966, 0x6187, 0x6167, 0x5946, 0x5946, 0x5946,
  0x5967, 0x5925, 0x7926, 0x78E5, 0x48A4, 0x0000, 0x4A8A, 0x3A28, 0x31E7, 0x2187, 0x29E8, 0x29E9,
  0x21A8, 0x21A8, 0x29A7, 0x2987, 0x2967, 0x2967, 0x2126, 0x2106, 0x20E5, 0x2924, 0x3185, 0x5269,
  0x3187, 0x2105, 0x20C4, 0x20C4, 0x20E4, 0x20C3, 0x20A2, 0x38A1, 0x6120, 0xCB85, 0xD3E4, 0xFD6A,
  0xFD8A, 0xECE8, 0xF4C8, 0xF4C9, 0xF4A8, 0xF50A, 0xF56B, 0xEC67, 0xE3E5, 0xCB43, 0xD364, 0xD3A5,
  0xA2E3, 0x92A2, 0xB52D, 0xFFF9, 0x61A0, 0x9A83, 0xB2C4, 0x91C1, 0xFDD2, 0xBBC9, 0xFE32, 0xFF36,
  0xED4E, 0xFD4E, 0xFC0C, 0xFBCD, 0xF32D, 0xD1A9, 0xC988, 0xB948, 0xB928, 0xA8E7, 0xA8E7, 0x98C6,
  0x8907, 0x80E6, 0x8106, 0x8127, 0x7106, 0x6906, 0x6905, 0x7207, 0x6A06, 0x82AA, 0x40C3, 0x3883,
  0x3042, 0x2863, 0x30C3, 0x30E4, 0x4104, 0x5986, 0x79E6, 0x7164, 0x79A4, 0x9A45, 0xBB65, 0xD3E6,
  0xFD2A, 0xFE2D, 0xFEAD, 0xFECE, 0xD4E9, 0xBB47, 0xC367, 0xBB67, 0xA2C5, 0x8A24, 0x7940, 0xB2C3,
  0xE446, 0xFCC8, 0xDBA5, 0xA200, 0xA200, 0xA220, 0xCB23, 0xCB03, 0xDB64, 0xDBA4, 0xDBE4, 0xF567,
  0xFE49, 0xFEC9, 0xFF2A, 0xFF2A, 0xFEA9, 0xFEAA, 0xFECB, 0xFE8A, 0xFE09, 0xDC44, 0xD323, 0xBA62,
  0xB262, 0xAA01, 0xCB26, 0xA244, 0x81A2, 0x4904, 0x3964, 0x4162, 0x8244, 0xB2E6, 0xB2E6, 0x5120,
  0x5941, 0x92A6, 0xAB06, 0xC2E3, 0xD384, 0xFDA9, 0xFECB, 0xFF4C, 0xFF2D, 0xFF4C, 0xFF0A, 0xFEEA,
  0xFE8A, 0xFDCA, 0xFD28, 0xFCE8, 0xF487, 0xE406, 0xD385, 0xCB24, 0xCB45, 0xC304, 0xB2E5, 0xAAA6,
  0xA2A7, 0xA2E9, 0x9AE9, 0x6A69, 0x524A, 0x52AB, 0x4A8A, 0x52AB, 0x4AAB, 0x426B, 0x3A6B, 0x3A4B,
  0x20E4, 0x20E4, 0x20E3, 0x20E3, 0x20C3, 0x20E3, 0x20E3, 0x20E4, 0x2104, 0x28E4, 0x20E4, 0x20C3,
  0x28E4, 0x28E4, 0x3104, 0x30E4, 0x3925, 0x3945, 0x4125, 0x4125, 0x3925, 0x3104, 0x1061, 0x0821,
  0x0841, 0x0841, 0x0862, 0x0862, 0x0041, 0x08A2, 0x1104, 0x1925, 0x10E4, 0x1904, 0x1904, 0x0882,
  0x0041, 0x0020, 0x0061, 0x1945, 0x1945, 0x08A3, 0x0021, 0x20C3, 0x4186, 0x40E4, 0x4925, 0x4905,
  0x4925, 0x4925, 0x5126, 0x5125, 0x40C4, 0x5125, 0x5946, 0x48E5, 0x5105, 0x5105, 0x5105, 0x4905,
  0x40C4, 0x48E4, 0x68C4, 0x78E5, 0x6125, 0x0001, 0x532E, 0x326B, 0x3A8C, 0x324A, 0x428C, 0x3A4A,
  0x3209, 0x3209, 0x2A08, 0x21C7, 0x29C8, 0x29A7, 0x29C8, 0x2987, 0x2167, 0x2985, 0x3185, 0x2966,
  0x2125, 0x2967, 0x29A7, 0x29A7, 0x2165, 0x1904, 0x18C5, 0x3104, 0x71E3, 0xD3E5, 0xE405, 0xFCC8,
  0xF4E8, 0xF509, 0xFD29, 0xFD6B, 0xFD8B, 0xFDAC, 0xFD8B, 0xF489, 0xE3E6, 0xDB63, 0xE3C4, 0xCB63,
  0xBBA4, 0xD50A, 0xF733, 0xFFB6, 0x9A82, 0xB260, 0xCB02, 0x9A20, 0x8200, 0x9B46, 0x7A83, 0xA409,
  0xEE72, 0xC50D, 0x9327, 0x7A04, 0x7185, 0x6905, 0x60E5, 0x58E4, 0x48A3, 0x40A3, 0x40A3, 0x3062,
  0x3063, 0x3063, 0x2842, 0x2021, 0x1842, 0x1021, 0x1021, 0x1860, 0x1040, 0x1041, 0x1042, 0x1042,
  0x1042, 0x1083, 0x28C3, 0x3104, 0x3925, 0x4985, 0x6206, 0x69E5, 0x71E4, 0x7204, 0x92E6, 0xA306,
  0xA305, 0x9B04, 0x9B45, 0x8AE3, 0x6180, 0x5902, 0x5121, 0x38C0, 0x4100, 0x48E0, 0x50A0, 0x81A1,
  0xB2A1, 0xFCE9, 0xCB23, 0x99E0, 0x9200, 0x9A62, 0xAA61, 0xAA20, 0xC2E2, 0xE385, 0xEC05, 0xECC6,
  0xF567, 0xFE6A, 0xFE6A, 0xFE8A, 0xF5E7, 0xFEAA, 0xFF2B, 0xFF4C, 0xFE08, 0xD3E2, 0xE385, 0xEBC6,
  0xDB65, 0xDB86, 0xCAE5, 0xB2C6, 0x9A86, 0x4945, 0x2903, 0x4921, 0xAAE5, 0xE3E6, 0xEC27, 0xAAC4,
  0x99E1, 0xC345, 0xEC48, 0xE405, 0xE465, 0xFE2B, 0xFF0C, 0xFF6D, 0xFF2D, 0xFF2C, 0xFF0B, 0xFEEB,
  0xFEAB, 0xFDAA, 0xFD09, 0xEC47, 0xDBA5, 0xDB85, 0xCB25, 0xC2E4, 0xC304, 0xB2A2, 0xBB05, 0xBB06,
  0xB2E6, 0xB2E7, 0xAB08, 0x7A67, 0x6269, 0x5A69, 0x5269, 0x4A29, 0x5ACC, 0x52CC, 0x4AAC, 0x3A6B,
  0x18C3, 0x18E3, 0x20E3, 0x20E3, 0x20E3, 0x20C3, 0x20E3, 0x20E3, 0x20E4, 0x2904, 0x28E4, 0x20C3,
  0x28E4, 0x28E4, 0x3105, 0x3925, 0x3104, 0x3925, 0x4125, 0x4145, 0x3925, 0x3104, 0x1061, 0x0841,
  0x0021, 0x0841, 0x0882, 0x0041, 0x0041, 0x08A2, 0x1924, 0x1925, 0x10E4, 0x10E4, 0x10C3, 0x0882,
  0x0041, 0x0020, 0x0041, 0x1124, 0x1945, 0x08C3, 0x0041, 0x1042, 0x4186, 0x4125, 0x4145, 0x4125,
  0x4125, 0x4125, 0x4925, 0x4905, 0x4925, 0x4105, 0x4105, 0x4925, 0x4925, 0x4925, 0x4105, 0x4905,
  0x4125, 0x40E4, 0x7105, 0x8124, 0x58C2, 0x0862, 0x5B6F, 0x42ED, 0x42ED, 0x42AC, 0x42CC, 0x4AAC,
  0x3A2A, 0x3A29, 0x2A08, 0x2A08, 0x2A08, 0x21A7, 0x21C7, 0x2187, 0x21A7, 0x2166, 0x2966, 0x2987,
  0x31C8, 0x31C8, 0x3A29, 0x4249, 0x31C7, 0x2144, 0x2904, 0x61E5, 0xA2C4, 0xE3C4, 0xEC46, 0xFD09,
  0xFD4A, 0xFDAB, 0xFDEC, 0xFE0C, 0xFDCB, 0xFD8B, 0xFD2A, 0xFCAA, 0xEC07, 0xE364, 0xE3A4, 0xDBE5,
  0xC467, 0xFFB5, 0x93C6, 0x9B64, 0xB2A1, 0xCB01, 0xCB21, 0xBB02, 0x9281, 0x6982, 0x3860, 0x2860,
  0x1040, 0x20C1, 0x1860, 0x1881, 0x1862, 0x1061, 0x1061, 0x0861, 0x10A2, 0x08A2, 0x08A2, 0x08A2,
  0x1863, 0x1842, 0x1042, 0x1042, 0x1082, 0x0862, 0x0882, 0x0861, 0x0861, 0x0862, 0x1063, 0x1063,
  0x0863, 0x0883, 0x1062, 0x1883, 0x18C3, 0x18C2, 0x28E2, 0x3122, 0x3901, 0x4101, 0x5103, 0x6962,
  0x71C1, 0x7200, 0x8AE2, 0x9323, 0xA385, 0x9B45, 0x8B04, 0x7220, 0x71E0, 0x9A63, 0xA262, 0xA261,
  0xBAC1, 0xD3A4, 0xE427, 0x9220, 0x81A0, 0x9262, 0x91E0, 0x9A20, 0xBAC1, 0xCAC2, 0xE364, 0xF487,
  0xECA6, 0xFD28, 0xFD68, 0xF548, 0xF4E7, 0xF568, 0xF629, 0xFECB, 0xFEAA, 0xF547, 0xF488, 0xD363,
  0xBAA1, 0xDB44, 0xD304, 0xDBA8, 0xB2E7, 0x69E6, 0x3923, 0x7204, 0xCBA7, 0xEC66, 0xE465, 0xD365,
  0xD344, 0xEBE6, 0xFCE9, 0xF4C7, 0xF527, 0xFE8B, 0xFF2C, 0xFF6D, 0xFF2D, 0xFF0B, 0xFF0B, 0xFEEB,
  0xFE6B, 0xFD4A, 0xF4A9, 0xE3E6, 0xCB04, 0xD304, 0xCAE4, 0xD305, 0xD365, 0xD365, 0xE3C7, 0xDBC7,
  0xD386, 0xC345, 0xBB05, 0xB389, 0x9B2A, 0x7ACA, 0x628A, 0x628A, 0x62EC, 0x52AB, 0x4A8B, 0x426B,
  0x18C3, 0x20E4, 0x20E3, 0x20C3, 0x20C3, 0x20C3, 0x2104, 0x20E3, 0x2104, 0x20E4, 0x20E4, 0x28E4,
  0x2904, 0x30E4, 0x3105, 0x3105, 0x3905, 0x3904, 0x3925, 0x4146, 0x3945, 0x3124, 0x1061, 0x0821,
  0x0021, 0x0862, 0x0882, 0x0041, 0x0062, 0x08A2, 0x1924, 0x10E4, 0x08A2, 0x0882, 0x0882, 0x0882,
  0x0041, 0x0021, 0x0020, 0x10E3, 0x1124, 0x08E3, 0x0862, 0x0821, 0x3104, 0x4166, 0x3945, 0x4125,
  0x4145, 0x4945, 0x4925, 0x4125, 0x4125, 0x4125, 0x4105, 0x38E4, 0x4104, 0x4104, 0x4125, 0x4945,
  0x3925, 0x4945, 0x60C3, 0x78A2, 0x6923, 0x0820, 0x638F, 0x4B0C, 0x4B0C, 0x4AEC, 0x428B, 0x42AB,
  0x3A4A, 0x3A4A, 0x3A09, 0x39E9, 0x39E9, 0x3A09, 0x4A8B, 0x31C8, 0x31C8, 0x3209, 0x1946, 0x2987,
  0x18C4, 0x2105, 0x2945, 0x3145, 0x3166, 0x41A7, 0x5183, 0x9284, 0xD324, 0xEB84, 0xEC67, 0xFD8B,
  0xFE2C, 0xFE6D, 0xFE6D, 0xFE6D, 0xFDCB, 0xFD2A, 0xF488, 0xEC48, 0xE3C5, 0xE363, 0xEBC5, 0xF4A9,
  0xFF55, 0xB50D, 0xFE71, 0x9240, 0xB280, 0xD322, 0xD382, 0xC363, 0xAAC3, 0x71C4, 0x38C2, 0x1861,
  0x0882, 0x10C3, 0x1062, 0x1863, 0x1863, 0x0842, 0x1062, 0x1042, 0x0822, 0x1062, 0x1042, 0x1062,
  0x0883, 0x10A3, 0x10C3, 0x10C4, 0x10C4, 0x10E4, 0x10E4, 0x08C3, 0x1103, 0x18E4, 0x1083, 0x18E4,
  0x18E4, 0x10E3, 0x18C4, 0x18C4, 0x18E4, 0x1904, 0x3945, 0x4985, 0x61C6, 0x7A06, 0x8A24, 0xAB45,
  0xC426, 0xEDEB, 0xFEEE, 0xFF0E, 0xFF2F, 0xF72E, 0xFF0F, 0xFECF, 0xF58C, 0xCBA5, 0xC364, 0xBB83,
  0xC323, 0xFCC9, 0xCB85, 0xA282, 0x7180, 0x8201, 0x9221, 0x9A80, 0xB2C1, 0xCAE2, 0xDB23, 0xEBE5,
  0xFCA8, 0xFCE8, 0xE405, 0xDC47, 0xDB44, 0xE384, 0xDC65, 0xF60A, 0xFECC, 0xF5C9, 0xE4C7, 0xF549,
  0xD3E4, 0xCB01, 0xCAC2, 0xD325, 0xBAA5, 0x8246, 0x5162, 0x9285, 0xE429, 0xFD8A, 0xF5A9, 0xE3C7,
  0xE3A6, 0xEC27, 0xECA7, 0xF528, 0xFDA8, 0xFEAB, 0xFF0B, 0xFF2C, 0xFF0B, 0xFF0A, 0xFF0A, 0xFECA,
  0xFE09, 0xF4E8, 0xF488, 0xE3C6, 0xD324, 0xD325, 0xDB45, 0xDB86, 0xDBA6, 0xE3E6, 0xF407, 0xEBC6,
  0xDBA5, 0xDB84, 0xDBA5, 0xCB88, 0xB328, 0x8AC9, 0x7AAA, 0x72CA, 0x6ACB, 0x5A8B, 0x528B, 0x4A8B,
  0x18E4, 0x2104, 0x18E3, 0x18E3, 0x20E3, 0x20E3, 0x28E4, 0x28E4, 0x2904, 0x2924, 0x28E4, 0x20E3,
  0x2904, 0x3124, 0x3125, 0x3124, 0x3145, 0x3925, 0x3945, 0x4986, 0x3945, 0x3125, 0x0821, 0x0021,
  0x0041, 0x0882, 0x0862, 0x0041, 0x0041, 0x10C3, 0x10C3, 0x0882, 0x0041, 0x0041, 0x0882, 0x0882,
  0x0041, 0x0021, 0x0020, 0x0882, 0x1904, 0x10C3, 0x0882, 0x0821, 0x20A3, 0x4146, 0x4125, 0x4125,
  0x3904, 0x4925, 0x4925, 0x4905, 0x4925, 0x4105, 0x4105, 0x4125, 0x4105, 0x4105, 0x4105, 0x4926,
  0x4144, 0x4143, 0x50C2, 0xC34C, 0x9A46, 0x1840, 0x0883, 0x0842, 0x0862, 0x0041, 0x0062, 0x0862,
  0x0862, 0x1862, 0x0863, 0x10A3, 0x10A3, 0x1904, 0x0840, 0x18A2, 0x18A2, 0x10A4, 0x3186, 0x3165,
  0x4208, 0x2987, 0x2966, 0x3965, 0x6227, 0x92A7, 0x8160, 0xA221, 0xC2C2, 0xDBE5, 0xECC8, 0xFDCB,
  0xFEAC, 0xFF0E, 0xFECE, 0xFE6D, 0xFDAB, 0xF4C8, 0xEC26, 0xCB44, 0xC2E2, 0xBAA1, 0xC302, 0xD364,
  0xB2E2, 0xA280, 0xBAE2, 0xCB23, 0xCB23, 0xD343, 0xDB85, 0xDBC5, 0xB2C1, 0x9284, 0x7246, 0x41C7,
  0x2988, 0x2967, 0x3186, 0x2987, 0x29A8, 0x31C7, 0x2986, 0x31A7, 0x2986, 0x2966, 0x2125, 0x1904,
  0x18E4, 0x18E4, 0x1904, 0x18E4, 0x18E4, 0x18E4, 0x10C3, 0x10E4, 0x08A3, 0x10A3, 0x10C3, 0x1082,
  0x10A3, 0x10A3, 0x2104, 0x18C4, 0x18C4, 0x18C4, 0x3945, 0x5985, 0x92A7, 0xAB27, 0xCC27, 0xE4E9,
  0xFDAB, 0xF58A, 0xE508, 0xDCE8, 0xED6B, 0xEDAA, 0xDD47, 0xD4E6, 0xC427, 0xAB06, 0xAAE5, 0xCBC6,
  0xED6A, 0xFECE, 0xAB03, 0x8181, 0x91E3, 0x7980, 0x89E1, 0x91E0, 0xAA40, 0xD323, 0xEBA5, 0xEBC5,
  0xE385, 0xDB65, 0xCAE2, 0xC302, 0xC2E3, 0xC282, 0xCB04, 0xCB23, 0xDC25, 0xF569, 0xF5EB, 0xF529,
  0xD3A5, 0xCAC4, 0xCAE4, 0xE3E8, 0xE449, 0xDC2B, 0xA2E9, 0x71C5, 0x8A04, 0xDBE8, 0xFD6B, 0xF4E9,
  0xE3E6, 0xEC27, 0xEC66, 0xFD89, 0xFDEA, 0xFE8B, 0xFECC, 0xFEAB, 0xFEAB, 0xFE8B, 0xFE4A, 0xFDEA,
  0xF528, 0xF4C9, 0xF4A9, 0xEC26, 0xEC06, 0xEBE6, 0xFC28, 0xF427, 0xF468, 0xF488, 0xFCA8, 0xF467,
  0xF447, 0xEC26, 0xE3E6, 0xDBC7, 0xCB66, 0xB306, 0x9AE7, 0x92E9, 0x7ACB, 0x62AB, 0x526A, 0x528A,
  0x18C3, 0x20E4, 0x2104, 0x2104, 0x2104, 0x2904, 0x20E4, 0x2904, 0x2924, 0x2924, 0x20E3, 0x20E3,
  0x2904, 0x3104, 0x3125, 0x3104, 0x3124, 0x3925, 0x3945, 0x4146, 0x3945, 0x3125, 0x0821, 0x0041,
  0x0041, 0x0862, 0x0862, 0x0862, 0x0861, 0x10A3, 0x10A2, 0x0862, 0x0041, 0x0041, 0x0041, 0x0882,
  0x0041, 0x0021, 0x0000, 0x0862, 0x1925, 0x1104, 0x10A3, 0x0821, 0x1042, 0x4166, 0x3925, 0x4166,
  0x3904, 0x4125, 0x4105, 0x3904, 0x4125, 0x40E4, 0x4104, 0x4105, 0x4105, 0x4104, 0x4105, 0x4925,
  0x38E4, 0x4103, 0x5904, 0x8986, 0x91C4, 0x3923, 0x1925, 0x2925, 0x2946, 0x2166, 0x2166, 0x2145,
  0x2945, 0x3146, 0x41E8, 0x528A, 0x5ACB, 0x7BEF, 0xAD54, 0xAD33, 0x5207, 0x7BF0, 0x2125, 0x3145,
  0x3166, 0x2946, 0x28E4, 0x30E2, 0x6A25, 0xA2C5, 0xA262, 0xBAC2, 0xDBA4, 0xEC86, 0xF549, 0xFE2C,
  0xFECD, 0xFF2F, 0xFEEF, 0xFE4D, 0xFDCC, 0xF4A8, 0xE405, 0xC2C1, 0xB240, 0xAA20, 0xB260, 0xB280,
  0xAA60, 0xAA80, 0xB280, 0xC302, 0xDB84, 0xE3A5, 0xEC06, 0xD384, 0xB2C1, 0xAAA4, 0x8245, 0x49A6,
  0x2105, 0x18E4, 0x20C3, 0x10A3, 0x10E4, 0x10C3, 0x10C3, 0x10C3, 0x10C3, 0x10C3, 0x10C3, 0x18E4,
  0x10A3, 0x10A3, 0x10A3, 0x0882, 0x1082, 0x1082, 0x1082, 0x10A3, 0x10A3, 0x10A3, 0x18C3, 0x18C3,
  0x20E4, 0x18E3, 0x18C3, 0x2124, 0x2945, 0x39C7, 0x5207, 0x6226, 0x8AC8, 0xAB69, 0xD429, 0xE4AA,
  0xD448, 0xB364, 0xAB03, 0xA2E3, 0xA2C3, 0xA282, 0xA2A1, 0x9AA1, 0x9AA4, 0x79A3, 0x7161, 0xA2E5,
  0xCC8B, 0xBC69, 0x71E1, 0x8A25, 0x8A24, 0x89E0, 0xAAA2, 0xB2A2, 0xC303, 0xDB64, 0xEBC6, 0xF407,
  0xDB64, 0xCAE3, 0xAA41, 0xA282, 0xA201, 0xB262, 0xB261, 0xB241, 0xD384, 0xEC87, 0xFD48, 0xF4C7,
  0xE3C5, 0xCAA3, 0xC2C3, 0xDBE7, 0xFD8D, 0xED6D, 0xB3AA, 0xB36B, 0xB329, 0xCBA7, 0xE427, 0xEC47,
  0xF448, 0xF447, 0xEC46, 0xFD28, 0xFDEA, 0xFDE9, 0xFDC9, 0xF567, 0xFD68, 0xFD68, 0xFDCA, 0xFD48,
  0xFD08, 0xFCE9, 0xFCC9, 0xF468, 0xEC27, 0xF448, 0xFC68, 0xEBE6, 0xEC07, 0xEC68, 0xFCC9, 0xFCE9,
  0xFD09, 0xF4A8, 0xF468, 0xDB86, 0xDB66, 0xC306, 0xAAC6, 0x9AC8, 0x7269, 0x5A69, 0x4A49, 0x4A49,
  0x18C3, 0x20E3, 0x20E3, 0x2104, 0x20E4, 0x2924, 0x2104, 0x2924, 0x2925, 0x2924, 0x2104, 0x28E4,
  0x3145, 0x3125, 0x3945, 0x3945, 0x3965, 0x3945, 0x4165, 0x4146, 0x3945, 0x3105, 0x0821, 0x0041,
  0x0861, 0x0861, 0x0862, 0x0861, 0x0041, 0x0882, 0x0861, 0x0862, 0x0041, 0x0021, 0x0021, 0x0862,
  0x0041, 0x0021, 0x0020, 0x0862, 0x1904, 0x10C3, 0x08A3, 0x0842, 0x1041, 0x3125, 0x3104, 0x4145,
  0x38E4, 0x3905, 0x3925, 0x4125, 0x4104, 0x40E4, 0x4125, 0x4925, 0x4105, 0x4105, 0x4105, 0x4925,
  0x4925, 0x4104, 0x50E4, 0x7945, 0x8163, 0x59E6, 0x18E4, 0x1062, 0x18C4, 0x10E4, 0x10E3, 0x31C7,
  0x6B6D, 0x83CF, 0x7B6E, 0x5A8A, 0x5289, 0x5248, 0x8C0F, 0xD658, 0x732B, 0x5269, 0x39A6, 0x3125,
  0x3946, 0x3925, 0x4964, 0x61C3, 0xA327, 0xCBA6, 0xB281, 0xDBA4, 0xEC25, 0xFD08, 0xFDEB, 0xFEAD,
  0xFF2F, 0xFF0F, 0xFEEF, 0xFE4D, 0xFD8B, 0xEC46, 0xD362, 0xBAA1, 0xA220, 0x9A00, 0x9A40, 0xA281,
  0xAA60, 0xAA40, 0xAA20, 0xBAA1, 0xEBE6, 0xE3A5, 0xE3A5, 0xD343, 0xCB43, 0xB2C3, 0x9264, 0x59E5,
  0x1883, 0x0842, 0x1082, 0x1082, 0x18A3, 0x10A3, 0x0883, 0x10C3, 0x10C4, 0x18E4, 0x1905, 0x2966,
  0x2966, 0x2966, 0x31A7, 0x31A7, 0x31A7, 0x39C7, 0x39E8, 0x39E8, 0x4208, 0x4A29, 0x528A, 0x526A,
  0x5A8A, 0x526A, 0x730C, 0x730C, 0x7B6E, 0x7B8E, 0x832C, 0x934C, 0x9B2B, 0xA329, 0xBBA8, 0xC3E8,
  0xBBC6, 0xC428, 0xCCAA, 0xED6E, 0xF5D0, 0xED51, 0xCC6C, 0xA369, 0x9329, 0x61A6, 0x61A5, 0x59C3,
  0x4902, 0x4941, 0x5183, 0x48C1, 0x71C3, 0xA2C2, 0xDBC5, 0xE3E7, 0xD364, 0xD343, 0xDB64, 0xE3A5,
  0xC2E3, 0xB261, 0x9A01, 0x9244, 0x9202, 0x91E0, 0x91C0, 0xBB03, 0xEC47, 0xE466, 0xFD07, 0xFCC7,
  0xFC68, 0xE3A7, 0xE408, 0xECCA, 0xFDEE, 0xFE6F, 0xCC6B, 0xC3AB, 0xC38B, 0xAB06, 0xB2E4, 0xD305,
  0xC2C4, 0xC2E4, 0xDBC6, 0xFD09, 0xFD69, 0xFD28, 0xF4A7, 0xDBC4, 0xEBE6, 0xEC06, 0xEC46, 0xDBC4,
  0xEC46, 0xFCA8, 0xFC68, 0xFC69, 0xF428, 0xF427, 0xEBE6, 0xE3C6, 0xEC07, 0xF469, 0xFCC9, 0xFCE9,
  0xFD49, 0xFD29, 0xFCE9, 0xEBE6, 0xE365, 0xCAE5, 0xB2A4, 0xA265, 0x7A47, 0x6A68, 0x5A48, 0x5228,
  0x18C3, 0x20C3, 0x20C3, 0x2904, 0x2904, 0x2104, 0x2104, 0x20E3, 0x2924, 0x2944, 0x2904, 0x2104,
  0x3145, 0x3124, 0x3965, 0x3966, 0x3986, 0x3945, 0x4165, 0x4145, 0x3945, 0x2904, 0x0821, 0x0021,
  0x0861, 0x0041, 0x0862, 0x0041, 0x0021, 0x0861, 0x0041, 0x0861, 0x0862, 0x0041, 0x0021, 0x0862,
  0x0041, 0x0021, 0x0020, 0x0862, 0x10E3, 0x08A3, 0x08A2, 0x0841, 0x0000, 0x3124, 0x3904, 0x4125,
  0x38E4, 0x4105, 0x4105, 0x4104, 0x40E4, 0x4105, 0x4925, 0x4104, 0x4105, 0x4925, 0x4925, 0x4105,
  0x40E4, 0x4925, 0x50E4, 0x68E4, 0x9164, 0x7228, 0x1063, 0x1082, 0x0041, 0x10A3, 0x18E4, 0x0841,
  0x1062, 0x0821, 0x1062, 0x18C3, 0x18C3, 0x2104, 0x18C3, 0x2903, 0x28E3, 0x2923, 0x28E3, 0x3125,
  0x4966, 0x61A6, 0x79E4, 0x9A84, 0xCBE7, 0xC302, 0xC2C1, 0xEBC5, 0xEC05, 0xF508, 0xFDCB, 0xFE8D,
  0xFF0F, 0xFF0F, 0xFE8D, 0xFDEC, 0xFD09, 0xE426, 0xCB22, 0xAA61, 0x91E0, 0x81C0, 0x8A42, 0x8221,
  0x9A42, 0x99E0, 0xAA40, 0xC2E2, 0xE3C5, 0xEC06, 0xEBC5, 0xDB64, 0xCB02, 0xC303, 0xAAE5, 0x6A25,
  0x3965, 0x39E9, 0x4A4A, 0x52AB, 0x62ED, 0x6B4E, 0x8411, 0x7BF1, 0x73B0, 0x7BF1, 0x8411, 0x7BD0,
  0x83F0, 0x738E, 0x6B6E, 0x6B2D, 0x7BAF, 0x738F, 0x6B6E, 0x6B6E, 0x6B4D, 0x5AEC, 0x630C, 0x5ACB,
  0x62EB, 0x732D, 0x6249, 0x7AEC, 0x7AEC, 0x72CC, 0x830C, 0x8B2D, 0x934D, 0x932B, 0x9329, 0x9328,
  0x82C6, 0x7265, 0x59A2, 0x4100, 0x3080, 0x30C1, 0x28C1, 0x28E1, 0x2902, 0x2104, 0x1082, 0x3144,
  0x5A49, 0x3944, 0x3103, 0x38C2, 0x6162, 0x8A20, 0xCAE2, 0xD365, 0xD385, 0xCB43, 0xD384, 0xEBE6,
  0xDBA6, 0xB282, 0x7920, 0x7982, 0x79A0, 0x8A40, 0xE509, 0xFDEC, 0xFE0C, 0xFDEB, 0xFD28, 0xEC87,
  0xFCCA, 0xE409, 0xE44B, 0xECCC, 0xFDAE, 0xFEF1, 0xF590, 0xDC8F, 0xBB8B, 0x8225, 0x8244, 0x9A03,
  0x89E4, 0x89E3, 0x9A83, 0xDC48, 0xE468, 0xEC89, 0xE408, 0xC305, 0xB2C4, 0xBB25, 0xC325, 0xC325,
  0xCB45, 0xDB85, 0xEBC6, 0xF3E7, 0xF407, 0xF427, 0xE3E6, 0xE3C6, 0xE3C6, 0xF407, 0xFC89, 0xFCC8,
  0xFD09, 0xFD49, 0xFD49, 0xF488, 0xEC07, 0xE3A6, 0xD345, 0xB2C4, 0xA2A6, 0x92C7, 0x8AC8, 0x82A8,
  0x3145, 0x2925, 0x20E3, 0x18C3, 0x2904, 0x18C3, 0x2104, 0x2945, 0x2104, 0x2924, 0x2924, 0x20E3,
  0x3965, 0x3125, 0x3145, 0x3966, 0x3965, 0x3145, 0x4166, 0x4166, 0x3945, 0x3125, 0x0821, 0x0041,
  0x0041, 0x0861, 0x0882, 0x0041, 0x0041, 0x0041, 0x0041, 0x0041, 0x0041, 0x0861, 0x0041, 0x0862,
  0x0041, 0x0021, 0x0021, 0x0041, 0x1104, 0x08C3, 0x10C3, 0x0861, 0x0020, 0x2082, 0x4105, 0x4946,
  0x5126, 0x4925, 0x5146, 0x4925, 0x4925, 0x4946, 0x4925, 0x4104, 0x4105, 0x4125, 0x4105, 0x4105,
  0x4905, 0x48E4, 0x48E5, 0x60E4, 0x99A6, 0x6124, 0x1042, 0x0841, 0x0862, 0x0862, 0x0882, 0x1082,
  0x0861, 0x1082, 0x0861, 0x0882, 0x10C4, 0x18E4, 0x18C4, 0x2104, 0x2904, 0x3143, 0x49C5, 0x5A28,
  0x8AEA, 0x9AC7, 0xAAC5, 0xD3C7, 0xE3E6, 0xC2E2, 0xDB43, 0xEBE6, 0xF426, 0xF509, 0xF5AB, 0xFE6E,
  0xFEEE, 0xFECE, 0xFE2C, 0xFD6A, 0xF488, 0xDBA5, 0xC302, 0x9222, 0x79C1, 0x69A1, 0x5981, 0x5961,
  0x6960, 0x81A1, 0xA240, 0xBAE2, 0xE3C6, 0xF406, 0xF3E6, 0xEBA5, 0xDB84, 0xC2E2, 0xB2E5, 0x9B49,
  0x7B4C, 0x8C52, 0x94B4, 0xA536, 0xAD77, 0xAD76, 0xB5B7, 0xAD76, 0xA4F4, 0xAD56, 0x9CF4, 0x8411,
  0x8411, 0x73AF, 0x738E, 0x736E, 0x630C, 0x62EC, 0x62EC, 0x52CB, 0x52AB, 0x4A6A, 0x4A29, 0x4A29,
  0x5229, 0x5229, 0x5229, 0x49E8, 0x3966, 0x3966, 0x3966, 0x28C3, 0x20A3, 0x2083, 0x28A3, 0x28C4,
  0x28E4, 0x28E4, 0x20A3, 0x20C4, 0x20C4, 0x10C2, 0x10E3, 0x10E3, 0x10E4, 0x18E4, 0x18C4, 0x18C4,
  0x4A09, 0x18A1, 0x41A6, 0x30E3, 0x69E5, 0x81C0, 0xB221, 0xC2A2, 0xCB64, 0xEC88, 0xE446, 0xEC27,
  0xD365, 0xBAC4, 0x7940, 0x7962, 0x79E0, 0xE58B, 0xFE8D, 0xFEAC, 0xFE6B, 0xFE4C, 0xFDAB, 0xDC89,
  0xCBE9, 0xB329, 0xAB08, 0xC3CB, 0xE4EE, 0xEDEF, 0xFDD1, 0xB36A, 0x8227, 0x5163, 0x5163, 0x5963,
  0x6185, 0x61A5, 0x71A3, 0x9A63, 0xAAC4, 0xA2A5, 0xA2A6, 0x8A04, 0x6982, 0x71C3, 0x7A04, 0x8A03,
  0x9A43, 0xD345, 0xD324, 0xE345, 0xEBE7, 0xEC47, 0xEC87, 0xF4A8, 0xF467, 0xF427, 0xFC48, 0xFCA8,
  0xFCE8, 0xFD69, 0xFD69, 0xFD09, 0xF4A8, 0xEC06, 0xE3C5, 0xCB44, 0xB2C4, 0xBB06, 0xBB28, 0xB308,
  0x1062, 0x2105, 0x2945, 0x3165, 0x2925, 0x18A2, 0x20E3, 0x2904, 0x20E3, 0x20E3, 0x18C3, 0x18C3,
  0x3145, 0x3966, 0x3965, 0x3966, 0x41A6, 0x4186, 0x3945, 0x4166, 0x3966, 0x2904, 0x0841, 0x0041,
  0x0041, 0x0862, 0x0882, 0x0861, 0x0041, 0x0021, 0x0021, 0x0041, 0x0041, 0x0041, 0x0862, 0x0882,
  0x0882, 0x0041, 0x0041, 0x0041, 0x10C3, 0x10C3, 0x10E3, 0x0862, 0x0020, 0x28A3, 0x5186, 0x5167,
  0x5966, 0x5967, 0x5146, 0x5166, 0x5166, 0x5166, 0x4946, 0x4945, 0x4925, 0x4105, 0x4104, 0x4125,
  0x4925, 0x48E4, 0x4905, 0x58C4, 0x9965, 0x6923, 0x1041, 0x0862, 0x0041, 0x0841, 0x0861, 0x0841,
  0x10A2, 0x10A2, 0x0862, 0x0883, 0x10A4, 0x10A4, 0x18E5, 0x2104, 0x39C7, 0x5207, 0x6289, 0x6AAA,
  0x7A67, 0x9244, 0xC305, 0xDB85, 0xBAA1, 0xCB23, 0xE3C6, 0xE3A5, 0xF447, 0xFD4A, 0xFDCB, 0xFE2C,
  0xFE6C, 0xFE6C, 0xFDAB, 0xFCE9, 0xDBE6, 0xC323, 0xAA81, 0x79C1, 0x5940, 0x4921, 0x4101, 0x40E1,
  0x48C0, 0x6161, 0x9220, 0xBAC2, 0xDB85, 0xE3C6, 0xEBA5, 0xEBC6, 0xE3A5, 0xCB23, 0xB2C3, 0x8A64,
  0x6A46, 0x5228, 0x5ACD, 0x5AED, 0x630D, 0x5ACB, 0x5AAB, 0x5ACC, 0x526A, 0x528A, 0x4A29, 0x39C7,
  0x4208, 0x4208, 0x39C7, 0x31A7, 0x31A6, 0x3186, 0x2945, 0x2124, 0x18E4, 0x18E3, 0x18E3, 0x18A3,
  0x1882, 0x1882, 0x10C3, 0x08A2, 0x18C2, 0x10A1, 0x18E2, 0x08C2, 0x10E3, 0x10E3, 0x18A3, 0x18A3,
  0x18C4, 0x10A3, 0x10A3, 0x10C4, 0x10C4, 0x10C3, 0x10C3, 0x10A3, 0x18C4, 0x18A3, 0x20E4, 0x2084,
  0x20A3, 0x734B, 0x20C2, 0x4125, 0x8288, 0xA2E5, 0xA201, 0x9160, 0xE468, 0xFE2D, 0xFD8A, 0xEC26,
  0xD324, 0xC2E4, 0x89C1, 0x7121, 0x8AE3, 0xFF0F, 0xFF0C, 0xFF2C, 0xF68B, 0xFE2C, 0xFD6C, 0xE4AB,
  0xBBAA, 0xA2CA, 0x9AA9, 0x9AC9, 0xA2E8, 0xBC0A, 0xFE33, 0xC40C, 0x8267, 0x61C6, 0x4965, 0x49A6,
  0x4186, 0x4965, 0x6143, 0x9224, 0xA264, 0x8A24, 0x71C4, 0x5984, 0x4163, 0x4143, 0x4943, 0x69C3,
  0x9265, 0xBAC4, 0xBA82, 0xD303, 0xE406, 0xF4E8, 0xFDCA, 0xFDAA, 0xFD69, 0xF4C8, 0xF447, 0xFCA7,
  0xF4C7, 0xFD08, 0xFD29, 0xFCE9, 0xF488, 0xEC06, 0xEBE6, 0xE3C6, 0xD365, 0xC2E4, 0xB283, 0xC2C5,
  0x6B4E, 0x4209, 0x2124, 0x1082, 0x1061, 0x3186, 0x3966, 0x2925, 0x2904, 0x2103, 0x2103, 0x20E3,
  0x2904, 0x3145, 0x3145, 0x3966, 0x39A6, 0x4A08, 0x49C7, 0x4166, 0x3966, 0x2904, 0x0841, 0x0021,
  0x0041, 0x0862, 0x0882, 0x0862, 0x0862, 0x0041, 0x0041, 0x0041, 0x0041, 0x0041, 0x0041, 0x0041,
  0x0041, 0x0021, 0x0041, 0x0021, 0x08A3, 0x08A3, 0x10C3, 0x0882, 0x0020, 0x1841, 0x4145, 0x4925,
  0x5167, 0x5146, 0x4946, 0x4145, 0x4946, 0x4925, 0x4105, 0x5166, 0x4966, 0x4945, 0x4105, 0x4125,
  0x4904, 0x5104, 0x4926, 0x60E4, 0x9945, 0x7985, 0x0800, 0x0021, 0x0000, 0x0021, 0x0020, 0x0000,
  0x0861, 0x0841, 0x0840, 0x0861, 0x0021, 0x0842, 0x0821, 0x1062, 0x1882, 0x1861, 0x1861, 0x1861,
  0x38A0, 0x79A0, 0xC324, 0xBAA2, 0xA200, 0xC302, 0xDB84, 0xDB84, 0xF467, 0xFD8B, 0xFDEC, 0xFE0B,
  0xFE0B, 0xFDEB, 0xF529, 0xF467, 0xD384, 0xBAC2, 0x9A20, 0x6160, 0x48C0, 0x40E1, 0x38C2, 0x3081,
  0x40C0, 0x5140, 0x89E0, 0xAA81, 0xC2C2, 0xD323, 0xD323, 0xDB44, 0xDB44, 0xC2E2, 0xBAC2, 0x9A63,
  0x7A24, 0x4943, 0x3146, 0x3167, 0x3166, 0x31A6, 0x39A7, 0x3186, 0x2966, 0x2925, 0x20E4, 0x2104,
  0x18E3, 0x10C3, 0x10C3, 0x0882, 0x18E3, 0x10C3, 0x10A2, 0x10C3, 0x10A2, 0x10C3, 0x10A2, 0x1062,
  0x1882, 0x1020, 0x1041, 0x1861, 0x2081, 0x28E2, 0x20A1, 0x1060, 0x10A2, 0x10C2, 0x18A1, 0x1081,
  0x10A1, 0x10A2, 0x0881, 0x10A2, 0x1082, 0x1062, 0x1062, 0x10A3, 0x1082, 0x1082, 0x18A2, 0x18A3,
  0x20C3, 0x8C0E, 0x4165, 0x4945, 0x69E5, 0x92A4, 0xB2E4, 0xA220, 0xFD8C, 0xFDCB, 0xFE2C, 0xFCC8,
  0xF427, 0xE3E8, 0xB306, 0x6941, 0xBC47, 0xFEEE, 0xFF0C, 0xFF0C, 0xF5EA, 0xED09, 0xE408, 0xCB68,
  0xBB09, 0xA2EB, 0x92AA, 0x92CA, 0x9AEA, 0x9AA6, 0xEDB1, 0xE5B1, 0xA3AB, 0x7A68, 0x5166, 0x3965,
  0x3124, 0x4964, 0x8225, 0xAA85, 0xAA84, 0x8A24, 0x6183, 0x4963, 0x28E3, 0x2903, 0x3923, 0x5143,
  0x71C3, 0x99E1, 0xC2E3, 0xE3C6, 0xF4E8, 0xFDEA, 0xFECC, 0xFEAB, 0xFE4B, 0xFDC9, 0xFD29, 0xF4E8,
  0xF4C7, 0xF4A7, 0xF467, 0xF488, 0xF448, 0xEBE7, 0xDB45, 0xDB65, 0xDB85, 0xDB86, 0xCB04, 0xC305,
  0x9CD4, 0x9493, 0x8C72, 0x94B3, 0x8C51, 0x83F0, 0x49E8, 0x1061, 0x20C3, 0x3186, 0x3165, 0x20E3,
  0x2925, 0x2904, 0x2925, 0x2925, 0x2104, 0x39C7, 0x5A6A, 0x628A, 0x49E8, 0x2925, 0x0841, 0x0021,
  0x0041, 0x0061, 0x0882, 0x0061, 0x10C3, 0x0882, 0x0000, 0x0020, 0x0020, 0x0041, 0x0041, 0x0021,
  0x0001, 0x0001, 0x0021, 0x0021, 0x08A2, 0x08A2, 0x08A3, 0x10A3, 0x0041, 0x0000, 0x3945, 0x3904,
  0x4125, 0x3904, 0x3904, 0x3924, 0x3904, 0x3924, 0x3925, 0x3904, 0x4125, 0x4946, 0x4125, 0x4105,
  0x38C3, 0x50E5, 0x5926, 0x60C4, 0x8944, 0xAA65, 0x6100, 0x28A2, 0x3145, 0x528A, 0x5209, 0x5A6A,
  0x5229, 0x5A69, 0x6B2D, 0x83AF, 0x93F0, 0x93CF, 0xA431, 0xA430, 0xBD12, 0x8B8E, 0x93CF, 0x8B4B,
  0x9AC5, 0xCB66, 0xDBA5, 0xAAA0, 0xA280, 0xBAC1, 0xDB84, 0xE406, 0xF488, 0xF4E9, 0xFD6A, 0xFD6A,
  0xFD49, 0xFD08, 0xEC46, 0xDBC4, 0xCB43, 0xAA81, 0x89C0, 0x6940, 0x6940, 0x71C1, 0x8223, 0x71C2,
  0x6120, 0x6140, 0x81A0, 0x9A21, 0x99E0, 0xAA40, 0xB281, 0xCB03, 0xD344, 0xD344, 0xAA20, 0x9A00,
  0xB305, 0x9AA4, 0x5962, 0x3945, 0x20E4, 0x2103, 0x18C3, 0x20E4, 0x2104, 0x2925, 0x18C3, 0x2104,
  0x10A3, 0x10A3, 0x10C3, 0x18E3, 0x2986, 0x0882, 0x1904, 0x2125, 0x18E3, 0x10A2, 0x2945, 0x2903,
  0x6A89, 0x93AD, 0xBC90, 0xC4B0, 0x7A66, 0xDD71, 0xDD92, 0x9BAC, 0x72A8, 0x6A68, 0x6B0B, 0x524A,
  0x4229, 0x41E7, 0x39C7, 0x39E8, 0x2988, 0x39A8, 0x2125, 0x18C4, 0x18E6, 0x10E2, 0x08C0, 0x10C2,
  0x10A3, 0x20A2, 0xACB2, 0x30A2, 0x7AAA, 0x6983, 0x81E3, 0xB283, 0xFCCB, 0xF4A9, 0xEC88, 0xEC47,
  0xDB85, 0xCB24, 0xC346, 0x81C3, 0xCC8A, 0xFE8F, 0xFE6C, 0xFE0A, 0xF549, 0xE487, 0xCBA5, 0xBB26,
  0xBB6A, 0xA30A, 0x9AEA, 0x8247, 0xA36C, 0xC42D, 0xFF15, 0xFF35, 0xFE93, 0xCC8E, 0x7A68, 0x3146,
  0x20C3, 0x38E2, 0x8A45, 0xF48B, 0xCB45, 0x9A21, 0x9A22, 0x9243, 0x6183, 0x4944, 0x4985, 0x5963,
  0x7981, 0xBAC3, 0xDC07, 0xF569, 0xF5C9, 0xFEAB, 0xFF4B, 0xFF6B, 0xFF4B, 0xFF0B, 0xFEAB, 0xFEAB,
  0xFE4B, 0xF568, 0xF4C8, 0xF428, 0xF3C7, 0xEBA7, 0xDB66, 0xDB65, 0xE3A7, 0xE3C7, 0xE3E7, 0xDC07,
  0x39E8, 0x4A49, 0x52AB, 0x6B6E, 0x738E, 0x8410, 0x83CF, 0x8C30, 0x20C3, 0x1082, 0x18C3, 0x2945,
  0x3166, 0x2945, 0x2925, 0x2104, 0x2125, 0x3166, 0x39A7, 0x6AEC, 0x5249, 0x2904, 0x0862, 0x0041,
  0x0062, 0x0882, 0x10E3, 0x0062, 0x10C3, 0x08A2, 0x0041, 0x0021, 0x0020, 0x0000, 0x0061, 0x0041,
  0x0021, 0x0001, 0x0862, 0x31C7, 0x0000, 0x08A2, 0x08A3, 0x10A3, 0x0041, 0x0000, 0x3125, 0x3905,
  0x3925, 0x3925, 0x3924, 0x3945, 0x3104, 0x3924, 0x3904, 0x38E4, 0x38E4, 0x3904, 0x38E4, 0x4104,
  0x4145, 0x5146, 0x5926, 0x6126, 0x7124, 0xAA86, 0xFD71, 0x6228, 0x5A48, 0x5269, 0x5229, 0x7B4E,
  0x838E, 0x734C, 0x62CC, 0x5ACB, 0x4A08, 0x5A6A, 0x5208, 0x72AA, 0x7288, 0x6A6A, 0x4964, 0x82C8,
  0xAB26, 0xE428, 0xC303, 0xA281, 0xA2C1, 0xBAC2, 0xCB44, 0xDBE6, 0xF488, 0xFCE9, 0xFD09, 0xF4C8,
  0xF487, 0xF446, 0xE3A4, 0xD343, 0xC302, 0xB2A1, 0xA240, 0x9A41, 0x9221, 0x9A41, 0xA2A2, 0xAAC3,
  0x9201, 0x89C0, 0x9A21, 0xA241, 0xAA41, 0x99C0, 0xB281, 0xCB03, 0xCB23, 0xBAA1, 0xAA61, 0x9A01,
  0xBB46, 0xBB46, 0x92E7, 0x49A5, 0x3166, 0x20E3, 0x2924, 0x2104, 0x2945, 0x39C7, 0x39C7, 0x41E7,
  0x18E3, 0x18E3, 0x2124, 0x2124, 0x2145, 0x2124, 0x1904, 0x18E4, 0x2124, 0x1904, 0x31A6, 0x3165,
  0x51E7, 0x6A68, 0x51C6, 0x49A5, 0x4123, 0x4984, 0x4164, 0x3964, 0x28E3, 0x3944, 0x28E2, 0x2925,
  0x20A3, 0x1840, 0x2060, 0x2081, 0x1884, 0x1043, 0x18C1, 0x20C1, 0x1882, 0x18C3, 0x10A2, 0x10E3,
  0x1082, 0x20C3, 0x4165, 0x834D, 0x38C3, 0x6184, 0x7982, 0xA1E2, 0xE3E8, 0xCB25, 0xCB03, 0xD365,
  0xC303, 0xAA41, 0x9A22, 0x6941, 0x7202, 0xFEB3, 0xE54B, 0xE4E8, 0xFD6B, 0xF52B, 0xF4EC, 0xEC8D,
  0xE44E, 0xDC4F, 0xCBED, 0xAB09, 0xAB2A, 0xD48D, 0xFF34, 0xFF34, 0xFE93, 0xD4EF, 0xA3AD, 0x3125,
  0x20E4, 0x38E2, 0x71A2, 0xC345, 0xBAE2, 0xBAE3, 0xBAE4, 0xAA84, 0x69A3, 0x5984, 0x69E5, 0x79C3,
  0x9A01, 0xC324, 0xECE9, 0xFE2B, 0xFEAC, 0xFF2C, 0xFF6B, 0xFF8B, 0xFF8B, 0xFF6B, 0xFF4C, 0xFF4C,
  0xFF0C, 0xFE6B, 0xFD89, 0xF488, 0xF428, 0xEBE6, 0xE3C6, 0xE3A6, 0xE3A6, 0xEC07, 0xF469, 0xF4A9,
  0x10A3, 0x18C3, 0x10A3, 0x18C3, 0x18A3, 0x20E3, 0x2104, 0x18C3, 0x20E3, 0x18C3, 0x18A3, 0x20E4,
  0x2945, 0x2925, 0x2925, 0x2104, 0x2124, 0x2965, 0x2945, 0x41C7, 0x526A, 0x3166, 0x0841, 0x0041,
  0x0062, 0x0882, 0x1904, 0x0082, 0x10C3, 0x08C3, 0x08A2, 0x0062, 0x0041, 0x0041, 0x0041, 0x0001,
  0x0021, 0x0021, 0x2986, 0x31C8, 0x1904, 0x08A3, 0x08A2, 0x08A2, 0x0041, 0x0020, 0x3145, 0x3925,
  0x3925, 0x4125, 0x3104, 0x3104, 0x3104, 0x3104, 0x3904, 0x30E4, 0x30E4, 0x38E4, 0x3904, 0x3904,
  0x4966, 0x4166, 0x4105, 0x40E5, 0x5104, 0x79E5, 0xED92, 0x6207, 0x5A48, 0x4A49, 0x6B0D, 0x7B8F,
  0x526A, 0x3186, 0x0822, 0x0000, 0x08C2, 0x08A2, 0x18A2, 0x61C7, 0x8289, 0x61A5, 0x3880, 0x5941,
  0x92A3, 0xA2A3, 0x9A00, 0x9221, 0x89E0, 0x9A00, 0xAA61, 0xBAC2, 0xD385, 0xF467, 0xFCA8, 0xFC87,
  0xF426, 0xF406, 0xEBC5, 0xDB64, 0xD343, 0xC2C1, 0xBAA1, 0xC324, 0xCB64, 0xC302, 0xC302, 0xCB24,
  0xC303, 0xC303, 0xCB44, 0xC2E3, 0xC2E3, 0xAA40, 0xBA81, 0xD324, 0xCB03, 0xBAA2, 0xAA82, 0x9A62,
  0x9A42, 0xB304, 0xAB47, 0x7267, 0x49C6, 0x39A6, 0x4A28, 0x39A7, 0x41E8, 0x2966, 0x2965, 0x2965,
  0x10C3, 0x2125, 0x2965, 0x2986, 0x1904, 0x10A2, 0x0882, 0x10A2, 0x0882, 0x08A2, 0x0081, 0x10A2,
  0x2103, 0x20C2, 0x18A3, 0x2105, 0x2104, 0x2104, 0x2945, 0x2105, 0x2966, 0x2946, 0x2924, 0x3146,
  0x4186, 0x59C5, 0x7A87, 0x82A7, 0x4924, 0x2905, 0x6B29, 0xB50D, 0x9C4A, 0x1021, 0x20E5, 0x10A3,
  0x2104, 0x18A2, 0x20C3, 0x8BCF, 0x3904, 0x69C5, 0xA284, 0x91A0, 0xD3A7, 0xC304, 0xAA20, 0xC304,
  0xBAE3, 0xA283, 0x9264, 0x61C5, 0x4101, 0x9BAA, 0xE56F, 0xF58E, 0xFDEF, 0xFD4D, 0xFCCE, 0xE42D,
  0xD3AC, 0xDC0C, 0xDC2C, 0xCBCA, 0xBB48, 0xBBA7, 0xFEF3, 0xFF34, 0xEE12, 0xCCAF, 0xABCE, 0x28E3,
  0x20E4, 0x4165, 0x8225, 0xCB45, 0xD385, 0xDBE7, 0xCBA8, 0xB307, 0x69C3, 0x5942, 0x8204, 0xA284,
  0xCB24, 0xDC25, 0xFDAA, 0xFECC, 0xFF2C, 0xFF6C, 0xFFAB, 0xFFAA, 0xFF8B, 0xFF6B, 0xFF6B, 0xFF4B,
  0xFF4B, 0xFEEB, 0xFE8B, 0xF569, 0xF509, 0xFCA9, 0xEC47, 0xE3E7, 0xEC07, 0xF428, 0xF489, 0xFCA9,
  0x10A2, 0x10A3, 0x1082, 0x10A3, 0x10A3, 0x18C3, 0x18E3, 0x18A2, 0x18C3, 0x10A3, 0x1062, 0x1082,
  0x2104, 0x20E4, 0x2104, 0x2124, 0x1904, 0x1904, 0x2124, 0x2925, 0x31A6, 0x2965, 0x1082, 0x0041,
  0x0862, 0x08A3, 0x1904, 0x0041, 0x08A2, 0x10E4, 0x1124, 0x21C7, 0x2A09, 0x324A, 0x3A49, 0x4AAB,
  0x636E, 0x5AEC, 0x31A7, 0x5B0C, 0x0882, 0x08A2, 0x08A2, 0x08A2, 0x0041, 0x0841, 0x2925, 0x3125,
  0x3925, 0x30E4, 0x28C3, 0x28E3, 0x30E3, 0x3104, 0x3904, 0x3104, 0x3924, 0x3124, 0x3924, 0x3104,
  0x3104, 0x2904, 0x1883, 0x3147, 0x49E9, 0x38C2, 0xA40E, 0x51A6, 0x5207, 0x5AAB, 0x8410, 0x3A08,
  0x0882, 0x0882, 0x2105, 0x39E7, 0x4207, 0x39A5, 0x4985, 0x71E5, 0xB34A, 0x7182, 0x69A2, 0x7A02,
  0x79C0, 0x8A01, 0x89C1, 0x81A0, 0x81A0, 0x89E0, 0x9A00, 0xB261, 0xC303, 0xDB84, 0xE3E5, 0xEC26,
  0xEC06, 0xF426, 0xF446, 0xF467, 0xEC26, 0xD363, 0xCB03, 0xE3A5, 0xF406, 0xF406, 0xF406, 0xF427,
  0xF427, 0xFC27, 0xEBE6, 0xE3A6, 0xD344, 0xD323, 0xD344, 0xDB64, 0xD324, 0xAA40, 0x91E0, 0x8180,
  0x9A41, 0xBB24, 0xCC2A, 0x8AC6, 0x51E5, 0x3165, 0x18C3, 0x18C4, 0x10A3, 0x0862, 0x10A3, 0x1082,
  0x10C3, 0x18E3, 0x31A6, 0x2124, 0x1904, 0x0882, 0x0882, 0x10A2, 0x10E3, 0x1104, 0x1904, 0x1904,
  0x2124, 0x2103, 0x2125, 0x2946, 0x2925, 0x39A6, 0x2924, 0x2104, 0x2945, 0x2945, 0x3165, 0x20A3,
  0x3123, 0x7AC7, 0xCD0E, 0xDD4F, 0x82C7, 0x1860, 0x3921, 0xDE0F, 0x9BE4, 0x836A, 0x0801, 0x18C4,
  0x1081, 0x18E3, 0x1082, 0x2925, 0x5A49, 0x4902, 0xBB26, 0xAAC3, 0xCB85, 0xB2A2, 0xA200, 0xC326,
  0x9AA4, 0x8A64, 0x69E3, 0x4123, 0x72AA, 0x51A6, 0xA3AC, 0xE571, 0xE52F, 0xCC0B, 0xAB08, 0xA2A7,
  0xBB49, 0xD42B, 0xF54D, 0xF54C, 0xE4EA, 0xE4A9, 0xFDCE, 0xDD4E, 0xB42C, 0xA38C, 0x6A28, 0x28E3,
  0x2105, 0x3945, 0x71C4, 0xDBE7, 0xEC27, 0xEC69, 0xB2E5, 0x81A2, 0x5942, 0x6141, 0x9203, 0xC2C4,
  0xDBA5, 0xED28, 0xFEAC, 0xFF4C, 0xFF6C, 0xFF8B, 0xFFCA, 0xFFAA, 0xFF8A, 0xFF6A, 0xFF6A, 0xFF6A,
  0xFF4A, 0xFF2A, 0xFEEB, 0xFE2A, 0xF5EA, 0xFD4A, 0xF4A8, 0xEC47, 0xEC27, 0xF448, 0xF488, 0xFCC9,
  0x10C3, 0x10C3, 0x18C3, 0x10A3, 0x10A3, 0x10A2, 0x10A2, 0x10A2, 0x18A2, 0x10A3, 0x1062, 0x10A3,
  0x18C3, 0x18E4, 0x20E4, 0x2104, 0x1904, 0x1924, 0x2145, 0x2145, 0x2965, 0x2124, 0x0882, 0x0021,
  0x0862, 0x10E4, 0x10C3, 0x0882, 0x08A3, 0x2166, 0x29E8, 0x42ED, 0x324A, 0x3229, 0x428B, 0x4AAB,
  0x0061, 0x0041, 0x0842, 0x0062, 0x10C3, 0x0882, 0x0882, 0x10A3, 0x0861, 0x0841, 0x18C3, 0x2904,
  0x30E4, 0x30E4, 0x28C3, 0x28E3, 0x28E3, 0x3124, 0x3925, 0x3104, 0x3124, 0x3124, 0x20C3, 0x2924,
  0x20A3, 0x0861, 0x0062, 0x0002, 0x52ED, 0x524A, 0x5208, 0x3924, 0x41A6, 0x630C, 0x52CB, 0x0062,
  0x0021, 0x31C7, 0x4A09, 0x5207, 0x7AC9, 0x7A26, 0x8225, 0x9AA5, 0x81A0, 0x7120, 0x9222, 0x9A83,
  0x81A0, 0x7960, 0x9202, 0x7100, 0xB306, 0x8180, 0x91E0, 0xAA41, 0xBAC2, 0xD383, 0xDBC4, 0xEC66,
  0xECC8, 0xF508, 0xF549, 0xFD49, 0xFD08, 0xEC26, 0xE3C5, 0xEBE6, 0xF406, 0xF406, 0xEBE6, 0xEBC5,
  0xF407, 0xFC68, 0xFC27, 0xFC47, 0xF407, 0xE3A5, 0xEBC6, 0xEC07, 0xEBE7, 0xAA81, 0x89C0, 0x7940,
  0x89A0, 0xAAA2, 0xDC49, 0xA367, 0x6A66, 0x3144, 0x39A6, 0x3186, 0x2104, 0x1904, 0x10C3, 0x10C3,
  0x1904, 0x10C3, 0x10C3, 0x10C3, 0x10C3, 0x10C3, 0x10A2, 0x18C3, 0x10A2, 0x10A3, 0x10A3, 0x0862,
  0x18C3, 0x18A2, 0x1082, 0x18A2, 0x18A2, 0x18A2, 0x20A2, 0x20A2, 0x3944, 0x2081, 0x3124, 0x3144,
  0x2901, 0x6283, 0x93C6, 0xF6B1, 0x49A0, 0x2880, 0x51A3, 0xD56D, 0xFF2F, 0x8BA6, 0x3962, 0x2103,
  0x10A1, 0x10A2, 0x10C3, 0x18E4, 0x41C7, 0x38E1, 0xDC6C, 0xD428, 0xECAA, 0xB2C3, 0x91C1, 0xA2C7,
  0x69E4, 0x4942, 0x28A0, 0x59C6, 0x6A4A, 0x59E8, 0x5986, 0x7A48, 0x8288, 0x7A47, 0x9A87, 0xBB6A,
  0xCBEB, 0xED0C, 0xFDEE, 0xFDED, 0xF56B, 0xF4AA, 0xDC6C, 0xB38A, 0x82A9, 0x5186, 0x3925, 0x3185,
  0x2945, 0x3103, 0x6183, 0xD3C7, 0xF468, 0xD365, 0xAAA4, 0x7141, 0x5942, 0x71A2, 0xB2E5, 0xD345,
  0xEC06, 0xF5AA, 0xFF2D, 0xFF6C, 0xFF8B, 0xFFAB, 0xFFAA, 0xFF89, 0xFF8A, 0xFF6A, 0xFF49, 0xFF49,
  0xFF29, 0xFF09, 0xFEEA, 0xFEAB, 0xFE6A, 0xFDCA, 0xFD49, 0xF4E8, 0xEC67, 0xEC67, 0xF4A8, 0xFCE9,
  0x10A3, 0x10A3, 0x10A2, 0x10A3, 0x10A3, 0x18C3, 0x18C3, 0x18C3, 0x10C3, 0x10A3, 0x1082, 0x10A3,
  0x10A2, 0x18E3, 0x2104, 0x18E3, 0x1904, 0x1924, 0x2145, 0x2986, 0x31A6, 0x2945, 0x0882, 0x0021,
  0x0842, 0x10C4, 0x10C3, 0x0883, 0x08A3, 0x2186, 0x3A49, 0x3A8B, 0x42AB, 0x29C8, 0x10E4, 0x0001,
  0x0882, 0x0061, 0x0042, 0x0021, 0x08A2, 0x08A2, 0x0882, 0x0882, 0x0861, 0x0041, 0x1062, 0x28E4,
  0x28E4, 0x28E4, 0x2904, 0x2924, 0x2924, 0x3125, 0x2904, 0x2904, 0x20C3, 0x18A2, 0x18A2, 0x1061,
  0x0821, 0x0020, 0x0062, 0x00A4, 0x3A4B, 0x52CC, 0x1904, 0x20E3, 0x4A08, 0x5B0C, 0x10E3, 0x0061,
  0x1925, 0x3187, 0x72A9, 0xA3AC, 0xAB29, 0xECAE, 0xCB49, 0xD3A8, 0xD448, 0xBB24, 0xC304, 0xC304,
  0x99E0, 0x8A00, 0x7960, 0xDC8B, 0xD42A, 0x91C0, 0xA220, 0xB281, 0xCB43, 0xDC25, 0xE4A6, 0xF569,
  0xFE0B, 0xFE6C, 0xFE8D, 0xFE4B, 0xFDAA, 0xECA7, 0xEC26, 0xE3E5, 0xDBA5, 0xD364, 0xDB85, 0xE3C6,
  0xF469, 0xEC28, 0xEBC6, 0xEBE6, 0xF448, 0xFC89, 0xFC68, 0xFCA9, 0xFCA9, 0xC324, 0x91E0, 0x89C0,
  0x9A41, 0xB2C2, 0xE4AA, 0xC42B, 0x6A46, 0x28E4, 0x5249, 0x20E4, 0x0882, 0x10A3, 0x10A3, 0x10A2,
  0x10A3, 0x0882, 0x0882, 0x0862, 0x0882, 0x10C3, 0x0041, 0x18C3, 0x18C3, 0x20C3, 0x1883, 0x28E4,
  0x49E8, 0x3965, 0x18C4, 0x2166, 0x2125, 0x2945, 0x41A7, 0x730C, 0x940F, 0x4164, 0xCDF6, 0x942F,
  0x944D, 0xFF55, 0xF6F1, 0xFF53, 0xB50C, 0xD5B2, 0x38A0, 0xE5F2, 0xD56B, 0x8BA3, 0xBD90, 0x18A1,
  0x1082, 0x10A2, 0x10C3, 0x10E4, 0x3186, 0x4184, 0xB40C, 0xF56F, 0xC3C8, 0x9A84, 0x9286, 0x5943,
  0x30A2, 0x2904, 0x3124, 0x7247, 0x726A, 0x620A, 0x69E9, 0x69C8, 0x8B0D, 0x82AB, 0xAB0A, 0xDC2F,
  0xBB2A, 0xE46B, 0xF4EB, 0xECAA, 0xF50C, 0xE44C, 0xAAE9, 0x7A07, 0x5987, 0x4146, 0x4186, 0x3964,
  0x2903, 0x3103, 0x6184, 0xBB05, 0xF448, 0xEC07, 0xBAE4, 0x81A2, 0x6982, 0x8222, 0xC387, 0xD366,
  0xD364, 0xF5CA, 0xFF2D, 0xFF8C, 0xFFAC, 0xFFAB, 0xFFAA, 0xFF89, 0xFF6A, 0xFF4A, 0xFF29, 0xFF29,
  0xFF09, 0xFF09, 0xFEEA, 0xFEAA, 0xFE8A, 0xFDEA, 0xFD89, 0xFD69, 0xFD4A, 0xFD29, 0xFD29, 0xFD29,
  0x10C3, 0x10C3, 0x10A2, 0x10C3, 0x10C3, 0x10C3, 0x10C3, 0x10C3, 0x10A3, 0x18C3, 0x1082, 0x10A3,
  0x18E3, 0x18E4, 0x18E4, 0x2104, 0x1904, 0x2124, 0x2145, 0x31A6, 0x31A7, 0x2945, 0x1082, 0x0001,
  0x0842, 0x10C4, 0x10C4, 0x0883, 0x08A3, 0x2187, 0x3A6A, 0x2187, 0x0083, 0x0021, 0x0042, 0x0041,
  0x10A3, 0x0882, 0x0842, 0x0021, 0x0882, 0x08A2, 0x0062, 0x0882, 0x0861, 0x0061, 0x0821, 0x28E4,
  0x2904, 0x3125, 0x2904, 0x20E3, 0x2104, 0x2104, 0x18C3, 0x10A2, 0x0882, 0x1082, 0x0861, 0x0021,
  0x0021, 0x0041, 0x00A3, 0x29C9, 0x4AEE, 0x530E, 0x29A7, 0x2125, 0x39E7, 0x4229, 0x0082, 0x08A2,
  0x31A7, 0x62CC, 0x9307, 0xFDF2, 0xF52E, 0xB2A4, 0xBAC5, 0xA242, 0xB2E4, 0xBB03, 0xCB44, 0xD345,
  0xB2C2, 0xA281, 0xC407, 0xFE70, 0xD448, 0xBAE2, 0xCB44, 0xE406, 0xECA8, 0xF58A, 0xF60B, 0xFEAD,
  0xFF2E, 0xFF4E, 0xFF2E, 0xFECD, 0xF60B, 0xF509, 0xF467, 0xDB84, 0xCB02, 0xCB23, 0xDBA6, 0xE428,
  0xF4AA, 0xDBE7, 0xDB85, 0xD344, 0xF448, 0xFCA9, 0xF468, 0xF468, 0xF468, 0xC2C3, 0xAA82, 0xAA83,
  0xA282, 0xA240, 0xBB65, 0xA327, 0x59A3, 0x39A6, 0x20C3, 0x39E8, 0x1905, 0x18E4, 0x10C3, 0x10C3,
  0x18E3, 0x10C3, 0x10A2, 0x10A2, 0x0861, 0x2965, 0x4A69, 0x1903, 0x18E3, 0x630C, 0x736E, 0x1041,
  0x93F0, 0xACD3, 0x18C3, 0x1904, 0x2125, 0x2104, 0x20A2, 0x836C, 0xB4D2, 0x93AC, 0x3901, 0x8BCC,
  0x4160, 0xE631, 0xFED1, 0xD58C, 0x8305, 0x82C7, 0x82A7, 0x8B29, 0xAC2B, 0x8BE7, 0xF777, 0x1040,
  0x10C3, 0x10C3, 0x10C3, 0x1904, 0x18E4, 0x41E7, 0x4143, 0xABEC, 0x9B6A, 0x932A, 0x932B, 0x832C,
  0x30E4, 0x2925, 0x83AF, 0xAC50, 0x938E, 0x8B2D, 0x932D, 0x828A, 0x932D, 0x826A, 0x9AEB, 0xA2EB,
  0xBB6B, 0xD3EB, 0xECEE, 0xD42B, 0xBB8A, 0x92A8, 0x6985, 0x5145, 0x4146, 0x4166, 0x3944, 0x4122,
  0x51A4, 0x4943, 0x5984, 0x9A83, 0xCB64, 0xEC27, 0xCB66, 0xA284, 0x9242, 0xA2C3, 0xD3C6, 0xD365,
  0xD365, 0xF569, 0xFEEC, 0xFF8D, 0xFF8C, 0xFF8B, 0xFF8A, 0xFF69, 0xFF4A, 0xFF2A, 0xFF09, 0xFF09,
  0xFF09, 0xFF09, 0xFEEA, 0xFEAA, 0xFEAA, 0xFE4A, 0xFDEA, 0xFDCA, 0xFDCB, 0xFDCB, 0xFDAA, 0xFDCB,
  0x0882, 0x0882, 0x0882, 0x0882, 0x10A2, 0x10C3, 0x10C3, 0x10C3, 0x10C3, 0x18C3, 0x1082, 0x10A3,
  0x18C3, 0x18C3, 0x18C3, 0x18C3, 0x18E3, 0x18E3, 0x2124, 0x2145, 0x2965, 0x2945, 0x1082, 0x0021,
  0x0842, 0x10C4, 0x18E4, 0x0083, 0x0082, 0x1125, 0x1145, 0x0021, 0x0042, 0x0041, 0x0001, 0x0000,
  0x2986, 0x0862, 0x0042, 0x0041, 0x0062, 0x0882, 0x0062, 0x0882, 0x0041, 0x0041, 0x0021, 0x18C3,
  0x2925, 0x28E4, 0x20C3, 0x18A2, 0x10A3, 0x08A3, 0x08A3, 0x1904, 0x2145, 0x1904, 0x0882, 0x0041,
  0x0021, 0x08A3, 0x31E8, 0x3A0A, 0x3A0A, 0x636F, 0x3229, 0x1945, 0x4229, 0x3186, 0x0041, 0x08C2,
  0x3186, 0x5A09, 0xC429, 0xFE92, 0xED8D, 0x9262, 0x89E1, 0x7920, 0x8161, 0xAA81, 0xC323, 0xD324,
  0xC2E3, 0xA2C1, 0xFE2E, 0xFEAF, 0xED4A, 0xE3C5, 0xEC47, 0xFCC9, 0xFD6A, 0xFE6C, 0xFEEE, 0xFF4F,
  0xFF8F, 0xFF8E, 0xFF8E, 0xFF0D, 0xF60B, 0xFD6A, 0xFC88, 0xD342, 0xC2C1, 0xBAC1, 0xBAA2, 0xCB24,
  0xCB65, 0xB2A2, 0xAA40, 0xC2E3, 0xDBC6, 0xFC89, 0xFCCA, 0xF468, 0xEC07, 0xC2C2, 0xB282, 0xB2C4,
  0xAA62, 0x9A00, 0xBB66, 0xABA8, 0x6205, 0x3165, 0x2924, 0x10A3, 0x1905, 0x10C3, 0x10A3, 0x0882,
  0x10A2, 0x0861, 0x0861, 0x0861, 0x10C3, 0x0041, 0x9CF3, 0x2185, 0x29C6, 0x5ACB, 0x738E, 0x28E4,
  0x730C, 0x836D, 0x3964, 0x3984, 0x5207, 0x51E7, 0x6207, 0x7A88, 0x82A7, 0x82A6, 0x6A46, 0x6A46,
  0x7265, 0x82C4, 0x7A40, 0x8282, 0x7A24, 0x7246, 0x61C2, 0x6204, 0x6A48, 0x5A26, 0x9C6E, 0x62AA,
  0x10A3, 0x0882, 0x10A2, 0x18E4, 0x10C4, 0x2145, 0x2904, 0x5A08, 0x49A6, 0x4165, 0x5208, 0x6ACB,
  0x49C8, 0x3125, 0x3925, 0x7ACB, 0x7AEC, 0x82EB, 0x932C, 0x9B0B, 0x9B0C, 0x8ACB, 0x6A49, 0x5986,
  0x7A47, 0xA36A, 0xABAB, 0x9B8B, 0x7A48, 0x6A07, 0x4965, 0x4145, 0x3945, 0x49A5, 0x6206, 0x8226,
  0x69A4, 0x5143, 0x6184, 0x9243, 0xB281, 0xD364, 0xD385, 0xBAC4, 0xBAC3, 0xC384, 0xE447, 0xDBA6,
  0xE3C6, 0xF507, 0xFE4A, 0xFF2C, 0xFF6C, 0xFF4B, 0xFF6A, 0xFF4A, 0xFF2A, 0xFF0A, 0xFF0A, 0xFF0A,
  0xFF0A, 0xFF0A, 0xFF0A, 0xFECA, 0xFEAA, 0xFE8B, 0xFE0A, 0xFDEA, 0xFDEB, 0xFE0B, 0xFE0C, 0xFE0B,
  0x0882, 0x10A2, 0x10C3, 0x10C3, 0x10C3, 0x10C3, 0x10C3, 0x10C3, 0x10C4, 0x10E3, 0x08A2, 0x08A3,
  0x10C3, 0x08A3, 0x08A3, 0x08C3, 0x10C3, 0x18E3, 0x1904, 0x18E3, 0x2104, 0x18E3, 0x18C3, 0x0021,
  0x0062, 0x10C4, 0x1925, 0x0041, 0x0041, 0x0862, 0x0020, 0x1061, 0x0841, 0x0842, 0x0042, 0x424A,
  0x2166, 0x10E4, 0x0062, 0x0021, 0x0882, 0x0862, 0x0862, 0x0862, 0x0862, 0x0841, 0x0001, 0x0862,
  0x08A3, 0x0062, 0x00A3, 0x08E4, 0x2A09, 0x42AC, 0x3229, 0x1125, 0x0862, 0x0021, 0x0021, 0x0862,
  0x18E5, 0x2146, 0x2187, 0x3229, 0x4ACC, 0x530D, 0x3A6B, 0x08E4, 0x39E8, 0x10A3, 0x0062, 0x08C3,
  0x3986, 0x5166, 0xC407, 0xD3E8, 0xBAE6, 0x9A65, 0x6962, 0x6941, 0x89A1, 0x99E0, 0xBAA2, 0xCB24,
  0xCB65, 0xB302, 0xFE8F, 0xFEAF, 0xD508, 0xE3E5, 0xF487, 0xF508, 0xFDCA, 0xFECD, 0xFF6E, 0xFFAF,
  0xFF8F, 0xFF8F, 0xFF8F, 0xFF6F, 0xFEAD, 0xFDAB, 0xF4A8, 0xD385, 0xC303, 0xBAA2, 0xAA82, 0x9221,
  0x81C1, 0x7940, 0x9A01, 0xC324, 0xD343, 0xF448, 0xFCCA, 0xF468, 0xE3E6, 0xD365, 0xD344, 0xC2E3,
  0xAA62, 0x9A21, 0xB2E4, 0x92E7, 0x5207, 0x3165, 0x41C7, 0x41E7, 0x4A49, 0x4A49, 0x526A, 0x5AAB,
  0x5249, 0x5249, 0x62EB, 0x5ACB, 0x528A, 0x4A49, 0x528A, 0x526A, 0x5A8B, 0x62EC, 0x734D, 0x6B0C,
  0x732C, 0x6AEB, 0x62AA, 0x7B2C, 0x7B0C, 0x72CB, 0x832B, 0x9BED, 0xC4F0, 0xD570, 0xDE30, 0xCD8E,
  0xB4AB, 0x8B88, 0x7B06, 0x6223, 0x4141, 0x4123, 0x30E3, 0x20A2, 0x1061, 0x1882, 0x18A3, 0x2945,
  0x3186, 0x10A3, 0x10C3, 0x10C3, 0x10C3, 0x18E4, 0x2125, 0x18E4, 0x2966, 0x528A, 0x528B, 0x4208,
  0x3166, 0x2945, 0x18E4, 0x18E5, 0x20C3, 0x3945, 0x7B0B, 0x832C, 0xBC71, 0x8B0C, 0x5249, 0x2924,
  0x3186, 0x41C8, 0x41A7, 0x624A, 0x832D, 0x82EB, 0x730C, 0x62CC, 0x628A, 0x7268, 0x9B2A, 0xAB6C,
  0x82CA, 0x61C6, 0x5963, 0x9A25, 0xC306, 0xDB86, 0xE407, 0xDBE6, 0xD3C5, 0xEC87, 0xFCC9, 0xF488,
  0xF489, 0xFD09, 0xFD8A, 0xFEAB, 0xFF2C, 0xFF2B, 0xFF4B, 0xFF4A, 0xFF09, 0xFF09, 0xFEEA, 0xFECA,
  0xFEEA, 0xFEEA, 0xFEE9, 0xFEEB, 0xFECA, 0xFE6A, 0xFE2A, 0xF5A9, 0xF58A, 0xFE0C, 0xFE4C, 0xFDEB,
  0x0041, 0x0041, 0x0061, 0x0862, 0x0061, 0x0062, 0x0862, 0x0862, 0x0882, 0x10A3, 0x10A3, 0x0862,
  0x1904, 0x2145, 0x2986, 0x2145, 0x2186, 0x2166, 0x1925, 0x10A3, 0x18E4, 0x18E4, 0x18E4, 0x0842,
  0x0882, 0x10C4, 0x2146, 0x0062, 0x0041, 0x0041, 0x0041, 0x0020, 0x0882, 0x0021, 0x4A8B, 0x424A,
  0x2186, 0x1105, 0x08A3, 0x0041, 0x0882, 0x0862, 0x0861, 0x0862, 0x0862, 0x0021, 0x0021, 0x0021,
  0x10C4, 0x2187, 0x638F, 0x63AF, 0x530D, 0x1146, 0x08C4, 0x0021, 0x0021, 0x0041, 0x0041, 0x10A3,
  0x2125, 0x2167, 0x1946, 0x1967, 0x322A, 0x4AED, 0x5B2E, 0x18E4, 0x39C7, 0x1061, 0x0861, 0x0061,
  0x20E3, 0x5184, 0xECAB, 0xE409, 0xBAE6, 0x7981, 0x5920, 0x71A1, 0x9A22, 0xBAE4, 0xD365, 0xCB24,
  0xCB85, 0xDC27, 0xF5AC, 0xFECF, 0xE58A, 0xF4A8, 0xF4C8, 0xFD29, 0xFDCB, 0xFECD, 0xFF4E, 0xFF6E,
  0xFFAF, 0xFF8F, 0xFF8E, 0xFF8F, 0xFF0E, 0xFDEB, 0xE447, 0xCB23, 0xBAA2, 0xB261, 0x9A00, 0x89E0,
  0x79A0, 0x7940, 0x9A01, 0xBAE3, 0xD364, 0xF447, 0xF489, 0xFD0A, 0xF488, 0xE3C6, 0xDB65, 0xC2A2,
  0xA242, 0xA283, 0xB2E4, 0xABAA, 0x9C30, 0x83CF, 0x83EF, 0x9C92, 0x7B8E, 0x734D, 0x7BCF, 0x7B8E,
  0x6B4D, 0x6B0C, 0x6B2D, 0x630C, 0x528A, 0x5AEB, 0x4A49, 0x4A49, 0x3A08, 0x39E8, 0x39C7, 0x31A6,
  0x3165, 0x3185, 0x2924, 0x2104, 0x28E4, 0x28E4, 0x3104, 0x28E2, 0x28C1, 0x28A1, 0x28E2, 0x28E3,
  0x28C3, 0x2082, 0x2063, 0x2063, 0x28C4, 0x28C2, 0x1881, 0x1081, 0x0861, 0x0882, 0x0882, 0x10C2,
  0x2145, 0x10C3, 0x10C3, 0x10C3, 0x18E4, 0x18E4, 0x1904, 0x18E4, 0x18C3, 0x2945, 0x2104, 0x2105,
  0x18C3, 0x2125, 0x2125, 0x2145, 0x1904, 0x18A3, 0x3145, 0x62AA, 0x7B0C, 0x4166, 0x1905, 0x10C4,
  0x2966, 0x2904, 0x4144, 0x59A5, 0x7A47, 0x8AC9, 0x72AA, 0x6AAA, 0x6A8A, 0x8B0B, 0xBC2F, 0xA32C,
  0x8AEB, 0x7267, 0x8286, 0xBBC8, 0xDC69, 0xECA9, 0xECC9, 0xE4C9, 0xF54A, 0xFD29, 0xF4A8, 0xEC68,
  0xEC68, 0xE4C7, 0xF5A9, 0xF6EB, 0xFF6C, 0xFF6C, 0xFF4A, 0xFF4A, 0xFF09, 0xFF09, 0xFEE9, 0xFEE9,
  0xFEE9, 0xFEE9, 0xFEEA, 0xFEEB, 0xFECB, 0xFEAB, 0xFE2B, 0xFDAA, 0xFDAB, 0xFDEC, 0xFE0C, 0xFDEB,
  0x0062, 0x0041, 0x0041, 0x0862, 0x0861, 0x0862, 0x0862, 0x0042, 0x0842, 0x0841, 0x0041, 0x0862,
  0x10A3, 0x0883, 0x0062, 0x0862, 0x08C4, 0x1146, 0x29C8, 0x3209, 0x29A7, 0x2187, 0x10E5, 0x0862,
  0x0862, 0x08C3, 0x2166, 0x0062, 0x0041, 0x0041, 0x0041, 0x0861, 0x0000, 0x31E8, 0x426B, 0x0083,
  0x08C4, 0x08A3, 0x08A3, 0x0042, 0x10A3, 0x0882, 0x0862, 0x0862, 0x0841, 0x0861, 0x0021, 0x1925,
  0x6BAF, 0x7C52, 0x5B4F, 0x29E9, 0x10C4, 0x0062, 0x0021, 0x0041, 0x0061, 0x0041, 0x0020, 0x0882,
  0x1945, 0x1925, 0x1946, 0x1967, 0x21A8, 0x426C, 0x4A8C, 0x2126, 0x28E4, 0x3165, 0x1082, 0x1081,
  0x1860, 0x4921, 0xFCEE, 0xEC6C, 0xBB27, 0x8202, 0x5900, 0x8222, 0x9A42, 0xAA41, 0xE407, 0xE408,
  0xD3A5, 0xDC27, 0xDCC9, 0xFE2D, 0xFDEC, 0xFD09, 0xFCE9, 0xFD29, 0xFD8A, 0xFE4C, 0xFEED, 0xFF2E,
  0xFF8F, 0xFF8F, 0xFF8E, 0xFF6E, 0xFF2E, 0xFE2C, 0xECC8, 0xD384, 0xBAA1, 0xBAA2, 0xB2A2, 0x9200,
  0x79A0, 0x81C1, 0xB2C3, 0xCB24, 0xD343, 0xFCA8, 0xF4A9, 0xFD0A, 0xF4C9, 0xDBC6, 0xC2C2, 0xBA81,
  0x9A01, 0x9A42, 0xBB46, 0x8AC7, 0x6ACA, 0x732D, 0x734D, 0x6B0C, 0x6B2C, 0x5A8A, 0x5AAB, 0x526A,
  0x39A7, 0x4208, 0x39C7, 0x2945, 0x18E4, 0x2104, 0x10A3, 0x10C3, 0x1904, 0x1904, 0x1904, 0x10C3,
  0x2124, 0x1903, 0x2125, 0x18E4, 0x10C4, 0x18C4, 0x18E4, 0x18C3, 0x18C3, 0x20E3, 0x18E3, 0x18E4,
  0x18E4, 0x1083, 0x0862, 0x10A3, 0x0862, 0x0861, 0x0841, 0x0882, 0x10A3, 0x08A2, 0x08A2, 0x10A2,
  0x18E3, 0x10A3, 0x10C3, 0x10C3, 0x1904, 0x18E3, 0x18E4, 0x10A3, 0x2945, 0x2125, 0x3166, 0x2946,
  0x2945, 0x2125, 0x2125, 0x10E4, 0x10E4, 0x10E4, 0x2146, 0x2125, 0x2904, 0x20C4, 0x2946, 0x2104,
  0x2924, 0x4123, 0x5163, 0x69A3, 0x79E4, 0x8A46, 0x69C5, 0x5164, 0x4924, 0x59A5, 0x7248, 0x69C6,
  0x69C5, 0x7204, 0x92C5, 0xE56B, 0xF60C, 0xFE2C, 0xFE2C, 0xFE4D, 0xFE4D, 0xFD8A, 0xF4C8, 0xFCC9,
  0xF4E9, 0xE568, 0xFEAB, 0xFF8C, 0xFFAC, 0xFF8B, 0xFF4A, 0xFF2A, 0xFF09, 0xFF09, 0xFEE9, 0xFEE8,
  0xFEE9, 0xFEE9, 0xFEEA, 0xFEEA, 0xFECA, 0xFE6C, 0xF569, 0xECC7, 0xF4E9, 0xFD4A, 0xFD4A, 0xFD4A,
  0x0862, 0x0041, 0x0841, 0x0841, 0x0841, 0x0841, 0x0842, 0x0842, 0x0842, 0x0862, 0x0883, 0x0063,
  0x0883, 0x08A4, 0x10E5, 0x1947, 0x29C9, 0x4B0E, 0x4ACD, 0x29E9, 0x1947, 0x08C4, 0x1926, 0x0882,
  0x0882, 0x10C4, 0x2166, 0x0062, 0x0041, 0x0041, 0x0041, 0x0061, 0x10E4, 0x6BAF, 0x08E4, 0x00A3,
  0x1125, 0x0082, 0x08A3, 0x0042, 0x10C3, 0x0861, 0x0041, 0x0862, 0x0861, 0x0041, 0x0061, 0x0883,
  0x2187, 0x31E8, 0x1967, 0x0022, 0x0021, 0x0862, 0x0842, 0x0862, 0x0041, 0x0882, 0x0041, 0x0041,
  0x2145, 0x1925, 0x2187, 0x1946, 0x2188, 0x530E, 0x424B, 0x31C8, 0x10A3, 0x528A, 0x18A2, 0x2903,
  0x6A67, 0x7204, 0x7100, 0x91E2, 0x7960, 0x6100, 0x71A0, 0x9A42, 0xA221, 0xAA61, 0xE407, 0xE448,
  0xFD4B, 0xFD4B, 0xF54B, 0xFDAC, 0xFDAC, 0xF4E9, 0xFD0A, 0xFD2A, 0xFD6A, 0xFDCA, 0xFE6C, 0xFECD,
  0xFF6E, 0xFF8E, 0xFF8E, 0xFF8E, 0xFF6E, 0xFE4C, 0xE4C7, 0xD364, 0xCB03, 0xCB04, 0xB2A2, 0x9200,
  0x81C0, 0x89E1, 0xB2A3, 0xCB44, 0xF447, 0xFCE9, 0xFD4B, 0xFD4B, 0xFD2A, 0xDBC6, 0xCAE2, 0xBAA2,
  0x9222, 0x89E1, 0xBB67, 0x61A2, 0x41C6, 0x4A08, 0x4A08, 0x41C7, 0x3146, 0x39A7, 0x2925, 0x2945,
  0x2125, 0x2104, 0x5ACB, 0x2925, 0x18C4, 0x2946, 0x18C4, 0x10C4, 0x0882, 0x10C3, 0x10A2, 0x10C3,
  0x0861, 0x1082, 0x08A2, 0x10C3, 0x08A2, 0x0062, 0x0862, 0x10A4, 0x0863, 0x0882, 0x0060, 0x08A1,
  0x08C2, 0x08A1, 0x08A1, 0x08A2, 0x08C2, 0x08A3, 0x10A3, 0x1083, 0x0862, 0x0882, 0x1082, 0x10A3,
  0x10C3, 0x10A3, 0x10C3, 0x18E4, 0x18E4, 0x10C3, 0x2124, 0x2966, 0x2945, 0x31A7, 0x2945, 0x2125,
  0x18C3, 0x18E4, 0x10A2, 0x10A2, 0x1946, 0x29E9, 0x322A, 0x31E9, 0x3145, 0x49C7, 0x6A47, 0x51A5,
  0x5163, 0x6982, 0x8224, 0x89E3, 0x9A44, 0x9203, 0x79A3, 0x6983, 0x5984, 0x5164, 0x5164, 0x4103,
  0x5901, 0x79E3, 0xBC08, 0xFEAD, 0xFEEC, 0xFF2D, 0xFEEE, 0xFEAE, 0xFE2C, 0xFD8A, 0xECA7, 0xEC88,
  0xECC8, 0xFECC, 0xFFAD, 0xFFEC, 0xFFAB, 0xFFAA, 0xFF4A, 0xFF2A, 0xFF09, 0xFEE9, 0xFEE8, 0xFEE8,
  0xFEE9, 0xFEE9, 0xFECA, 0xFECB, 0xFEAB, 0xFDCA, 0xECC8, 0xDC06, 0xDBE6, 0xDC06, 0xE468, 0xEC68,
  0x0882, 0x0862, 0x0841, 0x0841, 0x0862, 0x0842, 0x0841, 0x0021, 0x0883, 0x08A4, 0x29A8, 0x322A,
  0x42AC, 0x4ACD, 0x532F, 0x534F, 0x532F, 0x6BF1, 0x7453, 0x6BF1, 0x7C52, 0x8CB3, 0x426B, 0x0883,
  0x0883, 0x08A3, 0x2987, 0x0883, 0x0041, 0x0041, 0x0841, 0x0062, 0x426A, 0x530D, 0x08E4, 0x00A3,
  0x1945, 0x08A3, 0x08A3, 0x0042, 0x10E4, 0x0041, 0x0041, 0x0862, 0x0861, 0x0041, 0x0041, 0x0882,
  0x10C4, 0x10C4, 0x08A4, 0x0084, 0x0042, 0x0842, 0x0862, 0x0041, 0x0041, 0x0861, 0x0041, 0x0041,
  0x10C3, 0x1925, 0x2166, 0x29A7, 0x3209, 0x4AAC, 0x52EE, 0x2187, 0x08C3, 0x52AA, 0x28E3, 0x30C2,
  0x9309, 0xAB49, 0x8A23, 0x8A02, 0x81E0, 0x79C0, 0x9262, 0xAAA3, 0xBAC3, 0xCB85, 0xEC89, 0xFD4C,
  0xFD8D, 0xFDCD, 0xFD8C, 0xFD4B, 0xF4E9, 0xF4C9, 0xF4C9, 0xFCC9, 0xFD09, 0xF569, 0xFDEB, 0xFE6C,
  0xFF6E, 0xFF8E, 0xFF8D, 0xFFAE, 0xFF6E, 0xF64B, 0xDCC7, 0xD344, 0xDB85, 0xE3C6, 0xBAC3, 0x9A00,
  0x89C0, 0x9A22, 0xB2A3, 0xCB44, 0xEC67, 0xF4C9, 0xFD4B, 0xFD6B, 0xFD2A, 0xF489, 0xDB85, 0xB2A2,
  0x9202, 0x89E2, 0xA2C4, 0x61C3, 0x41A5, 0x41C7, 0x41C7, 0x39C7, 0x3145, 0x3987, 0x2945, 0x2105,
  0x18E4, 0x18E4, 0x2966, 0x10A3, 0x2146, 0x73B0, 0x73D0, 0x7C11, 0x18E4, 0x0862, 0x10A3, 0x0001,
  0x0862, 0x1083, 0x0862, 0x0041, 0x0882, 0x0861, 0x0862, 0x0882, 0x0862, 0x0863, 0x0883, 0x0863,
  0x0883, 0x0883, 0x08A3, 0x08A3, 0x10A3, 0x10A3, 0x0883, 0x1082, 0x1082, 0x1082, 0x1062, 0x1082,
  0x1082, 0x10A3, 0x18E4, 0x10C3, 0x18E4, 0x2125, 0x2145, 0x2966, 0x2125, 0x18E4, 0x10A3, 0x10A3,
  0x1082, 0x0882, 0x1082, 0x18E3, 0x4AAC, 0x42AD, 0x3A2B, 0x39E8, 0x51C6, 0x9309, 0xA2E7, 0xA2C6,
  0xA2A5, 0xAAC5, 0xB305, 0xB2C5, 0xBAE5, 0xAA84, 0x9202, 0x8203, 0x7A05, 0x59A5, 0x51C6, 0x4144,
  0x7A04, 0xA2E5, 0xDCCA, 0xFF0D, 0xFF4C, 0xF74C, 0xFF2E, 0xFECD, 0xFE0C, 0xF529, 0xEC67, 0xE427,
  0xE4E8, 0xFF4D, 0xFFAC, 0xFFCC, 0xFFCB, 0xFF8A, 0xFF4A, 0xFF2A, 0xFF09, 0xFEE9, 0xFEE9, 0xFEEA,
  0xFEEA, 0xFEAB, 0xFEAB, 0xFE6C, 0xFE2B, 0xF50A, 0xE448, 0xE3E6, 0xE3E6, 0xE407, 0xE428, 0xE408,
  0x0862, 0x0041, 0x0861, 0x0862, 0x0882, 0x1083, 0x0882, 0x0882, 0x1905, 0x1126, 0x5B6F, 0x63B0,
  0x534F, 0x534F, 0x63D2, 0x63D2, 0x3A6C, 0x1967, 0x29E9, 0x3A4A, 0x3209, 0x29E8, 0x2166, 0x0062,
  0x0062, 0x08A3, 0x2146, 0x10C3, 0x0041, 0x0041, 0x0841, 0x0041, 0x4A8B, 0x29C8, 0x00C4, 0x08E4,
  0x2166, 0x08A3, 0x08A3, 0x0042, 0x18E4, 0x0041, 0x0041, 0x0861, 0x0841, 0x0041, 0x0041, 0x0882,
  0x10C4, 0x08A3, 0x08A4, 0x10C4, 0x0041, 0x0021, 0x0862, 0x0041, 0x0041, 0x0862, 0x0882, 0x0041,
  0x18E4, 0x2166, 0x2145, 0x1925, 0x10C4, 0x4A8B, 0x632E, 0x4229, 0x10C2, 0x3985, 0x6A89, 0x48E1,
  0x79C4, 0x9264, 0x79C1, 0x9242, 0xA303, 0xB324, 0xC3A7, 0xF4CB, 0xE469, 0xF4CA, 0xECCA, 0xFD4C,
  0xFDAC, 0xFD8C, 0xF4EA, 0xF4A9, 0xF4A8, 0xE447, 0xEC47, 0xF448, 0xF488, 0xF4E8, 0xF549, 0xF5EB,
  0xFF6E, 0xFF8E, 0xFFAD, 0xFFCE, 0xFF8E, 0xFECD, 0xF5CB, 0xDBC6, 0xF448, 0xEBE7, 0xC2E3, 0xB2C3,
  0x9A20, 0xAA41, 0xB2C3, 0xD3A5, 0xF4A8, 0xFCE9, 0xFD4A, 0xFD2A, 0xFD09, 0xF488, 0xCB43, 0x9A00,
  0x7160, 0x7140, 0xC3C9, 0xC4AE, 0x49E6, 0x3165, 0x3186, 0x2945, 0x2945, 0x20E4, 0x1083, 0x0862,
  0x0882, 0x0862, 0x0862, 0x0863, 0x5AED, 0x94B4, 0x94B4, 0x94B4, 0x2967, 0x0863, 0x0001, 0x0842,
  0x0022, 0x2987, 0x0041, 0x0882, 0x0041, 0x10A2, 0x0861, 0x0862, 0x0862, 0x1083, 0x0883, 0x0862,
  0x0862, 0x0842, 0x0862, 0x0882, 0x1083, 0x0883, 0x0882, 0x1062, 0x1062, 0x1083, 0x1083, 0x1082,
  0x1082, 0x10A3, 0x10C3, 0x10A3, 0x10A3, 0x18E4, 0x10C3, 0x0862, 0x10A2, 0x0882, 0x10A3, 0x10A3,
  0x10A3, 0x10C3, 0x10A3, 0x2145, 0x530E, 0x4AAD, 0x424B, 0x730C, 0xBC2D, 0xB348, 0xCB46, 0xCB66,
  0xD3A7, 0xE428, 0xDBE8, 0xC345, 0xC325, 0xBB24, 0xA282, 0x89E1, 0x6962, 0x5144, 0x4985, 0x4165,
  0x8203, 0xBB87, 0xED2B, 0xFF0D, 0xFF8D, 0xF76D, 0xFF2E, 0xFEAD, 0xED29, 0xECA8, 0xE447, 0xE427,
  0xF56A, 0xFF6E, 0xFFCD, 0xFFEC, 0xFFCC, 0xFF8B, 0xFF4A, 0xFF2A, 0xFF09, 0xFEE9, 0xFEEA, 0xFECA,
  0xFEAB, 0xFE6C, 0xFDCB, 0xF56A, 0xECE9, 0xE448, 0xE3E7, 0xE3E7, 0xF428, 0xF4AA, 0xF4AA, 0xE408,
  0x0882, 0x0882, 0x0882, 0x10A3, 0x10A3, 0x10A3, 0x10C3, 0x10A3, 0x08A3, 0x08A3, 0x2166, 0x4AAB,
  0x532E, 0x5B8F, 0x5BB0, 0x63D1, 0x63B0, 0x3A4A, 0x1105, 0x08C4, 0x08A3, 0x0062, 0x0041, 0x0041,
  0x0042, 0x10C4, 0x1905, 0x10E4, 0x0021, 0x0041, 0x0841, 0x0862, 0x29A7, 0x29A8, 0x0905, 0x08E4,
  0x1925, 0x10E4, 0x10A3, 0x0062, 0x1904, 0x0041, 0x0041, 0x0041, 0x0841, 0x0861, 0x0041, 0x0862,
  0x10C3, 0x10A3, 0x10A3, 0x10A3, 0x10A3, 0x0021, 0x0041, 0x10A3, 0x0041, 0x08A3, 0x10E4, 0x10C3,
  0x18E4, 0x1083, 0x08A3, 0x08A2, 0x0041, 0x1082, 0x4A29, 0x72CA, 0x3923, 0x4143, 0x82E9, 0xAB8B,
  0x9264, 0x81A0, 0x9222, 0x9221, 0xAAC2, 0xCBA6, 0xD3E8, 0xFDEF, 0xF5CD, 0xF52B, 0xED0A, 0xED4B,
  0xFDED, 0xFD8C, 0xECC9, 0xEC88, 0xEC47, 0xE427, 0xE3E6, 0xE3C6, 0xEC06, 0xEC67, 0xECA7, 0xED69,
  0xFF6E, 0xFF8E, 0xFFCD, 0xFFCD, 0xFFAE, 0xFF2E, 0xFE2C, 0xD385, 0xCB04, 0xC2E3, 0xC2E3, 0xBAE3,
  0xAA61, 0xBA82, 0xCB86, 0xEC89, 0xFD4A, 0xFD4A, 0xFD4A, 0xF50A, 0xFD09, 0xDC06, 0xB2C2, 0x9A21,
  0x7981, 0x7161, 0xBB87, 0xB40B, 0x3943, 0x18E4, 0x18C3, 0x1082, 0x1082, 0x0862, 0x0882, 0x2125,
  0x31A7, 0x4249, 0x4A8B, 0x4AAB, 0x8473, 0x8CB4, 0x8453, 0x8CB4, 0x426B, 0x2167, 0x424A, 0x52ED,
  0x636F, 0x530E, 0x73D0, 0x0042, 0x10C3, 0x0861, 0x0861, 0x0861, 0x0862, 0x0862, 0x0861, 0x0861,
  0x0881, 0x0861, 0x0861, 0x0861, 0x0861, 0x0082, 0x0882, 0x0882, 0x1082, 0x1082, 0x0882, 0x0883,
  0x0882, 0x10A2, 0x10C3, 0x0882, 0x10A3, 0x0882, 0x0882, 0x10A3, 0x10C3, 0x10A2, 0x0882, 0x10A3,
  0x10A3, 0x10A2, 0x10A3, 0x3A6A, 0x42EE, 0x428D, 0x31C8, 0x72EA, 0xDC8B, 0xD3C7, 0xDC08, 0xD3E7,
  0xDC27, 0xE448, 0xDC47, 0xD3C6, 0xD3E6, 0xCBE6, 0xC364, 0xA283, 0x71A2, 0x5143, 0x4165, 0x4185,
  0x71A2, 0xBB66, 0xECCA, 0xFF0F, 0xFF4D, 0xFF6E, 0xFEEE, 0xFE2C, 0xF4C9, 0xEC67, 0xDBA5, 0xC323,
  0xED2A, 0xFF6E, 0xFFCD, 0xFFCC, 0xFFAC, 0xFF8B, 0xFF4A, 0xFF2A, 0xFF0A, 0xFEEA, 0xFEEA, 0xFEAB,
  0xFE8C, 0xF58A, 0xD446, 0xCB86, 0xCB65, 0xCB45, 0xD345, 0xDB66, 0xEBE7, 0xEC69, 0xE428, 0xCB86,
  0x0041, 0x0041, 0x0041, 0x0041, 0x0041, 0x0062, 0x0062, 0x0062, 0x0062, 0x0862, 0x0062, 0x08A3,
  0x0082, 0x0883, 0x08A3, 0x10C4, 0x08C4, 0x0883, 0x0883, 0x0883, 0x0882, 0x0062, 0x0062, 0x0041,
  0x0062, 0x10C4, 0x1125, 0x1946, 0x0041, 0x0861, 0x0041, 0x0042, 0x0883, 0x2146, 0x2166, 0x10E4,
  0x1104, 0x1945, 0x10E4, 0x08A3, 0x2125, 0x0841, 0x0841, 0x0041, 0x0041, 0x0041, 0x0041, 0x0862,
  0x10A3, 0x08A3, 0x08A3, 0x0882, 0x10C3, 0x1905, 0x18E4, 0x1904, 0x10C4, 0x10A3, 0x10A3, 0x0883,
  0x0062, 0x0821, 0x1061, 0x1082, 0x0862, 0x1062, 0x28A2, 0xA308, 0xB3C9, 0xB367, 0xDC6B, 0xB326,
  0xB305, 0xAA82, 0xE44A, 0xDC29, 0xD408, 0xD3E7, 0xF50B, 0xFDAD, 0xFE0F, 0xFE6F, 0xFE4E, 0xFE6F,
  0xE4E9, 0xFD0A, 0xFCCA, 0xF469, 0xEC29, 0xDB86, 0xD324, 0xD324, 0xCB23, 0xCB23, 0xC364, 0xD426,
  0xFE8D, 0xFFAF, 0xFFAE, 0xFFCD, 0xFFAE, 0xFF4E, 0xF5AA, 0xC304, 0x9180, 0x9A01, 0xAA83, 0xB261,
  0xC324, 0xDC27, 0xED2A, 0xF5AC, 0xFE0C, 0xFD8A, 0xFD6A, 0xF4C8, 0xFCEA, 0xD385, 0xA241, 0x89A1,
  0x89C1, 0x9A20, 0xBBC8, 0x40E1, 0x3166, 0x1904, 0x1904, 0x2125, 0x2145, 0x2125, 0x2966, 0x4249,
  0x424A, 0x52CC, 0x632D, 0x636F, 0x636E, 0x6B8F, 0x632E, 0x5B4E, 0x63B0, 0x638F, 0x8473, 0x7411,
  0x7411, 0x6BD0, 0x636F, 0x5B2D, 0x0022, 0x08A3, 0x0882, 0x0862, 0x0861, 0x0882, 0x0062, 0x0062,
  0x0062, 0x0062, 0x0062, 0x0062, 0x0062, 0x0862, 0x0882, 0x0882, 0x0882, 0x0882, 0x0882, 0x0882,
  0x10A2, 0x10A3, 0x0882, 0x0882, 0x10A2, 0x10A2, 0x10A2, 0x10A3, 0x1083, 0x1082, 0x10A3, 0x10A3,
  0x10A3, 0x1904, 0x39E9, 0x428C, 0x3A8C, 0x324A, 0x39C7, 0x7AE9, 0xCBE8, 0xF4AA, 0xF4EB, 0xECEB,
  0xFDCD, 0xFE90, 0xFE8F, 0xFE6E, 0xFE6E, 0xFEAF, 0xED8B, 0xCC47, 0xA304, 0x79E3, 0x5122, 0x38E4,
  0x6961, 0x9A84, 0xBB66, 0xED4B, 0xED8C, 0xED6B, 0xF54A, 0xECA7, 0xEC68, 0xEC48, 0xDBA6, 0xD365,
  0xD3E5, 0xF60B, 0xFF2D, 0xFF8D, 0xFF8C, 0xFF8C, 0xFF0A, 0xFEEA, 0xFEEB, 0xF6CA, 0xFE8B, 0xFDEB,
  0xDC68, 0xBB25, 0xB2E3, 0xAA62, 0xC2A4, 0xBAA4, 0xCB25, 0xD387, 0xE3C7, 0xE407, 0xDBE8, 0xAAE4,
  0x0041, 0x0041, 0x0041, 0x0041, 0x0041, 0x0041, 0x0041, 0x0041, 0x0041, 0x0042, 0x0042, 0x0862,
  0x0882, 0x0882, 0x0882, 0x0882, 0x0862, 0x10E4, 0x10E4, 0x10A3, 0x08A3, 0x0882, 0x0062, 0x0842,
  0x0021, 0x10C4, 0x1105, 0x1946, 0x0062, 0x0041, 0x0041, 0x0041, 0x0862, 0x1925, 0x2166, 0x1104,
  0x1104, 0x1946, 0x1105, 0x10C4, 0x1905, 0x0841, 0x0841, 0x0861, 0x0061, 0x0041, 0x0061, 0x0062,
  0x08A3, 0x08A3, 0x08A3, 0x08A2, 0x0882, 0x10C4, 0x18E4, 0x0883, 0x0883, 0x0862, 0x0862, 0x0042,
  0x0862, 0x1061, 0x1062, 0x0862, 0x08A3, 0x1083, 0x41A5, 0xAB48, 0xDCAC, 0xCC08, 0xF52D, 0xF52E,
  0xCBA8, 0xC3A7, 0xDC29, 0xDC4A, 0xFD6F, 0xFD4E, 0xFD6C, 0xFD4C, 0xED0C, 0xFDAD, 0xFE0E, 0xF5AD,
  0xD427, 0xE447, 0xF468, 0xF489, 0xE408, 0xD345, 0xC2C3, 0xB281, 0xB261, 0xBAC2, 0xBAC3, 0xBB44,
  0xE549, 0xFF6F, 0xFFCE, 0xFFCE, 0xF7AE, 0xFF2D, 0xED49, 0xCB45, 0x9A21, 0x91E1, 0x91C0, 0xAA21,
  0xD365, 0xE488, 0xFDED, 0xFE8E, 0xFE6D, 0xFE0B, 0xFD8A, 0xFCC8, 0xF488, 0xC324, 0xA222, 0x91E2,
  0xA283, 0xB2C2, 0xB3A7, 0x5184, 0x20E5, 0x18E4, 0x1904, 0x18E4, 0x10C3, 0x18E4, 0x10A3, 0x1904,
  0x1905, 0x1905, 0x18E4, 0x10E4, 0x1905, 0x1925, 0x2166, 0x2167, 0x31E8, 0x426A, 0x3A29, 0x428B,
  0x4ACC, 0x4ACC, 0x428B, 0x5B2D, 0x2987, 0x0021, 0x0862, 0x0862, 0x0862, 0x0862, 0x0062, 0x0062,
  0x0062, 0x0062, 0x0062, 0x0062, 0x0062, 0x0862, 0x0882, 0x0882, 0x0882, 0x0882, 0x0882, 0x0882,
  0x0882, 0x10A2, 0x10A2, 0x0882, 0x0882, 0x0882, 0x0882, 0x10A2, 0x1083, 0x1083, 0x0862, 0x0883,
  0x10C4, 0x2987, 0x4A8B, 0x4A8C, 0x322B, 0x29E9, 0x31A6, 0x7AE9, 0xD44A, 0xD408, 0xF50B, 0xFDAD,
  0xF5CC, 0xFE8F, 0xFECF, 0xFECE, 0xFECE, 0xFF0F, 0xFF0F, 0xFEAE, 0xDCE9, 0xA305, 0x6982, 0x4104,
  0x5921, 0x9284, 0xBB25, 0xF4C9, 0xFD2B, 0xECC9, 0xEC88, 0xF4A8, 0xF489, 0xF489, 0xE407, 0xD3A5,
  0xDBE5, 0xF5AA, 0xFEAD, 0xFF4D, 0xFF4C, 0xFF6C, 0xFF0B, 0xFEAA, 0xFEAB, 0xFEAB, 0xF5CA, 0xDC67,
  0xC325, 0xB284, 0x9A21, 0xAAA3, 0xBAE5, 0xBAA3, 0xCB25, 0xDBC7, 0xEC28, 0xEC48, 0xE429, 0xB326,
  0x0841, 0x0041, 0x0041, 0x0041, 0x0041, 0x0041, 0x0041, 0x0041, 0x0041, 0x0041, 0x0041, 0x0842,
  0x0041, 0x0842, 0x0842, 0x0862, 0x0882, 0x0062, 0x0882, 0x10A3, 0x0882, 0x0882, 0x0882, 0x0862,
  0x0021, 0x08A3, 0x1925, 0x1946, 0x1905, 0x0021, 0x0021, 0x0842, 0x0042, 0x10C3, 0x2146, 0x1104,
  0x10E4, 0x1125, 0x1125, 0x1925, 0x1905, 0x0862, 0x0862, 0x0861, 0x0861, 0x0041, 0x0041, 0x0862,
  0x10A3, 0x10A3, 0x08A3, 0x0882, 0x0882, 0x0862, 0x0882, 0x0041, 0x0882, 0x0862, 0x0882, 0x0862,
  0x1083, 0x18A2, 0x10A2, 0x08A2, 0x00A3, 0x08C2, 0x2902, 0x9AE7, 0xC40A, 0xAB45, 0x8A22, 0xBB88,
  0xCC0A, 0xED4E, 0xE4AB, 0xE4AB, 0xE48B, 0xD408, 0xCBE7, 0xE4CA, 0xD428, 0xDC28, 0xDC49, 0xBB66,
  0xA2A3, 0xBB04, 0xD3A6, 0xD3A5, 0xD3A6, 0xC303, 0xAA62, 0xAA41, 0xA262, 0xAA82, 0xAA82, 0xBB03,
  0xCC06, 0xFECE, 0xFF8E, 0xFFAE, 0xF7AE, 0xFF2E, 0xF549, 0xD366, 0xAA83, 0x9A42, 0x9A21, 0xC2E4,
  0xEC68, 0xFD4B, 0xFE8F, 0xFEF0, 0xFE6D, 0xFE0C, 0xFD6A, 0xFCE9, 0xF489, 0xBAE3, 0x91E0, 0x8160,
  0x9A43, 0xB304, 0xC40A, 0x51A5, 0x18A3, 0x10A3, 0x18E3, 0x18E3, 0x0882, 0x10C3, 0x0882, 0x0862,
  0x0882, 0x0883, 0x0882, 0x0882, 0x0862, 0x0862, 0x0883, 0x08A3, 0x0883, 0x08A3, 0x10C3, 0x08C3,
  0x10C4, 0x1925, 0x29C8, 0x31E8, 0x426A, 0x10E4, 0x0862, 0x0862, 0x0861, 0x0861, 0x0862, 0x0862,
  0x0862, 0x0862, 0x0862, 0x0862, 0x0862, 0x0862, 0x0882, 0x0882, 0x0882, 0x0882, 0x0882, 0x0882,
  0x0882, 0x0882, 0x0882, 0x0882, 0x0882, 0x0882, 0x0882, 0x10A2, 0x10A3, 0x0882, 0x0882, 0x10C4,
  0x3A2A, 0x634F, 0x6BB0, 0x52ED, 0x4AAD, 0x322A, 0x39C8, 0x6248, 0xCC6D, 0xC388, 0xD449, 0xDC89,
  0xFDCD, 0xF5EB, 0xF60B, 0xFE8D, 0xFE6C, 0xFE8D, 0xFEED, 0xFF2E, 0xFECE, 0xE52A, 0xA2E5, 0x6182,
  0x6183, 0x8A24, 0xCB87, 0xFC88, 0xFCC9, 0xEC48, 0xD3A5, 0xCB85, 0xD385, 0xDC07, 0xEC48, 0xEC68,
  0xF4A8, 0xFDAB, 0xFE4C, 0xFF0D, 0xFF4D, 0xFF2C, 0xFECB, 0xFE8B, 0xFE4B, 0xF5A9, 0xD447, 0xC345,
  0xAA43, 0x99E2, 0x9201, 0xB325, 0xC367, 0xCB44, 0xBAC3, 0xBAE4, 0xDBC7, 0xEC29, 0xF46B, 0xCB89,
  0x0841, 0x0841, 0x0841, 0x0841, 0x0841, 0x0841, 0x0841, 0x0841, 0x0841, 0x0841, 0x0842, 0x0841,
  0x0041, 0x0841, 0x0841, 0x0841, 0x0041, 0x0062, 0x0041, 0x0041, 0x0862, 0x0862, 0x0862, 0x0862,
  0x0041, 0x0883, 0x1925, 0x10E4, 0x29A7, 0x0041, 0x0042, 0x0041, 0x0042, 0x10C3, 0x1925, 0x1925,
  0x10E4, 0x1105, 0x1125, 0x2146, 0x10E4, 0x0842, 0x0862, 0x0861, 0x0061, 0x0041, 0x0041, 0x0862,
  0x10A3, 0x10A3, 0x08A3, 0x0882, 0x0882, 0x0862, 0x0862, 0x0862, 0x0862, 0x0862, 0x0882, 0x0862,
  0x1082, 0x1082, 0x1082, 0x08C3, 0x10C3, 0x2103, 0x20A0, 0x7226, 0xA369, 0xA327, 0x79A0, 0x60E0,
  0x8A22, 0xB366, 0xB366, 0xB346, 0x8A02, 0x9222, 0xAAE3, 0xC365, 0xC366, 0xC346, 0x9A23, 0x7181,
  0x8223, 0x9243, 0xAAA3, 0xAAA2, 0xB2E3, 0xAA61, 0x9A01, 0x9201, 0xA262, 0xAA82, 0xB282, 0xCB24,
  0xD3C6, 0xF5EC, 0xFF6F, 0xFF8F, 0xF78F, 0xFF0F, 0xFD6B, 0xCB46, 0x9A22, 0x9201, 0xA262, 0xC324,
  0xEC88, 0xFD8C, 0xFEAF, 0xFF10, 0xFECE, 0xFE0C, 0xF52A, 0xF4A9, 0xEC07, 0xB2A3, 0x9A43, 0x89E2,
  0x9A63, 0xB346, 0x71E2, 0x28A1, 0x18C3, 0x10A2, 0x10C3, 0x10C3, 0x10A3, 0x10A2, 0x10A3, 0x0882,
  0x0883, 0x08A3, 0x0883, 0x0882, 0x10A3, 0x10C3, 0x0882, 0x0882, 0x1083, 0x0882, 0x0882, 0x0882,
  0x0882, 0x08A2, 0x0862, 0x18E4, 0x10E4, 0x10E4, 0x0862, 0x0861, 0x0862, 0x0862, 0x0862, 0x0862,
  0x0862, 0x0862, 0x0862, 0x0862, 0x0862, 0x0862, 0x0882, 0x0882, 0x0882, 0x0882, 0x0882, 0x0882,
  0x0882, 0x0882, 0x0882, 0x0862, 0x0882, 0x0882, 0x0882, 0x0882, 0x0862, 0x0862, 0x1905, 0x3A2A,
  0x5B4F, 0x634F, 0x5B2F, 0x5B2E, 0x5B2F, 0x4AAD, 0x424A, 0x836E, 0xB40E, 0x9AC8, 0xD40B, 0xCBC9,
  0xD3E8, 0xF4E9, 0xECC8, 0xFD4A, 0xF54A, 0xF58A, 0xFEED, 0xF74C, 0xFEED, 0xF5AA, 0xD407, 0x8A63,
  0x5921, 0x6962, 0xAAE6, 0xC325, 0xD3C7, 0xDBE8, 0xD3C8, 0xD386, 0xCB65, 0xCB64, 0xD3A5, 0xD3C5,
  0xDC06, 0xF56A, 0xFE2C, 0xFEAD, 0xFF4E, 0xFF4D, 0xFECC, 0xFE6C, 0xFDCB, 0xECE8, 0xDBE7, 0xB2A4,
  0x99C2, 0xA203, 0xAA83, 0xE449, 0xEC8A, 0xE408, 0xCB66, 0xBB26, 0xC388, 0xCBEA, 0xD42C, 0xC3CC,
  0x0862, 0x0041, 0x0862, 0x0841, 0x0041, 0x0841, 0x0841, 0x0841, 0x0841, 0x0021, 0x0021, 0x0041,
  0x0841, 0x0841, 0x0841, 0x0841, 0x0041, 0x0041, 0x0041, 0x0041, 0x0041, 0x0041, 0x0041, 0x0041,
  0x0862, 0x0862, 0x1105, 0x10C4, 0x31C8, 0x0883, 0x0062, 0x0021, 0x0062, 0x08A3, 0x1925, 0x1905,
  0x10E4, 0x1105, 0x1105, 0x2166, 0x0883, 0x0842, 0x0841, 0x0861, 0x0061, 0x0862, 0x0041, 0x0862,
  0x10A3, 0x1083, 0x0882, 0x0882, 0x0862, 0x0862, 0x0862, 0x0862, 0x0862, 0x0882, 0x0882, 0x0882,
  0x08A2, 0x1082, 0x1082, 0x0862, 0x1062, 0x4164, 0x51A5, 0x3902, 0x2840, 0x71E2, 0x8A64, 0x7160,
  0x9AA4, 0xD449, 0x8A84, 0x5900, 0x6100, 0x7980, 0x89E0, 0xAAA2, 0xB2A3, 0x9222, 0x6120, 0x5121,
  0x5983, 0x69C2, 0x81E1, 0x9201, 0x9A42, 0x91E1, 0x81A0, 0x89E1, 0x9A22, 0xA242, 0xB282, 0xD345,
  0xDBC6, 0xED2A, 0xFE8D, 0xFF50, 0xFF70, 0xFEAE, 0xFD4B, 0xC305, 0x9201, 0x81C0, 0x9A42, 0xC304,
  0xF4EA, 0xFDAD, 0xF66E, 0xFEF0, 0xFECF, 0xF58B, 0xE467, 0xE427, 0xD386, 0x9A42, 0x9201, 0x9202,
  0x81C0, 0xAB27, 0x7A87, 0x49A5, 0x1082, 0x10C3, 0x10C3, 0x10C3, 0x10C3, 0x10A3, 0x18C4, 0x0882,
  0x0882, 0x0882, 0x0882, 0x10A3, 0x10A3, 0x0882, 0x1083, 0x0862, 0x0862, 0x0862, 0x0861, 0x1082,
  0x1082, 0x1082, 0x10A3, 0x10A3, 0x10A3, 0x10A3, 0x0862, 0x0041, 0x0041, 0x0862, 0x0862, 0x0862,
  0x0862, 0x0861, 0x0862, 0x0862, 0x0862, 0x0862, 0x0862, 0x0862, 0x0862, 0x0862, 0x0862, 0x0862,
  0x0882, 0x0882, 0x0882, 0x0882, 0x0882, 0x0882, 0x0882, 0x0882, 0x10C3, 0x1925, 0x3A09, 0x4ACC,
  0x530E, 0x52ED, 0x428C, 0x3A09, 0x29C9, 0x29A8, 0x31A8, 0x3166, 0xAC51, 0x8AEA, 0x8A67, 0x9266,
  0xBB89, 0xDC29, 0xDC08, 0xDC28, 0xE469, 0xF4E9, 0xF6AD, 0xF74D, 0xFF4E, 0xFE8D, 0xFD4B, 0xAB24,
  0x7181, 0x6100, 0x71A3, 0x71A3, 0x7A24, 0x8A04, 0xA264, 0xCB25, 0xE448, 0xF4EA, 0xECA9, 0xE467,
  0xDC06, 0xDCA7, 0xE529, 0xFE4C, 0xFF0E, 0xFF0E, 0xFEAD, 0xFDEC, 0xFD4B, 0xDC07, 0xAAA3, 0x9A02,
  0x91E2, 0xA244, 0xB284, 0xF48B, 0xFCCC, 0xEC2B, 0xC348, 0x9A86, 0x8246, 0x9329, 0xA3AC, 0x8B4C,
  0x0882, 0x0862, 0x0862, 0x0862, 0x0862, 0x0842, 0x0842, 0x0041, 0x0041, 0x0861, 0x0861, 0x0861,
  0x0041, 0x0041, 0x0041, 0x0041, 0x0041, 0x0041, 0x0041, 0x0041, 0x0041, 0x0041, 0x0041, 0x0041,
  0x0041, 0x0042, 0x10C4, 0x1905, 0x29A7, 0x1905, 0x0062, 0x0041, 0x0041, 0x08A3, 0x10E4, 0x1104,
  0x10E4, 0x1105, 0x1966, 0x1946, 0x0042, 0x0842, 0x0841, 0x0861, 0x0061, 0x0842, 0x0041, 0x0862,
  0x10A3, 0x1083, 0x0882, 0x0862, 0x0862, 0x0862, 0x0862, 0x0862, 0x0882, 0x0882, 0x0882, 0x0882,
  0x0882, 0x0861, 0x1082, 0x18A3, 0x1021, 0x5984, 0x48C1, 0x4964, 0x3080, 0x50E0, 0x8203, 0xB348,
  0xCC0A, 0xA2E5, 0x61A2, 0x5921, 0x71C3, 0x9285, 0xA2C4, 0xB2E3, 0xB2A3, 0x8A22, 0x5100, 0x40C0,
  0x40E1, 0x5941, 0x6141, 0x71A2, 0x81E2, 0x81C1, 0x89E1, 0xA283, 0xAAA3, 0xB2A2, 0xB2C3, 0xDBA6,
  0xEC48, 0xE4C9, 0xE54A, 0xFE4D, 0xFF10, 0xFE6E, 0xFD2B, 0xAAA4, 0x7980, 0x7140, 0x89E1, 0xBB04,
  0xF4EA, 0xFD8C, 0xF5ED, 0xFE8F, 0xFE2D, 0xED09, 0xD3A5, 0xCB04, 0xB282, 0x89C1, 0x89C0, 0x89E0,
  0x81A0, 0x8203, 0x4102, 0x20A2, 0x18E3, 0x18E3, 0x10C3, 0x10C3, 0x10C3, 0x18E3, 0x18E4, 0x18E4,
  0x18E4, 0x18E4, 0x18E4, 0x18E4, 0x10C3, 0x10A3, 0x10C3, 0x10A3, 0x10A3, 0x10A2, 0x1082, 0x1082,
  0x1082, 0x1082, 0x0882, 0x0882, 0x0862, 0x0862, 0x0882, 0x0862, 0x0861, 0x0862, 0x0862, 0x0862,
  0x0862, 0x0861, 0x0862, 0x0862, 0x0862, 0x0862, 0x0862, 0x0862, 0x0862, 0x0862, 0x0862, 0x0862,
  0x0862, 0x0862, 0x0862, 0x0862, 0x0862, 0x0862, 0x0862, 0x0882, 0x18E4, 0x2146, 0x31C8, 0x31E9,
  0x3209, 0x31E9, 0x31E9, 0x31E9, 0x29C8, 0x29A8, 0x29A7, 0x2925, 0x41A7, 0x41A6, 0x49A6, 0x4964,
  0x61E5, 0x7A24, 0x8A43, 0x9243, 0xAAE4, 0xBB64, 0xF5EC, 0xFEEE, 0xFF2E, 0xFECD, 0xFE2D, 0xD467,
  0xA2C4, 0x7181, 0x6182, 0x4123, 0x4964, 0x5922, 0x8161, 0xAA21, 0xDC07, 0xFD2B, 0xFD8C, 0xFDAC,
  0xFD8B, 0xF5AB, 0xF5AB, 0xF60B, 0xFE8D, 0xFE8C, 0xF5EB, 0xED0A, 0xE428, 0xC325, 0x9A42, 0x8A03,
  0x8A24, 0x9AA6, 0xBB07, 0xEC2B, 0xFCCD, 0xDC0D, 0xA2C8, 0x69C6, 0x51E7, 0x5A68, 0x4A07, 0x4208,
  0x08C4, 0x08A3, 0x10A3, 0x10A3, 0x10A3, 0x08A3, 0x0882, 0x0882, 0x0882, 0x0862, 0x0862, 0x0061,
  0x0041, 0x0041, 0x0041, 0x0041, 0x0041, 0x0041, 0x0041, 0x0041, 0x0041, 0x0041, 0x0041, 0x0861,
  0x0041, 0x0041, 0x08A3, 0x2166, 0x10E4, 0x31E8, 0x0062, 0x0041, 0x0042, 0x08A3, 0x1905, 0x1925,
  0x1104, 0x1105, 0x2186, 0x1925, 0x0062, 0x0842, 0x0841, 0x0861, 0x0061, 0x0842, 0x0041, 0x0862,
  0x1083, 0x0882, 0x0862, 0x0862, 0x0041, 0x0061, 0x0862, 0x0862, 0x0882, 0x0882, 0x0882, 0x0862,
  0x0061, 0x0862, 0x0862, 0x0862, 0x3986, 0x934B, 0xCCAF, 0xD550, 0xD52F, 0xBC0A, 0xA307, 0x9AC7,
  0x8245, 0x7203, 0x4942, 0x59A4, 0x8287, 0x8A45, 0xA2C4, 0xCBA7, 0xD3C7, 0xB305, 0x8222, 0x71C2,
  0x5921, 0x5920, 0x6961, 0x6982, 0x6982, 0x6961, 0x8A02, 0xB2C4, 0xC2E4, 0xC324, 0xC345, 0xEC8A,
  0xEC89, 0xDC88, 0xE488, 0xF56B, 0xFE8F, 0xF5CC, 0xEC89, 0x9A42, 0x7160, 0x6920, 0x8A02, 0xCB46,
  0xFCEB, 0xFD4C, 0xFD8C, 0xFDCD, 0xF50A, 0xEC68, 0xDB65, 0xCB04, 0xB2A3, 0x91E1, 0x9201, 0x9A41,
  0x9A84, 0x7A05, 0x28A3, 0x18E4, 0x10E3, 0x18E4, 0x18E3, 0x18E4, 0x18E3, 0x1904, 0x10C3, 0x18E4,
  0x18E4, 0x18E4, 0x18E3, 0x10C3, 0x10C3, 0x10C3, 0x10C3, 0x18E3, 0x18E3, 0x10C3, 0x10A3, 0x10A3,
  0x10A3, 0x10A3, 0x10A2, 0x10A2, 0x1082, 0x0882, 0x0882, 0x0882, 0x0882, 0x0862, 0x0861, 0x0861,
  0x0861, 0x0861, 0x0862, 0x0862, 0x0862, 0x0862, 0x0862, 0x0862, 0x0862, 0x0862, 0x0882, 0x0862,
  0x0882, 0x0882, 0x0882, 0x0882, 0x0882, 0x10A2, 0x10A3, 0x10A3, 0x10A4, 0x18C4, 0x1905, 0x2146,
  0x2166, 0x2987, 0x2186, 0x2987, 0x2987, 0x2986, 0x2166, 0x29A7, 0x2966, 0x2145, 0x29C7, 0x2966,
  0x3985, 0x5184, 0x71E4, 0x8202, 0xA2A4, 0xBB65, 0xED09, 0xFE8D, 0xFEEE, 0xFF0D, 0xFF0E, 0xF5AB,
  0xDC48, 0xAB04, 0x8A43, 0x4921, 0x4922, 0x5921, 0x81A1, 0xB283, 0xF4AA, 0xFD6C, 0xFDED, 0xFDCC,
  0xFDCC, 0xFE0C, 0xFE2D, 0xF62C, 0xF62C, 0xF62C, 0xED4A, 0xEC88, 0xD3A7, 0xBAC4, 0x8A23, 0x7A24,
  0x61A3, 0x69C4, 0x8A45, 0xBB8A, 0xC3EB, 0x92A8, 0x69E6, 0x49A6, 0x4229, 0x3A08, 0x4208, 0x3A09,
  0x1125, 0x10E4, 0x10C3, 0x08A3, 0x08A3, 0x0882, 0x0882, 0x0062, 0x0062, 0x0081, 0x0061, 0x0061,
  0x0061, 0x0061, 0x0061, 0x0061, 0x0041, 0x0841, 0x0841, 0x0841, 0x0841, 0x0841, 0x0841, 0x0861,
  0x0041, 0x0041, 0x0862, 0x1926, 0x1905, 0x29A7, 0x2186, 0x0041, 0x0042, 0x0882, 0x10E4, 0x1905,
  0x1105, 0x1125, 0x1946, 0x08A3, 0x0042, 0x0842, 0x0841, 0x0861, 0x0061, 0x0041, 0x0841, 0x0842,
  0x1082, 0x0862, 0x0862, 0x0862, 0x0862, 0x0861, 0x0861, 0x0861, 0x0861, 0x0861, 0x0882, 0x0882,
  0x0861, 0x0862, 0x0882, 0x0062, 0x18C2, 0x4141, 0x7223, 0xDD0D, 0xDCCB, 0xBBA8, 0x6940, 0x5901,
  0x40A0, 0x38C0, 0x4964, 0x4944, 0x3860, 0x5900, 0x8201, 0xD3E8, 0xDC08, 0xCB25, 0xB283, 0xA2A5,
  0x8A24, 0x8A45, 0x79E3, 0x5962, 0x48E1, 0x6141, 0x9223, 0xBB04, 0xD344, 0xDBA6, 0xDBE7, 0xFD4D,
  0xFD6C, 0xF56B, 0xFD0A, 0xFD4B, 0xFDED, 0xDCE9, 0xCB85, 0x89E1, 0x7160, 0x6960, 0x9A64, 0xC346,
  0xFCEB, 0xF4EB, 0xF50B, 0xFD4C, 0xEC48, 0xEC07, 0xE386, 0xDB66, 0xB2C3, 0x9A43, 0xA263, 0xB2E3,
  0xA2C4, 0x7A25, 0x28E5, 0x10C4, 0x1104, 0x1904, 0x18E4, 0x18E4, 0x18E4, 0x1904, 0x18E4, 0x18E4,
  0x18E4, 0x18E4, 0x18E4, 0x10C3, 0x10C3, 0x18C3, 0x10A3, 0x10A3, 0x08A3, 0x0882, 0x0882, 0x0882,
  0x0862, 0x0862, 0x0862, 0x0882, 0x0862, 0x0862, 0x0882, 0x10A2, 0x10A2, 0x0882, 0x0882, 0x0882,
  0x0882, 0x0862, 0x1082, 0x1082, 0x1082, 0x0882, 0x0882, 0x0882, 0x0882, 0x10A3, 0x10C3, 0x10C3,
  0x10C3, 0x10C3, 0x10C3, 0x10C3, 0x10C3, 0x10C3, 0x10C3, 0x18C4, 0x18A4, 0x18A4, 0x18C4, 0x18E4,
  0x1904, 0x1904, 0x1904, 0x10E4, 0x1924, 0x1924, 0x2165, 0x1945, 0x1965, 0x2146, 0x2967, 0x3188,
  0x41C8, 0x6A08, 0x8A47, 0xA266, 0xBA84, 0xC345, 0xECC9, 0xFDCB, 0xF64B, 0xF72D, 0xF76E, 0xFE8D,
  0xF52A, 0xDC27, 0xC3A5, 0x8A42, 0x69A1, 0x71A2, 0x9243, 0xBB46, 0xF4AA, 0xECEA, 0xED6A, 0xED6A,
  0xFDAB, 0xFE0C, 0xFE4D, 0xFE8D, 0xFE8D, 0xFE6D, 0xFD8B, 0xE448, 0xD366, 0xBAC4, 0x8204, 0x7205,
  0x59E5, 0x72A8, 0x7A67, 0x8287, 0x8AE9, 0x7AC8, 0x6248, 0x4A49, 0x3A49, 0x424A, 0x4229, 0x4209,
  0x1946, 0x1946, 0x1125, 0x1125, 0x1925, 0x1125, 0x1105, 0x08E4, 0x08C3, 0x08A3, 0x0883, 0x08A3,
  0x0883, 0x0883, 0x0882, 0x0882, 0x0041, 0x0862, 0x0061, 0x0061, 0x0061, 0x0041, 0x0041, 0x0841,
  0x0841, 0x0041, 0x0061, 0x10E3, 0x1945, 0x10E4, 0x29C8, 0x1125, 0x0042, 0x0082, 0x0083, 0x1104,
  0x1925, 0x1945, 0x1905, 0x0042, 0x0862, 0x0861, 0x0861, 0x0862, 0x0861, 0x0861, 0x0861, 0x0861,
  0x0861, 0x0861, 0x0861, 0x0861, 0x0862, 0x0862, 0x0862, 0x0862, 0x0862, 0x0862, 0x0862, 0x0862,
  0x0862, 0x1042, 0x1042, 0x0062, 0x08C3, 0x2881, 0x61A4, 0xA2E7, 0x9285, 0xFDF0, 0xF56E, 0xD4AB,
  0xB3A8, 0xAB47, 0x4943, 0x30E3, 0x1861, 0x6227, 0x92C6, 0xCBA7, 0xEC69, 0xCBA6, 0xCB65, 0xCB25,
  0x9A42, 0x6981, 0x40E0, 0x28A1, 0x4964, 0x81E2, 0xAAC4, 0xCB66, 0xDBC6, 0xEC48, 0xEC69, 0xFD6D,
  0xFE4F, 0xFE4F, 0xFDCD, 0xFD8D, 0xF50C, 0xD3C7, 0xB282, 0x89E1, 0x9201, 0xA222, 0xBAE4, 0xC325,
  0xF4AA, 0xFCCB, 0xEC8A, 0xF48A, 0xDBC7, 0xE3C7, 0xD365, 0xD385, 0xBAE3, 0xA281, 0x9A41, 0xB2C3,
  0xC367, 0xA2E7, 0x4123, 0x18E4, 0x10E4, 0x18E4, 0x10C3, 0x10C3, 0x10C3, 0x10C3, 0x10A3, 0x10A3,
  0x10A2, 0x0882, 0x10A2, 0x0882, 0x0882, 0x0882, 0x0882, 0x0882, 0x0882, 0x0882, 0x0882, 0x0882,
  0x0882, 0x0882, 0x0882, 0x0882, 0x0882, 0x0882, 0x0882, 0x0882, 0x08A2, 0x10A3, 0x08A2, 0x10C3,
  0x10C3, 0x10C3, 0x10E3, 0x10C3, 0x10E3, 0x18C3, 0x18C3, 0x18C3, 0x10C3, 0x18E4, 0x18E4, 0x18E4,
  0x18C3, 0x18E4, 0x18E4, 0x18C3, 0x18E4, 0x18E4, 0x1904, 0x18E4, 0x18E4, 0x18E4, 0x18E4, 0x18E4,
  0x18E4, 0x18E4, 0x18E4, 0x18E4, 0x18E4, 0x1904, 0x1904, 0x1904, 0x2125, 0x2125, 0x2146, 0x2125,
  0x3186, 0x6A69, 0x8288, 0xB307, 0xD386, 0xE448, 0xF5AB, 0xFE6C, 0xFEED, 0xFF4D, 0xFF6D, 0xFF4D,
  0xFF0E, 0xFE6C, 0xF5EB, 0xDCA8, 0xCBC6, 0xBB04, 0xC305, 0xCB46, 0xBB25, 0xCB86, 0xE408, 0xFCEA,
  0xFD4B, 0xFD6B, 0xFD8B, 0xF58A, 0xF5CC, 0xFE2E, 0xED2C, 0xCBC7, 0xBB25, 0xB305, 0x9286, 0x51A4,
  0x2924, 0x2966, 0x3126, 0x3146, 0x2986, 0x2966, 0x2967, 0x2987, 0x31C8, 0x31C8, 0x31E9, 0x3A09,
  0x2187, 0x2187, 0x2166, 0x1946, 0x1925, 0x1946, 0x1925, 0x1125, 0x1905, 0x1904, 0x10E4, 0x10C4,
  0x10C3, 0x10A3, 0x08A3, 0x08A3, 0x0882, 0x0882, 0x0882, 0x0882, 0x0882, 0x0882, 0x0882, 0x0861,
  0x0861, 0x0061, 0x0061, 0x08A2, 0x1945, 0x1125, 0x10E5, 0x3A4A, 0x3208, 0x29C8, 0x3229, 0x1966,
  0x2146, 0x2146, 0x10C3, 0x0041, 0x0862, 0x0861, 0x0861, 0x0862, 0x0861, 0x0862, 0x0862, 0x0862,
  0x0862, 0x0862, 0x0862, 0x0862, 0x0862, 0x0862, 0x0862, 0x0862, 0x0862, 0x0862, 0x0862, 0x0862,
  0x0862, 0x0841, 0x0841, 0x0882, 0x08A2, 0x3923, 0x7247, 0x8A86, 0x6120, 0x8A43, 0x81C0, 0xC3A8,
  0xE4CD, 0xA2C5, 0x38C1, 0x1020, 0x1061, 0x20A1, 0x59C3, 0xAB45, 0xC386, 0xD408, 0xDC08, 0xDC09,
  0xB326, 0x79C1, 0x5940, 0x5121, 0x71C3, 0xB2E6, 0xCB67, 0xE409, 0xE428, 0xECA9, 0xED0B, 0xF58D,
  0xFE8F, 0xFED0, 0xFE2F, 0xFDCE, 0xF4EB, 0xD386, 0xB262, 0xA263, 0xAAA3, 0xBB04, 0xBAC4, 0xB2A3,
  0xEC28, 0xFCEB, 0xFCEB, 0xE428, 0xD365, 0xD345, 0xCB24, 0xCB24, 0xC324, 0xAAC3, 0x9A41, 0x9A21,
  0xBB47, 0x9AC6, 0x4963, 0x20C2, 0x10A3, 0x10A3, 0x10A3, 0x10A2, 0x10A2, 0x10A2, 0x0882, 0x0882,
  0x0882, 0x0882, 0x0882, 0x0882, 0x10A2, 0x0882, 0x0882, 0x10A2, 0x0882, 0x0882, 0x0882, 0x10A3,
  0x10A3, 0x10A3, 0x08A2, 0x10A3, 0x10C3, 0x10A3, 0x10A3, 0x10A3, 0x10A3, 0x10C3, 0x10A3, 0x10C3,
  0x10C3, 0x10C3, 0x10E3, 0x10C3, 0x18E4, 0x18E3, 0x10C3, 0x10C3, 0x18E3, 0x18E3, 0x10E3, 0x10E3,
  0x18E4, 0x18E3, 0x18E3, 0x18E4, 0x18E4, 0x18E4, 0x1904, 0x18E4, 0x18E4, 0x18E4, 0x18E4, 0x18E4,
  0x18E4, 0x18E4, 0x18E4, 0x18E4, 0x18E4, 0x1904, 0x2105, 0x2105, 0x2125, 0x2125, 0x2946, 0x2145,
  0x2986, 0x4165, 0x5964, 0xA307, 0xD3E8, 0xDC89, 0xF60D, 0xFECE, 0xFF4E, 0xFF4E, 0xFF4E, 0xFF4E,
  0xFF2E, 0xFF4F, 0xFF0E, 0xFE8E, 0xFDCD, 0xE4CA, 0xC386, 0xAAA3, 0xAA64, 0xBAE5, 0xCB67, 0xD3A7,
  0xECCA, 0xFDCC, 0xFDCC, 0xED6B, 0xF5AC, 0xF5CC, 0xDC48, 0xCB66, 0xC346, 0xCB67, 0x8266, 0x4164,
  0x2945, 0x2945, 0x2925, 0x2945, 0x2966, 0x2986, 0x2966, 0x2966, 0x2966, 0x2966, 0x2966, 0x3187,
  0x1966, 0x1946, 0x2166, 0x2166, 0x2166, 0x2166, 0x1946, 0x1946, 0x1966, 0x1925, 0x1905, 0x1905,
  0x1905, 0x10E4, 0x10E4, 0x10E4, 0x10E4, 0x08A3, 0x10C3, 0x08A3, 0x0882, 0x0882, 0x0882, 0x0882,
  0x0862, 0x0862, 0x0061, 0x08A2, 0x0882, 0x2166, 0x08E5, 0x1125, 0x3209, 0x3229, 0x2187, 0x10E4,
  0x2187, 0x1925, 0x0862, 0x0042, 0x0041, 0x0861, 0x0861, 0x0862, 0x0861, 0x0862, 0x0862, 0x0862,
  0x0862, 0x0862, 0x0862, 0x0862, 0x0862, 0x0862, 0x0862, 0x0862, 0x0862, 0x0862, 0x0862, 0x0862,
  0x0862, 0x1041, 0x0862, 0x0062, 0x0061, 0x5207, 0x7AC9, 0x936A, 0x5101, 0x8265, 0xC3EB, 0xB327,
  0xE4AC, 0x9221, 0x59C4, 0x3123, 0x0882, 0x10A2, 0x28C1, 0x8263, 0x8A41, 0xCBC7, 0xD3E8, 0xDC09,
  0xD42A, 0xA2C5, 0x79C0, 0x7960, 0xAAC4, 0xD3A8, 0xE3E9, 0xFCAC, 0xFD0C, 0xFD6D, 0xF5AD, 0xEDCC,
  0xF66F, 0xFED0, 0xFE0F, 0xFDAD, 0xECCB, 0xE3E8, 0xD346, 0xBB24, 0xC325, 0xD386, 0xB283, 0xAA21,
  0xDBA7, 0xF449, 0xE429, 0xDBC7, 0xDB86, 0xD325, 0xCB25, 0xD366, 0xCB66, 0xC366, 0xAAA3, 0x9202,
  0xA2E6, 0xA349, 0x3922, 0x18A1, 0x18E3, 0x10A3, 0x10A3, 0x10A3, 0x10A2, 0x10A2, 0x10A2, 0x10A2,
  0x0882, 0x10A2, 0x10A2, 0x10A3, 0x10A3, 0x10A3, 0x10A3, 0x10C3, 0x10C3, 0x10A3, 0x10A3, 0x10C3,
  0x10C3, 0x10C3, 0x10A3, 0x10C3, 0x10C3, 0x10A3, 0x10A3, 0x10A3, 0x10C3, 0x10C3, 0x10C3, 0x10C3,
  0x10C3, 0x10C3, 0x18E3, 0x10C3, 0x18E4, 0x10E3, 0x10E3, 0x18E4, 0x18E4, 0x1904, 0x18E4, 0x18E4,
  0x1904, 0x1904, 0x1904, 0x1904, 0x1904, 0x1924, 0x2125, 0x2104, 0x2104, 0x2125, 0x2125, 0x2145,
  0x2945, 0x2945, 0x2966, 0x2966, 0x3186, 0x3186, 0x3186, 0x3186, 0x31A7, 0x31A7, 0x39A7, 0x31A7,
  0x31C7, 0x3166, 0x4124, 0x9B08, 0xD42A, 0xE50B, 0xFE8F, 0xFF10, 0xFF2F, 0xFF2E, 0xFF4F, 0xFF70,
  0xFF70, 0xFF6F, 0xF74E, 0xFF4E, 0xFEEF, 0xFE2E, 0xD469, 0xB305, 0xA244, 0xA264, 0xC326, 0xCB66,
  0xDC48, 0xF54A, 0xF58C, 0xF5CD, 0xFE0E, 0xFE2E, 0xECC9, 0xDBC8, 0xC347, 0xAAC6, 0x6205, 0x3964,
  0x31A7, 0x2987, 0x3166, 0x3166, 0x2986, 0x2966, 0x2966, 0x2966, 0x3186, 0x3187, 0x31A6, 0x31A6,
  0x2167, 0x2187, 0x1966, 0x1946, 0x1966, 0x2187, 0x2166, 0x1966, 0x2187, 0x2166, 0x2146, 0x2166,
  0x1946, 0x1926, 0x1925, 0x1905, 0x1905, 0x08C3, 0x10E4, 0x08C3, 0x10C3, 0x08A3, 0x08A3, 0x0883,
  0x0883, 0x0882, 0x0082, 0x0082, 0x0082, 0x08A4, 0x2187, 0x00C4, 0x00C4, 0x08E4, 0x10E5, 0x21A7,
  0x1925, 0x0883, 0x0042, 0x0862, 0x0041, 0x0861, 0x0861, 0x0862, 0x0861, 0x0862, 0x0862, 0x0862,
  0x0862, 0x0862, 0x0862, 0x0862, 0x0862, 0x0862, 0x0862, 0x0862, 0x0862, 0x0862, 0x0862, 0x0862,
  0x0842, 0x0841, 0x0861, 0x0061, 0x0882, 0x3165, 0x3944, 0x6AC9, 0x3102, 0x5984, 0x5102, 0x8A66,
  0xCC0B, 0xD46B, 0x61E5, 0x28E2, 0x10C3, 0x0882, 0x2103, 0x7A65, 0x9AE5, 0xBB25, 0xE449, 0xFCED,
  0xFD8F, 0xD46B, 0xAAE4, 0x9A01, 0xC345, 0xE428, 0xEC2A, 0xFD2E, 0xFD2E, 0xFD8E, 0xFDEE, 0xFE2E,
  0xF60E, 0xFE2F, 0xF58D, 0xECEB, 0xF4CB, 0xF4AB, 0xEC29, 0xD3A7, 0xD3C7, 0xCB45, 0xB282, 0xC2C4,
  0xEBE8, 0xF46A, 0xE3E8, 0xE408, 0xE3C7, 0xD366, 0xC2A3, 0xBAC4, 0xAA62, 0xD3C7, 0xB2A3, 0x89C1,
  0x9285, 0x7246, 0x20C2, 0x10C3, 0x10E3, 0x10A3, 0x10A3, 0x10C3, 0x10A3, 0x10A3, 0x10A3, 0x10A3,
  0x10A3, 0x10C3, 0x10A3, 0x10C3, 0x10C3, 0x10C3, 0x10C3, 0x18E4, 0x10C3, 0x10C3, 0x10C3, 0x10C3,
  0x10C3, 0x10C3, 0x18E4, 0x10C3, 0x10C3, 0x10C3, 0x10C3, 0x10C3, 0x10C3, 0x10C3, 0x10A3, 0x10C3,
  0x10C3, 0x10C3, 0x18E3, 0x10C3, 0x10C3, 0x10E4, 0x1904, 0x1904, 0x1904, 0x1904, 0x2125, 0x2125,
  0x2145, 0x2965, 0x2965, 0x2145, 0x2986, 0x3186, 0x31A6, 0x31A6, 0x3186, 0x3186, 0x3186, 0x31A6,
  0x31A6, 0x31A6, 0x3186, 0x3166, 0x39A7, 0x39A7, 0x39A7, 0x39A7, 0x39C7, 0x39C7, 0x39A6, 0x39C7,
  0x31C8, 0x3187, 0x4166, 0x7A87, 0xC44B, 0xED2D, 0xFE0E, 0xFE6E, 0xFE8D, 0xFF0E, 0xFF2F, 0xFF70,
  0xFF70, 0xFF4F, 0xF76E, 0xF72D, 0xFF2F, 0xFEF0, 0xF56C, 0xD429, 0xAA83, 0xB2A4, 0xB2A4, 0xD3A8,
  0xE44A, 0xF52C, 0xFD8D, 0xF5AE, 0xFE0F, 0xF56C, 0xC365, 0xA284, 0x9246, 0x7A06, 0x49C6, 0x39A6,
  0x31E8, 0x31C8, 0x39C8, 0x31A7, 0x31C7, 0x39E8, 0x39C7, 0x39A7, 0x39A7, 0x39C7, 0x39C7, 0x39C7,
  0x2167, 0x2187, 0x2166, 0x1966, 0x1966, 0x2167, 0x1966, 0x2167, 0x2167, 0x2167, 0x2166, 0x2166,
  0x2166, 0x1946, 0x1946, 0x1926, 0x1925, 0x1104, 0x1104, 0x1104, 0x10E4, 0x10E4, 0x08C4, 0x08A3,
  0x08A3, 0x0883, 0x08A2, 0x0082, 0x08A3, 0x0062, 0x10C4, 0x1946, 0x2167, 0x1966, 0x2187, 0x2146,
  0x08A4, 0x0042, 0x0062, 0x0062, 0x0062, 0x0862, 0x0862, 0x0862, 0x0861, 0x0862, 0x0862, 0x0862,
  0x0862, 0x0862, 0x0862, 0x0862, 0x0862, 0x0862, 0x0862, 0x0862, 0x0862, 0x0861, 0x0861, 0x0862,
  0x0862, 0x0861, 0x0882, 0x0882, 0x0862, 0x18A2, 0x20C2, 0x31C6, 0x20E3, 0x3104, 0x4965, 0x4923,
  0x7226, 0x8AC7, 0x6A47, 0x3944, 0x18C3, 0x10A3, 0x18E4, 0x4942, 0x9B07, 0xAAC4, 0xC345, 0xEC8B,
  0xFD8F, 0xFD8F, 0xC3C8, 0xB2E4, 0xE46A, 0xECAA, 0xCB86, 0xEC4A, 0xEC6B, 0xE46A, 0xECEC, 0xFD8E,
  0xF52C, 0xFD2D, 0xFD0C, 0xECAB, 0xFD2D, 0xFCEC, 0xEC8A, 0xECAA, 0xEC8A, 0xCB66, 0xC2C4, 0xE3C8,
  0xEC29, 0xF44A, 0xEC29, 0xE3C8, 0xE3A7, 0xE3C8, 0xC2E4, 0xB2C4, 0xA243, 0xB2C4, 0xA283, 0x9264,
  0x71E4, 0x30C1, 0x10A2, 0x08E4, 0x08C4, 0x10C3, 0x18E3, 0x18E3, 0x18E4, 0x18E3, 0x18E3, 0x18E3,
  0x10C3, 0x10C3, 0x10A3, 0x10C3, 0x10C3, 0x10C3, 0x10A3, 0x0882, 0x10A3, 0x10C3, 0x10C3, 0x10C3,
  0x10C3, 0x10C3, 0x10C3, 0x10C3, 0x10C3, 0x10C3, 0x18E4, 0x18E4, 0x18E4, 0x18E4, 0x2104, 0x2125,
  0x2125, 0x2945, 0x2966, 0x2966, 0x2966, 0x2986, 0x29A6, 0x2986, 0x2986, 0x31A7, 0x31A7, 0x39C8,
  0x31C7, 0x39E8, 0x39E7, 0x39E8, 0x41E8, 0x41E8, 0x4A29, 0x4A08, 0x4A29, 0x5249, 0x5269, 0x5A8A,
  0x5A8A, 0x62CB, 0x5A8A, 0x5A8A, 0x5249, 0x5229, 0x5249, 0x5249, 0x4A29, 0x4A08, 0x49C7, 0x41C7,
  0x39C7, 0x39A8, 0x4186, 0x61E6, 0x8AC8, 0xB367, 0xED0C, 0xED4C, 0xED6B, 0xFE4D, 0xFEEF, 0xFF30,
  0xFF0F, 0xFEEE, 0xFF0E, 0xFF0E, 0xFEAD, 0xF5CC, 0xFDCE, 0xFD6E, 0xCB86, 0xBAE4, 0xB2C4, 0xBAE5,
  0xCB87, 0xEC8B, 0xF50C, 0xF58E, 0xFDAE, 0xECEB, 0xAAC4, 0x81C3, 0x6964, 0x4925, 0x4186, 0x39A7,
  0x39A8, 0x39A7, 0x39C7, 0x4A08, 0x49E8, 0x49E8, 0x49E8, 0x49E8, 0x41E8, 0x4A08, 0x4A08, 0x4A08,
  0x1926, 0x1926, 0x1946, 0x1946, 0x1966, 0x1946, 0x1946, 0x1967, 0x1966, 0x2167, 0x2167, 0x2167,
  0x1946, 0x1946, 0x2167, 0x2167, 0x1966, 0x1946, 0x1946, 0x1925, 0x1925, 0x1125, 0x1105, 0x1105,
  0x10E4, 0x10C4, 0x08C3, 0x08A2, 0x08A3, 0x0063, 0x0083, 0x10E4, 0x1925, 0x1925, 0x1905, 0x10A3,
  0x0062, 0x0862, 0x0062, 0x0062, 0x0862, 0x0862, 0x0862, 0x0862, 0x0861, 0x0862, 0x0862, 0x0862,
  0x0862, 0x0862, 0x0862, 0x0862, 0x0862, 0x0862, 0x0862, 0x0862, 0x0862, 0x0861, 0x0861, 0x0862,
  0x0862, 0x0881, 0x08A2, 0x10A3, 0x0862, 0x0862, 0x10A2, 0x10E4, 0x1904, 0x18E4, 0x18A3, 0x28C3,
  0x4165, 0x30C1, 0x1841, 0x1040, 0x1062, 0x0883, 0x10A3, 0x28C2, 0x82A8, 0x9284, 0xBB46, 0xDC4A,
  0xDC4A, 0xBB66, 0xA2C4, 0x9A42, 0xDC09, 0xDC49, 0xCB86, 0xD387, 0xBAE4, 0xBB04, 0xCB87, 0xE44A,
  0xE42A, 0xE409, 0xC305, 0xBAE4, 0xDBE8, 0xECAB, 0xFD2D, 0xFD8E, 0xFD2D, 0xEC8A, 0xE409, 0xEC29,
  0xD367, 0xCB25, 0xDBE8, 0xDBC7, 0xD366, 0xDBC7, 0xCB66, 0xBB25, 0x9A84, 0x89E2, 0x8A23, 0x9B49,
  0x4984, 0x1881, 0x10C3, 0x1104, 0x08C4, 0x18E4, 0x1904, 0x18E4, 0x18E4, 0x18E4, 0x18E4, 0x18E4,
  0x2124, 0x1904, 0x1904, 0x1904, 0x1904, 0x18E4, 0x18E4, 0x18E4, 0x1904, 0x18E4, 0x18E3, 0x1904,
  0x1904, 0x1904, 0x1904, 0x1924, 0x2125, 0x2125, 0x2145, 0x2165, 0x2165, 0x2145, 0x2945, 0x2966,
  0x2986, 0x31A7, 0x31A7, 0x39E8, 0x3A08, 0x3A08, 0x3A08, 0x4208, 0x4229, 0x4208, 0x4208, 0x41E8,
  0x41E8, 0x4A28, 0x41E8, 0x5229, 0x5229, 0x5229, 0x5A6A, 0x628A, 0x5A6A, 0x5A49, 0x5A49, 0x626A,
  0x628A, 0x62AB, 0x62AB, 0x628B, 0x6AAB, 0x62AB, 0x6ACB, 0x6AAB, 0x6ACB, 0x6ACB, 0x626A, 0x5A69,
  0x5249, 0x5A4A, 0x5A09, 0x59E7, 0x6206, 0x7A04, 0xAB07, 0xBB87, 0xCBE7, 0xDCC9, 0xEDAC, 0xFE8F,
  0xFE2E, 0xDD29, 0xDD2A, 0xEDAC, 0xE54B, 0xDD0B, 0xE50C, 0xE4AB, 0xECAB, 0xDC4A, 0xC367, 0xBB06,
  0xB2A5, 0xB2C5, 0xC346, 0xDC4A, 0xFD4D, 0xFD4D, 0xBB67, 0x9266, 0x7A07, 0x5986, 0x51C5, 0x51C6,
  0x59E8, 0x59E7, 0x6227, 0x6248, 0x6208, 0x6208, 0x6A49, 0x6A49, 0x6A8A, 0x6A6A, 0x6A8A, 0x626A,
  0x2187, 0x21A7, 0x2187, 0x1967, 0x1966, 0x1967, 0x1967, 0x2187, 0x1987, 0x2167, 0x1946, 0x1966,
  0x2187, 0x2167, 0x2187, 0x2167, 0x2187, 0x2187, 0x2166, 0x2166, 0x1946, 0x1925, 0x1125, 0x1125,
  0x1105, 0x10E4, 0x10E4, 0x10C3, 0x08C4, 0x08A3, 0x0083, 0x0862, 0x0882, 0x08A3, 0x0882, 0x0862,
  0x0041, 0x0042, 0x0062, 0x0062, 0x0862, 0x0862, 0x0862, 0x0862, 0x0861, 0x0862, 0x0862, 0x0862,
  0x0862, 0x0862, 0x0862, 0x0862, 0x0862, 0x0862, 0x0862, 0x0862, 0x0862, 0x0861, 0x0861, 0x0862,
  0x0862, 0x0881, 0x08A1, 0x08A3, 0x0842, 0x0041, 0x0882, 0x10A3, 0x10A3, 0x0882, 0x18E3, 0x0861,
  0x1041, 0x1862, 0x0882, 0x1082, 0x1082, 0x0882, 0x0083, 0x1882, 0x4143, 0x7204, 0x8A65, 0xB368,
  0xC387, 0x9A62, 0x89E0, 0x91E0, 0xBB05, 0xD3A8, 0xC325, 0xC345, 0xBB03, 0xB2A3, 0xB2A4, 0xC326,
  0xB2E5, 0x9A01, 0x9A01, 0xA221, 0xBAE4, 0xEC8A, 0xFD8E, 0xFDAF, 0xFD6E, 0xFD2D, 0xF4AB, 0xEC4A,
  0xBAE4, 0xA201, 0xCB46, 0xCB66, 0xC304, 0xD3A7, 0xD3E8, 0xAAE5, 0x9A64, 0x71C3, 0x6A25, 0x59E6,
  0x20E3, 0x10A3, 0x10E4, 0x18E3, 0x18E3, 0x1904, 0x2125, 0x2124, 0x2125, 0x2125, 0x2125, 0x2125,
  0x2125, 0x2145, 0x2145, 0x2145, 0x2145, 0x2145, 0x2145, 0x2145, 0x2966, 0x2986, 0x2966, 0x2986,
  0x2986, 0x2986, 0x2966, 0x2986, 0x31A7, 0x31C7, 0x39E8, 0x39E8, 0x31E7, 0x31C7, 0x39E8, 0x4208,
  0x4208, 0x4229, 0x4229, 0x4229, 0x4229, 0x4229, 0x4229, 0x4229, 0x4208, 0x4A09, 0x5229, 0x524A,
  0x5249, 0x5A6A, 0x5A49, 0x628A, 0x626A, 0x5A29, 0x624A, 0x626A, 0x628A, 0x6AAB, 0x6ACB, 0x6AAB,
  0x72CC, 0x6ACB, 0x730C, 0x72EC, 0x7B4D, 0x7B4D, 0x7B2D, 0x7B4D, 0x7B4D, 0x7B0C, 0x836E, 0x836D,
  0x7B4C, 0x6AAA, 0x6A6A, 0x6249, 0x6228, 0x59C6, 0x6184, 0x81E4, 0xA2A6, 0xB305, 0xAAE4, 0xD448,
  0xCBE7, 0xC3C7, 0xB346, 0x9A84, 0xA2E6, 0x9AC6, 0x9284, 0x92A4, 0x8A43, 0x79C2, 0x7982, 0x7140,
  0x89E2, 0xA283, 0xAAC4, 0xCB67, 0xD3E8, 0xCBC8, 0xB2E6, 0xA286, 0x9A66, 0x8A46, 0x82A7, 0x8A88,
  0x92A9, 0x92A9, 0x92E9, 0x9B0A, 0xA32B, 0xA34B, 0xA36C, 0x9B2B, 0x9B2B, 0x9B4C, 0x934C, 0x9B6D,
  0x21A7, 0x21A7, 0x21A7, 0x29C8, 0x29E8, 0x2A09, 0x29C8, 0x29C8, 0x21A8, 0x2187, 0x21A7, 0x2187,
  0x2187, 0x2187, 0x2187, 0x2187, 0x2187, 0x2187, 0x2187, 0x1966, 0x2167, 0x1946, 0x2166, 0x1946,
  0x1966, 0x1966, 0x2166, 0x2166, 0x2166, 0x1946, 0x1926, 0x0883, 0x0042, 0x0842, 0x0041, 0x0862,
  0x0841, 0x0841, 0x0862, 0x0862, 0x0861, 0x0861, 0x0861, 0x0861, 0x0861, 0x0041, 0x0062, 0x0062,
  0x0041, 0x0862, 0x0862, 0x0862, 0x0842, 0x0862, 0x0862, 0x0041, 0x0842, 0x0862, 0x0862, 0x0862,
  0x0882, 0x0882, 0x0882, 0x0882, 0x0862, 0x0862, 0x0882, 0x0882, 0x0882, 0x0862, 0x0882, 0x0882,
  0x0882, 0x0882, 0x08A3, 0x10A3, 0x10A2, 0x10A3, 0x08A3, 0x10A2, 0x10A2, 0x18A2, 0x4143, 0x6141,
  0xB2A4, 0xBAC3, 0xAA62, 0xA263, 0xA283, 0xAAA3, 0xD3C7, 0xDC29, 0xC366, 0xC346, 0x9A63, 0x89E1,
  0xA242, 0xAA63, 0xE42A, 0xECCB, 0xF50C, 0xF4EC, 0xFCCC, 0xF50D, 0xFD4E, 0xFD6F, 0xF50E, 0xDC4B,
  0x9201, 0x9222, 0xB2E4, 0xBB45, 0xAAA4, 0xB2E5, 0xBB28, 0xAB48, 0x9348, 0x3144, 0x2925, 0x18C3,
  0x18C4, 0x18E4, 0x2104, 0x2104, 0x2945, 0x2145, 0x2145, 0x2145, 0x2145, 0x2966, 0x2986, 0x2966,
  0x3186, 0x31A7, 0x3187, 0x31C7, 0x31E8, 0x39E8, 0x3A08, 0x4229, 0x3A08, 0x4249, 0x3A28, 0x4249,
  0x3A08, 0x4228, 0x3A08, 0x3A08, 0x4229, 0x4229, 0x4229, 0x4249, 0x4249, 0x4249, 0x4229, 0x4208,
  0x4A49, 0x4229, 0x4229, 0x4A4A, 0x526A, 0x4A4A, 0x4A49, 0x526A, 0x62CB, 0x6AEC, 0x6ACB, 0x62AB,
  0x72AB, 0x6A8A, 0x7AEC, 0x72AB, 0x832D, 0x72EC, 0x7B0D, 0x72AB, 0x72CB, 0x7AEC, 0x72EC, 0x730C,
  0x7B2D, 0x7B2C, 0x838E, 0x7B4D, 0x7B2C, 0x7B0C, 0x7B2D, 0x8B6E, 0x8B8E, 0x836E, 0x9BEF, 0x9BCF,
  0x9BCE, 0x936D, 0x9B6D, 0xA38E, 0x9B6D, 0xB3EE, 0xAB6C, 0xB34A, 0xB329, 0xB2E7, 0xBB07, 0xBB06,
  0xBB06, 0xBB26, 0xBB26, 0xBB27, 0xBB27, 0xBB47, 0xB326, 0xAB06, 0xA2A6, 0xA285, 0xA265, 0xAAA5,
  0xBAC6, 0xCB67, 0xCB46, 0xCB46, 0xBAE5, 0xC305, 0xCB46, 0xD367, 0xDBC8, 0xDBC8, 0xDC0A, 0xE44B,
  0xE44B, 0xE44C, 0xE46C, 0xDC4C, 0xDC2C, 0xD40C, 0xD42D, 0xD42E, 0xD42E, 0xCC2F, 0xC40F, 0xC40F,
  0x21A8, 0x21A7, 0x21A7, 0x2187, 0x1967, 0x2187, 0x1967, 0x2187, 0x1967, 0x2187, 0x2187, 0x2167,
  0x2187, 0x2187, 0x2187, 0x2187, 0x2187, 0x21A7, 0x29A7, 0x2187, 0x2187, 0x29A7, 0x2187, 0x2187,
  0x2187, 0x2187, 0x2187, 0x21A7, 0x29C8, 0x21A7, 0x1966, 0x1905, 0x08A3, 0x0062, 0x0042, 0x0041,
  0x0862, 0x0862, 0x0862, 0x0862, 0x0862, 0x0862, 0x0862, 0x0842, 0x0041, 0x0862, 0x0062, 0x0062,
  0x0862, 0x0862, 0x0862, 0x0882, 0x0842, 0x0862, 0x0862, 0x0862, 0x0882, 0x10A3, 0x10A3, 0x0882,
  0x08A3, 0x08A3, 0x08A2, 0x08A3, 0x0882, 0x10A3, 0x10A3, 0x0883, 0x08A3, 0x10A3, 0x08A2, 0x08A2,
  0x08A2, 0x08A2, 0x10A2, 0x10A2, 0x10A2, 0x10A2, 0x10C3, 0x10A3, 0x10A3, 0x18C3, 0x4185, 0x7205,
  0xD3A8, 0xEC08, 0xCB46, 0xAAC4, 0xA2A4, 0x9A62, 0x9201, 0xBB05, 0xBB05, 0xAA84, 0x91E1, 0x89C0,
  0xB2C4, 0xC326, 0xF4EC, 0xFDAE, 0xFD8E, 0xF52D, 0xFCCC, 0xF50D, 0xFD0C, 0xFCCC, 0xF4AB, 0xC367,
  0x79A1, 0x8223, 0x9A84, 0x9284, 0x79E2, 0x79E3, 0x8225, 0x69E5, 0x6226, 0x2103, 0x2105, 0x1904,
  0x2125, 0x2945, 0x2966, 0x3186, 0x31A7, 0x31C7, 0x31C7, 0x39E8, 0x39E8, 0x3A08, 0x3A08, 0x39E8,
  0x3A08, 0x4209, 0x3A08, 0x4229, 0x3A08, 0x3A08, 0x3A08, 0x4229, 0x4249, 0x4249, 0x4249, 0x4249,
  0x4229, 0x4A6A, 0x4229, 0x4249, 0x4A69, 0x4249, 0x4249, 0x4A69, 0x4249, 0x4249, 0x4A6A, 0x4A29,
  0x4A29, 0x4A49, 0x4A49, 0x4A6A, 0x528A, 0x52AB, 0x62EC, 0x62CC, 0x62AB, 0x62CB, 0x62AB, 0x62AA,
  0x72CB, 0x72CC, 0x72EC, 0x72CC, 0x7B2D, 0x7B0D, 0x7B2D, 0x7B0C, 0x830D, 0x7B0C, 0x7B0C, 0x836E,
  0x836E, 0x836D, 0x838E, 0x836D, 0x836E, 0x836E, 0x8B8E, 0x93CF, 0x8BAF, 0x8BAE, 0x9BCF, 0x93CE,
  0x9BAE, 0x9B8E, 0x9B8D, 0xABCE, 0xA36D, 0xABAD, 0xB38C, 0xB36B, 0xB36A, 0xB329, 0xB308, 0xBB08,
  0xBB28, 0xB308, 0xB307, 0xBB48, 0xB348, 0xB327, 0xAB27, 0xB328, 0xAAE8, 0xAAE7, 0xB307, 0xB2E7,
  0xB2C6, 0xBAE6, 0xBAE6, 0xBB06, 0xC327, 0xCB68, 0xD3C9, 0xDBEA, 0xDC0A, 0xDBEA, 0xDC2B, 0xDC0A,
  0xDC2B, 0xDC2C, 0xDC2C, 0xD42C, 0xD40C, 0xD42D, 0xD42D, 0xCC2D, 0xC3ED, 0xBBCD, 0xB3CE, 0xB3AE,
  0x29A8, 0x29A8, 0x21C8, 0x29C8, 0x29E8, 0x21C8, 0x29C8, 0x21A8, 0x21A7, 0x2187, 0x2187, 0x2187,
  0x2187, 0x2187, 0x2187, 0x2187, 0x2187, 0x21A7, 0x29C8, 0x29A7, 0x29C8, 0x29E8, 0x29E8, 0x29C8,
  0x29C8, 0x29A8, 0x29A7, 0x29C8, 0x21A7, 0x21A7, 0x21A7, 0x2187, 0x2167, 0x1926, 0x10E5, 0x10A3,
  0x0882, 0x0062, 0x0882, 0x0082, 0x0082, 0x0062, 0x0862, 0x0883, 0x0883, 0x0883, 0x0883, 0x0883,
  0x0883, 0x08A3, 0x08A3, 0x08A3, 0x10A3, 0x10A3, 0x10C3, 0x10C3, 0x10A3, 0x10C3, 0x10E4, 0x10E4,
  0x10E4, 0x10E4, 0x10C4, 0x1904, 0x18E4, 0x10C3, 0x10A3, 0x10C4, 0x10C4, 0x10C3, 0x10E4, 0x10E3,
  0x10E3, 0x10E3, 0x18E3, 0x18E3, 0x18E3, 0x18E3, 0x10C3, 0x18E4, 0x18E4, 0x18E4, 0x4186, 0x7246,
  0xCBC9, 0xD3C8, 0xCB87, 0xAAE5, 0x9AA4, 0x81E2, 0x9A84, 0xC366, 0xDBA8, 0xD3A7, 0xBB25, 0xAAE4,
  0xBB05, 0xCB86, 0xF52C, 0xFDEE, 0xFDEF, 0xF54D, 0xE48A, 0xE44A, 0xE429, 0xEC08, 0xEC08, 0xC325,
  0x71C3, 0x61C4, 0x69E4, 0x7225, 0x4121, 0x4984, 0x4123, 0x3944, 0x2903, 0x2124, 0x2145, 0x2965,
  0x2986, 0x2986, 0x31A7, 0x31A7, 0x31C7, 0x3A08, 0x4209, 0x4229, 0x3A08, 0x4229, 0x4249, 0x4A4A,
  0x4229, 0x4249, 0x4229, 0x4249, 0x4249, 0x4A8A, 0x4A8A, 0x4249, 0x4A6A, 0x4249, 0x4A6A, 0x4249,
  0x4249, 0x4A6A, 0x4A6A, 0x52AB, 0x52CB, 0x52CB, 0x52CB, 0x52CB, 0x52CB, 0x5AEB, 0x5ACB, 0x5ACB,
  0x5AAB, 0x62EC, 0x630C, 0x5AEC, 0x5AEC, 0x5ACB, 0x5ACB, 0x62CC, 0x6B0C, 0x62EC, 0x62CB, 0x6AEC,
  0x62AB, 0x730C, 0x730D, 0x7B2D, 0x730D, 0x72EC, 0x7B0D, 0x834D, 0x834D, 0x834D, 0x836E, 0x836E,
  0x834E, 0x836E, 0x7B6D, 0x838E, 0x8BAF, 0x8BAF, 0x8B8E, 0x8BAF, 0x8BAF, 0x93AF, 0x938E, 0x938E,
  0x9BAE, 0xA3EF, 0x9B8E, 0x9B8D, 0x9B6D, 0x9B4C, 0xA36C, 0x9B0A, 0xA32B, 0xA30A, 0xA30A, 0x9AC9,
  0x9AC9, 0x9AC9, 0x9AC9, 0x9288, 0x92A8, 0x9AC9, 0x9AC9, 0x92C8, 0x92C8, 0x9AE9, 0xA329, 0xAB4A,
  0xAB29, 0xB329, 0xBB6A, 0xBB6A, 0xB36A, 0xB36A, 0xB36A, 0xBB6A, 0xBB8B, 0xBB6A, 0xBB6A, 0xBBAA,
  0xBBAB, 0xB36A, 0xB38B, 0xBBAC, 0xB38B, 0xA34B, 0xA36B, 0xA36C, 0xA36C, 0x9B4C, 0x934C, 0x8B0B,
  0x21A7, 0x21A7, 0x21A8, 0x21A8, 0x21A8, 0x21A7, 0x21C8, 0x21A8, 0x21A7, 0x29C8, 0x29C8, 0x29C8,
  0x29A8, 0x29A8, 0x21A8, 0x2187, 0x2187, 0x2187, 0x2187, 0x2167, 0x2187, 0x2187, 0x2187, 0x2187,
  0x21A7, 0x2187, 0x21A7, 0x2187, 0x2187, 0x2187, 0x29A8, 0x29A8, 0x29C8, 0x29C8, 0x31E9, 0x29A7,
  0x29A7, 0x2987, 0x2166, 0x2146, 0x1946, 0x1946, 0x1946, 0x1946, 0x1946, 0x1925, 0x2146, 0x1945,
  0x1925, 0x1925, 0x1925, 0x1925, 0x1905, 0x1925, 0x1925, 0x1925, 0x1905, 0x1905, 0x1925, 0x2125,
  0x1925, 0x1925, 0x1905, 0x1904, 0x18E4, 0x18E4, 0x1904, 0x1904, 0x1904, 0x1904, 0x18E4, 0x18E4,
  0x18E4, 0x18E4, 0x18E4, 0x18E4, 0x18E4, 0x18E4, 0x18E4, 0x18E4, 0x18E4, 0x18E4, 0x3144, 0x51A4,
  0x9285, 0xAAE6, 0xA2A5, 0x79A1, 0x5920, 0x71E4, 0x8A64, 0xC387, 0xEC6A, 0xFCEC, 0xE48A, 0xDC49,
  0xDC08, 0xDC28, 0xED4C, 0xFE2F, 0xFEB1, 0xFDCF, 0xECCB, 0xDC09, 0xD3A7, 0xCB46, 0xBB05, 0x9A64,
  0x5984, 0x4985, 0x61E7, 0x59E6, 0x2923, 0x2944, 0x2925, 0x2105, 0x2105, 0x2965, 0x2965, 0x2986,
  0x31C7, 0x39E7, 0x3A08, 0x3A08, 0x4228, 0x4229, 0x4229, 0x4229, 0x4229, 0x4A49, 0x4A4A, 0x4A6A,
  0x4269, 0x4249, 0x4A6A, 0x4A8A, 0x528A, 0x4A6A, 0x4A49, 0x4A49, 0x4A6A, 0x4A8A, 0x4A69, 0x4A8A,
  0x4A8A, 0x4A8A, 0x52CB, 0x52CB, 0x52CB, 0x52CB, 0x52CB, 0x52CB, 0x52CB, 0x52CB, 0x5AEC, 0x5AEC,
  0x5AEC, 0x5AEC, 0x630C, 0x5AEC, 0x630C, 0x5AEC, 0x5AEC, 0x5AAB, 0x5ACB, 0x62EC, 0x62CB, 0x62EC,
  0x6B0C, 0x6AEC, 0x6B0C, 0x6AEC, 0x628B, 0x6A8B, 0x6AAB, 0x72EC, 0x7B0D, 0x7B2D, 0x7B4D, 0x7B2D,
  0x730D, 0x7B4D, 0x732D, 0x838E, 0x7B2D, 0x7B4D, 0x836E, 0x7B4D, 0x7B0D, 0x834D, 0x7AEC, 0x7AEC,
  0x7AEC, 0x7ACB, 0x832C, 0x7B0B, 0x7AEB, 0x82EB, 0x7AAA, 0x7A8A, 0x7A89, 0x7A89, 0x7248, 0x7227,
  0x69E7, 0x7228, 0x7A48, 0x7208, 0x7228, 0x7208, 0x7228, 0x7248, 0x7A69, 0x7A68, 0x7A48, 0x7A68,
  0x7A67, 0x7A47, 0x8287, 0x7A47, 0x8268, 0x8288, 0x82A9, 0x8AA9, 0x8ACA, 0x8AC9, 0x92EA, 0x92EA,
  0x930A, 0x9B4B, 0x930B, 0x8AEB, 0x8AEB, 0x8B0B, 0x82EB, 0x7AEB, 0x7AEB, 0x7AEB, 0x72EB, 0x6A89,
  0x21A7, 0x29A8, 0x21A7, 0x1966, 0x1966, 0x1967, 0x1987, 0x21A7, 0x29E8, 0x21C8, 0x21A7, 0x29C8,
  0x29C8, 0x21A8, 0x21A8, 0x21A8, 0x29C8, 0x21C8, 0x21A8, 0x21A7, 0x2187, 0x2187, 0x2187, 0x2187,
  0x2187, 0x29C8, 0x29A8, 0x29C8, 0x21A7, 0x29E8, 0x21A8, 0x29E9, 0x29C8, 0x29A8, 0x21A7, 0x2187,
  0x29A7, 0x29C8, 0x2187, 0x2166, 0x2166, 0x2166, 0x1946, 0x1946, 0x2166, 0x2167, 0x2987, 0x2987,
  0x2187, 0x2167, 0x2167, 0x2187, 0x2166, 0x2166, 0x2146, 0x1926, 0x1946, 0x1926, 0x1905, 0x1925,
  0x1104, 0x1905, 0x2146, 0x2125, 0x18E4, 0x18E4, 0x18E4, 0x2125, 0x1905, 0x1905, 0x1905, 0x2125,
  0x2125, 0x2125, 0x2125, 0x2145, 0x2145, 0x2145, 0x2145, 0x2965, 0x2965, 0x2145, 0x2104, 0x3944,
  0x7246, 0x8286, 0x7A24, 0x7A24, 0x61A4, 0x5184, 0x61C3, 0x8A64, 0xD409, 0xFD2D, 0xFD2D, 0xFD6E,
  0xFD2D, 0xF52C, 0xED8D, 0xFE50, 0xFE91, 0xFE10, 0xF50D, 0xDC29, 0xA2A5, 0x92A6, 0x7A66, 0x59C5,
  0x4144, 0x51E7, 0x59E8, 0x4186, 0x2985, 0x1944, 0x2145, 0x2925, 0x2946, 0x3186, 0x3186, 0x31A6,
  0x39C7, 0x39E7, 0x4228, 0x39E7, 0x4A49, 0x4A29, 0x528A, 0x526A, 0x528A, 0x526A, 0x526A, 0x52AB,
  0x52AB, 0x52AB, 0x5ACB, 0x52AB, 0x5ACB, 0x5ACB, 0x632D, 0x6B4D, 0x632D, 0x5AEC, 0x5AEC, 0x5AEC,
  0x52AB, 0x52AB, 0x52AB, 0x52AA, 0x4A8A, 0x52AB, 0x52CB, 0x52CB, 0x52CB, 0x5AEB, 0x5ACB, 0x52AB,
  0x5ACB, 0x630C, 0x5AEC, 0x5AEC, 0x5ACB, 0x632D, 0x5AEC, 0x630D, 0x630C, 0x62EC, 0x6B2D, 0x630C,
  0x630C, 0x62CB, 0x630C, 0x62EC, 0x62CC, 0x6ACC, 0x6ACC, 0x62AB, 0x72EC, 0x730C, 0x730C, 0x6AEC,
  0x6AEC, 0x6AEC, 0x62CB, 0x62CB, 0x6ACB, 0x62AB, 0x628B, 0x6AAB, 0x62AB, 0x6AAB, 0x6A8A, 0x72CC,
  0x6A8A, 0x626A, 0x626A, 0x5A29, 0x6AAA, 0x5A29, 0x6A8A, 0x6AAB, 0x6A8A, 0x6249, 0x6A8A, 0x6A8A,
  0x6269, 0x6249, 0x6A49, 0x6249, 0x5A28, 0x5A08, 0x59E8, 0x59E7, 0x59C7, 0x59E7, 0x59E7, 0x5A07,
  0x5A07, 0x5A07, 0x5A07, 0x59E7, 0x59E7, 0x6208, 0x6A49, 0x6228, 0x6228, 0x6229, 0x6A48, 0x6A49,
  0x6A69, 0x728A, 0x728A, 0x6A8A, 0x6A6A, 0x628A, 0x628A, 0x5A6A, 0x5A6A, 0x5A69, 0x5A69, 0x5248,
  0x21A7, 0x29A8, 0x29C8, 0x29E8, 0x29E8, 0x29C8, 0x29C8, 0x21C8, 0x21A7, 0x21C8, 0x29E9, 0x3209,
  0x29C8, 0x29C8, 0x29E8, 0x21A8, 0x21A8, 0x2188, 0x21A8, 0x29C9, 0x29C8, 0x21A8, 0x2187, 0x21A8,
  0x2187, 0x2187, 0x21A8, 0x2187, 0x2187, 0x2187, 0x2187, 0x21A7, 0x21A8, 0x29C8, 0x2187, 0x29A7,
  0x29C8, 0x29C8, 0x21A7, 0x29C8, 0x29C8, 0x29C8, 0x31E8, 0x31E8, 0x29C8, 0x31E8, 0x29C8, 0x29C8,
  0x29C8, 0x29C8, 0x29A7, 0x29A7, 0x2987, 0x2167, 0x2146, 0x29A7, 0x2167, 0x2987, 0x2987, 0x29A7,
  0x29C7, 0x29A7, 0x2987, 0x31A7, 0x2987, 0x3187, 0x3187, 0x31A7, 0x31A7, 0x31C8, 0x2987, 0x31A7,
  0x31A7, 0x31C7, 0x31C7, 0x31C7, 0x31A7, 0x31A7, 0x31C7, 0x31A7, 0x2966, 0x2986, 0x2124, 0x2944,
  0x51E6, 0x6246, 0x6A67, 0x6A26, 0x51A5, 0x3103, 0x4122, 0x69C4, 0x9AC6, 0xDC6B, 0xECEC, 0xFD8F,
  0xFDAF, 0xF50D, 0xF58E, 0xFE92, 0xFE92, 0xED6F, 0xD44B, 0xAB07, 0x7A04, 0x5184, 0x3945, 0x3146,
  0x3965, 0x3944, 0x4966, 0x4186, 0x3186, 0x31A6, 0x3986, 0x41C8, 0x49E8, 0x4A29, 0x49E8, 0x5229,
  0x5229, 0x5249, 0x5A8A, 0x62CB, 0x62EC, 0x62CB, 0x6B0C, 0x6B0C, 0x6B0D, 0x6B0C, 0x6B0D, 0x734D,
  0x6B0C, 0x62EC, 0x62EC, 0x62EC, 0x5AAB, 0x5A8A, 0x528A, 0x5AAB, 0x5AAB, 0x52AB, 0x52AB, 0x52CB,
  0x52CB, 0x52AB, 0x52CB, 0x5AEB, 0x5AEB, 0x52AB, 0x52AB, 0x52CB, 0x52CB, 0x52AB, 0x52CB, 0x5AEC,
  0x52CB, 0x52AB, 0x52AB, 0x52CB, 0x52CB, 0x5ACB, 0x52AB, 0x5AEC, 0x5AEC, 0x52AB, 0x5ACB, 0x5ACB,
  0x52CB, 0x5AAB, 0x5ACB, 0x5AAB, 0x630C, 0x62EC, 0x62CC, 0x62CB, 0x62EC, 0x62CB, 0x62CB, 0x62CB,
  0x62CB, 0x62CB, 0x62CB, 0x62CC, 0x62CB, 0x5A8B, 0x62AB, 0x62AB, 0x5A6A, 0x5A4A, 0x5A49, 0x5A6A,
  0x5249, 0x4A08, 0x5249, 0x526A, 0x4A28, 0x4A08, 0x4A29, 0x5229, 0x4A29, 0x524A, 0x5229, 0x524A,
  0x5249, 0x5228, 0x5249, 0x5249, 0x4A08, 0x5228, 0x5228, 0x5228, 0x5229, 0x5229, 0x5229, 0x5228,
  0x5228, 0x5A49, 0x5A49, 0x5A49, 0x5A49, 0x5A49, 0x626A, 0x5A49, 0x5A49, 0x5A49, 0x5208, 0x49E8,
  0x49C7, 0x49C7, 0x49C8, 0x4A09, 0x49E8, 0x41E8, 0x4208, 0x4208, 0x39E8, 0x39E7, 0x39E7, 0x39A7,
  0x21A8, 0x29A8, 0x21A8, 0x29C8, 0x29C8, 0x21A8, 0x29C8, 0x29C8, 0x21C8, 0x29C8, 0x29C8, 0x29C8,
  0x29E8, 0x2A09, 0x322A, 0x3209, 0x2A09, 0x2A09, 0x29E9, 0x21C8, 0x21A8, 0x21C8, 0x21C8, 0x29C9,
  0x29C8, 0x29A8, 0x2187, 0x29A8, 0x29A8, 0x2187, 0x21A7, 0x1946, 0x1946, 0x1946, 0x2187, 0x2167,
  0x2167, 0x2187, 0x2187, 0x2187, 0x2187, 0x29A7, 0x29A7, 0x29A7, 0x29A8, 0x29C8, 0x29A8, 0x29C8,
  0x29C8, 0x29C8, 0x29C8, 0x29C8, 0x29C8, 0x29C8, 0x29A8, 0x29C8, 0x31E8, 0x31C8, 0x29A7, 0x29A7,
  0x31C8, 0x31C8, 0x31C8, 0x39E8, 0x31C8, 0x31A8, 0x31A7, 0x2987, 0x31A8, 0x31C8, 0x31A7, 0x31E8,
  0x39E8, 0x3A08, 0x4229, 0x3A08, 0x3A08, 0x4229, 0x39E8, 0x31C7, 0x31A6, 0x2186, 0x2166, 0x2986,
  0x3185, 0x41C6, 0x4A07, 0x5207, 0x4A07, 0x3145, 0x3144, 0x4964, 0x7A46, 0xC3EB, 0xDCAC, 0xF58F,
  0xFD8F, 0xFD4F, 0xFD6F, 0xFDB0, 0xFDF1, 0xDCAD, 0xAB07, 0x71E5, 0x4923, 0x3104, 0x3186, 0x3166,
  0x3986, 0x49A6, 0x4986, 0x41A6, 0x49E7, 0x41E7, 0x51E8, 0x5208, 0x5229, 0x62AA, 0x628A, 0x6AEC,
  0x6AEC, 0x7B6D, 0x7B4D, 0x730C, 0x730C, 0x732C, 0x7B4D, 0x6ACB, 0x6ACB, 0x6ACB, 0x6AEC, 0x6AEC,
  0x6AEC, 0x732D, 0x732D, 0x732D, 0x6B2D, 0x6B2D, 0x6B2D, 0x6B4D, 0x6B2D, 0x630C, 0x5AEC, 0x630C,
  0x5AEC, 0x5AEC, 0x5B0C, 0x5AEC, 0x52CB, 0x52CB, 0x5B0C, 0x5AEB, 0x5AEB, 0x4A8A, 0x5AEB, 0x52AB,
  0x52AB, 0x52AB, 0x52AB, 0x52CB, 0x52CB, 0x52AB, 0x52AA, 0x52AB, 0x4A8A, 0x52AB, 0x52AB, 0x52AB,
  0x4A8A, 0x52AB, 0x52AB, 0x528A, 0x4A6A, 0x4A6A, 0x4A6A, 0x52AB, 0x52AB, 0x52AB, 0x52AB, 0x528B,
  0x528A, 0x528B, 0x5AAB, 0x5AAB, 0x5ACB, 0x5AAB, 0x5AAB, 0x5AAB, 0x5A8A, 0x528A, 0x528A, 0x526A,
  0x4A6A, 0x526A, 0x4A49, 0x4A4A, 0x4A49, 0x4A49, 0x4209, 0x4208, 0x41E8, 0x41E8, 0x39E8, 0x39C7,
  0x39C7, 0x39C7, 0x39C7, 0x39C7, 0x39E7, 0x41E7, 0x41E7, 0x41E7, 0x4A49, 0x5249, 0x5249, 0x4A28,
  0x5229, 0x5228, 0x5228, 0x5208, 0x5228, 0x5208, 0x4A08, 0x49E8, 0x49E8, 0x49C7, 0x4A08, 0x49E8,
  0x41E8, 0x41E8, 0x41E8, 0x39C8, 0x39E8, 0x39E8, 0x39E8, 0x39E8, 0x39C8, 0x3A08, 0x4208, 0x39E8,
  0x29C8, 0x29C8, 0x29C8, 0x29C8, 0x29C8, 0x29C8, 0x29C8, 0x21C8, 0x29C8, 0x21A8, 0x21A7, 0x21A7,
  0x21A8, 0x21A7, 0x21C8, 0x21C8, 0x29E9, 0x3209, 0x3209, 0x2A09, 0x2A09, 0x29E9, 0x29C8, 0x2188,
  0x2187, 0x29A8, 0x29A8, 0x29C8, 0x29C9, 0x29C8, 0x29C8, 0x29C8, 0x29C7, 0x29A7, 0x29A7, 0x2187,
  0x1926, 0x1925, 0x2987, 0x2167, 0x2187, 0x2987, 0x2987, 0x2187, 0x2167, 0x2187, 0x2187, 0x2187,
  0x2187, 0x2187, 0x21A7, 0x2187, 0x2187, 0x29C8, 0x29C8, 0x31E9, 0x29C8, 0x31E9, 0x3209, 0x3A09,
  0x3A29, 0x3A09, 0x3A09, 0x39E9, 0x39E9, 0x4209, 0x3A09, 0x3A09, 0x39E9, 0x3A09, 0x424A, 0x424A,
  0x4249, 0x4249, 0x4228, 0x3A08, 0x39E8, 0x31C7, 0x39E7, 0x31C7, 0x31A7, 0x29A7, 0x21A6, 0x29A6,
  0x2966, 0x2966, 0x2966, 0x3166, 0x41E8, 0x3187, 0x31A6, 0x39A6, 0x5185, 0x92A7, 0xAB48, 0xB367,
  0xB367, 0xC3A8, 0xCB88, 0xC389, 0xDC8D, 0xC3CA, 0x89E3, 0x51A7, 0x51C7, 0x51E7, 0x51E7, 0x5208,
  0x5A49, 0x5A49, 0x6269, 0x62AA, 0x6ACB, 0x72EB, 0x7AEB, 0x7B0C, 0x7B2C, 0x730C, 0x7B0C, 0x7B2D,
  0x834D, 0x7B4D, 0x7B2C, 0x7B0C, 0x72EC, 0x834D, 0x8B8E, 0x836E, 0x838E, 0x838E, 0x836D, 0x7B2C,
  0x7AED, 0x7B4E, 0x7B4E, 0x7B6E, 0x6AEC, 0x6B0C, 0x6B0C, 0x6B2D, 0x6B4D, 0x630D, 0x62EC, 0x5AEC,
  0x52CB, 0x52EB, 0x52CB, 0x52CB, 0x52CB, 0x52AB, 0x52AA, 0x52AA, 0x52CB, 0x5AEB, 0x4A8A, 0x4A8A,
  0x4A6A, 0x52AB, 0x4A6A, 0x4A6A, 0x4A6A, 0x4A6A, 0x4A69, 0x4A6A, 0x4249, 0x426A, 0x424A, 0x424A,
  0x4229, 0x4249, 0x4249, 0x4249, 0x4A6A, 0x4269, 0x4249, 0x4249, 0x4249, 0x4A6A, 0x4249, 0x4249,
  0x4249, 0x4249, 0x4249, 0x4249, 0x4A6A, 0x4A6A, 0x4A4A, 0x4A49, 0x4A6A, 0x4A49, 0x4249, 0x4229,
  0x4249, 0x3A09, 0x4229, 0x4249, 0x3A29, 0x4229, 0x4229, 0x4228, 0x4208, 0x4208, 0x4208, 0x39E7,
  0x3A08, 0x3A08, 0x39E8, 0x39E8, 0x39C7, 0x39A7, 0x39C7, 0x39E8, 0x39C7, 0x39E7, 0x41E7, 0x4208,
  0x4A08, 0x4A08, 0x4A08, 0x5208, 0x5228, 0x5208, 0x5208, 0x49E7, 0x49E7, 0x49E7, 0x4208, 0x4208,
  0x39E7, 0x39C7, 0x39E8, 0x39E7, 0x3A08, 0x39E8, 0x39E8, 0x39E8, 0x39E8, 0x39C8, 0x39E8, 0x31A7,
  0x2187, 0x2187, 0x2187, 0x2187, 0x2187, 0x2187, 0x2187, 0x21A7, 0x29A7, 0x2187, 0x21A7, 0x2187,
  0x21A7, 0x29A8, 0x21A7, 0x2187, 0x21A8, 0x29C8, 0x324A, 0x428B, 0x530D, 0x63B0, 0x7432, 0x8493,
  0x8493, 0x84B4, 0x8CF5, 0x8CF5, 0x9515, 0x9515, 0x9515, 0x8494, 0x7412, 0x6390, 0x4AAC, 0x3A2A,
  0x1947, 0x1105, 0x2187, 0x21A7, 0x2187, 0x2187, 0x2167, 0x2187, 0x29A8, 0x2187, 0x2166, 0x2187,
  0x29A7, 0x2187, 0x2987, 0x2987, 0x29A7, 0x29A8, 0x29A7, 0x31A8, 0x29A7, 0x29A8, 0x29A8, 0x29A7,
  0x31E9, 0x31E9, 0x3A09, 0x31C8, 0x31C8, 0x3A09, 0x422A, 0x3A09, 0x4229, 0x4229, 0x4229, 0x4229,
  0x3A29, 0x3A09, 0x4229, 0x4229, 0x4229, 0x4229, 0x4209, 0x41E8, 0x41E8, 0x4A29, 0x4A29, 0x4A29,
  0x4A28, 0x49E8, 0x49E8, 0x41C6, 0x49E7, 0x41C7, 0x49C7, 0x51E8, 0x51E7, 0x59E7, 0x59E7, 0x59C6,
  0x61A5, 0x61A5, 0x69C6, 0x69C6, 0x7206, 0x7A27, 0x8A88, 0x8B2A, 0x934B, 0x9B8C, 0x9BAD, 0x9BCE,
  0xA3CE, 0x9BAE, 0x938D, 0x934D, 0x8B2C, 0x8B2C, 0x8B4D, 0x8B6D, 0x832C, 0x832C, 0x7B0C, 0x72EB,
  0x7B2C, 0x834D, 0x834D, 0x836D, 0x838E, 0x836E, 0x8BAF, 0x834E, 0x8BAF, 0x836E, 0x836E, 0x7B2D,
  0x7B4E, 0x7B4D, 0x7B4D, 0x732D, 0x6B0C, 0x6B2C, 0x630C, 0x630C, 0x62EC, 0x5AAB, 0x5ACB, 0x52AB,
  0x528A, 0x52AB, 0x4A8A, 0x4A8A, 0x528A, 0x528B, 0x5ACB, 0x52AB, 0x4A8A, 0x4A6A, 0x4A6A, 0x4A6A,
  0x4A6A, 0x4A6A, 0x4A8A, 0x4A6A, 0x4A6A, 0x4A8B, 0x4A8B, 0x4A6A, 0x4A6A, 0x4A8B, 0x4A6B, 0x424A,
  0x424A, 0x424A, 0x424A, 0x4229, 0x424A, 0x4229, 0x422A, 0x3A09, 0x4229, 0x3A09, 0x4209, 0x422A,
  0x4229, 0x4229, 0x4229, 0x4209, 0x4209, 0x3A09, 0x3A09, 0x3A09, 0x39E9, 0x39E9, 0x39C8, 0x39C8,
  0x39E9, 0x39E8, 0x39C8, 0x31C7, 0x39E8, 0x31C7, 0x39E8, 0x39E8, 0x39E8, 0x3A08, 0x3A08, 0x3A08,
  0x39E8, 0x39E8, 0x39E8, 0x31C7, 0x31C7, 0x31A7, 0x31C7, 0x31C7, 0x39C7, 0x39E8, 0x39E8, 0x39C7,
  0x39C7, 0x39C7, 0x39E8, 0x39E8, 0x39E8, 0x39C7, 0x3A08, 0x4228, 0x4228, 0x4248, 0x4A29, 0x4A49,
  0x4249, 0x4249, 0x4249, 0x3A28, 0x3A28, 0x3A08, 0x31C7, 0x39E8, 0x31A7, 0x31C7, 0x31A7, 0x29A7,
  0x2187, 0x2167, 0x2187, 0x2167, 0x2187, 0x2187, 0x2187, 0x2187, 0x2187, 0x29C8, 0x29C8, 0x29A8,
  0x21A7, 0x29C8, 0x29C8, 0x29C8, 0x29E8, 0x29C8, 0x29C8, 0x29C9, 0x29E9, 0x322A, 0x638F, 0x7C73,
  0x9D56, 0xADD8, 0xB619, 0xB619, 0xADF9, 0x9D77, 0x9D56, 0x9516, 0x94F5, 0x9516, 0x9D36, 0x94F5,
  0x84B4, 0x7432, 0x638F, 0x3A4A, 0x29A8, 0x2167, 0x1946, 0x1946, 0x2187, 0x2187, 0x21A7, 0x21A7,
  0x2166, 0x2987, 0x29A8, 0x29A8, 0x29A8, 0x31A8, 0x29A8, 0x31E8, 0x39E9, 0x31C8, 0x31C8, 0x31E8,
  0x29A8, 0x2987, 0x29A7, 0x31C8, 0x31C8, 0x39E8, 0x3A09, 0x4229, 0x424A, 0x424A, 0x426A, 0x4A6A,
  0x426A, 0x4249, 0x4A49, 0x4249, 0x4A29, 0x4A49, 0x524A, 0x5A8A, 0x5A8B, 0x62AB, 0x62AB, 0x62AB,
  0x628A, 0x5228, 0x5208, 0x49E8, 0x5208, 0x5A49, 0x5A29, 0x626A, 0x6A69, 0x6A89, 0x728A, 0x7289,
  0x7268, 0x7AA9, 0x8AEA, 0x8B0B, 0x8ACA, 0x82A9, 0x8AC9, 0x82EA, 0x8B0A, 0x8B0B, 0x8B0B, 0x82EB,
  0x8B0C, 0x8B0C, 0x936D, 0x9BAE, 0x9BAE, 0x93AE, 0x936D, 0x9BAE, 0x9BCF, 0x93AF, 0x93AF, 0x8B8E,
  0x8B8E, 0x834D, 0x836D, 0x7B2C, 0x7AEC, 0x832D, 0x832D, 0x7B0C, 0x7B2D, 0x72CB, 0x72EC, 0x72EC,
  0x730C, 0x730C, 0x62CB, 0x6AEC, 0x62EC, 0x5ACB, 0x5ACB, 0x52AB, 0x528A, 0x4A4A, 0x4A6A, 0x4A6A,
  0x4A8A, 0x4A8A, 0x4A6A, 0x528A, 0x528B, 0x528A, 0x4A8A, 0x4A8A, 0x4A49, 0x4A8A, 0x4A8A, 0x4A6A,
  0x4A6A, 0x4A4A, 0x4A6A, 0x4249, 0x4249, 0x424A, 0x424A, 0x4229, 0x424A, 0x424A, 0x424A, 0x4229,
  0x424A, 0x4229, 0x424A, 0x3A09, 0x4229, 0x3A09, 0x3A09, 0x424A, 0x3A09, 0x4229, 0x422A, 0x4229,
  0x3A09, 0x39E9, 0x3A09, 0x39E9, 0x39E9, 0x39E9, 0x39E9, 0x39E9, 0x39C8, 0x31C8, 0x31A8, 0x31C8,
  0x31A8, 0x31A8, 0x31A7, 0x31A7, 0x31C8, 0x39E8, 0x39E8, 0x39E8, 0x39E8, 0x39E8, 0x39E8, 0x39C8,
  0x39E8, 0x39E7, 0x39E7, 0x31C7, 0x39E7, 0x31C7, 0x39E7, 0x31C7, 0x39C7, 0x39C7, 0x39C7, 0x39C7,
  0x39E8, 0x31C7, 0x39C7, 0x31C7, 0x31C7, 0x31C7, 0x31A6, 0x3186, 0x31A6, 0x31A6, 0x3186, 0x31A7,
  0x3186, 0x31A7, 0x31C7, 0x3208, 0x3208, 0x3A08, 0x39E8, 0x39E8, 0x31C7, 0x31A7, 0x29A7, 0x2986,
  0x2187, 0x2187, 0x2187, 0x2187, 0x2187, 0x2187, 0x2187, 0x21A7, 0x21A7, 0x2187, 0x21A7, 0x2187,
  0x2187, 0x21A7, 0x2187, 0x2187, 0x2187, 0x21A7, 0x21A8, 0x21A8, 0x29C8, 0x29E9, 0x29C9, 0x21A8,
  0x29E9, 0x322A, 0x4AED, 0x6BF1, 0x8493, 0x9536, 0xA5B8, 0xA577, 0x9D77, 0x9D56, 0x9516, 0x94F5,
  0x9536, 0x9516, 0x9D36, 0xA577, 0xA577, 0x8494, 0x73F1, 0x52ED, 0x31E9, 0x2187, 0x1946, 0x2187,
  0x29A7, 0x29A7, 0x29A8, 0x29A8, 0x2987, 0x31A8, 0x29A8, 0x31C8, 0x31C8, 0x29A7, 0x29A8, 0x31C8,
  0x31E8, 0x31E8, 0x3A09, 0x3A09, 0x4229, 0x4229, 0x4229, 0x4229, 0x426A, 0x4A6A, 0x4A8A, 0x4A6A,
  0x4A6A, 0x4A6A, 0x528A, 0x5ACB, 0x62CB, 0x62EC, 0x6AEC, 0x6ACB, 0x6AEC, 0x72EC, 0x6ACB, 0x6ACB,
  0x72EB, 0x628A, 0x626A, 0x626A, 0x6A8A, 0x6A8A, 0x72AB, 0x72AA, 0x6A69, 0x7289, 0x7ACA, 0x82CB,
  0x72A9, 0x7ACA, 0x7A89, 0x7248, 0x7AA9, 0x7269, 0x7AA9, 0x82CA, 0x8AEB, 0x932C, 0x934C, 0xA3CE,
  0x9BAE, 0x9BAE, 0x936D, 0x936D, 0x8B2C, 0x8B6D, 0x938E, 0x93AE, 0x93AE, 0x93AF, 0x93AF, 0x93AF,
  0x8B6E, 0x8B8E, 0x836E, 0x8B8E, 0x836E, 0x832D, 0x7B0C, 0x72CB, 0x72EC, 0x730C, 0x72EC, 0x6ACB,
  0x62CC, 0x5A8B, 0x5AAB, 0x5AAB, 0x5AAB, 0x528A, 0x52AB, 0x4A8A, 0x4A4A, 0x4A8A, 0x528A, 0x4A6A,
  0x4249, 0x4249, 0x424A, 0x4A4A, 0x4A6A, 0x4A6A, 0x4A6A, 0x4A6A, 0x4A4A, 0x4A6A, 0x424A, 0x4249,
  0x424A, 0x4229, 0x424A, 0x424A, 0x424A, 0x3A29, 0x3A29, 0x426A, 0x424A, 0x424A, 0x4229, 0x424A,
  0x424A, 0x422A, 0x424A, 0x3A09, 0x4229, 0x3A09, 0x39E8, 0x39E8, 0x31C8, 0x39E9, 0x31C8, 0x39E8,
  0x31C8, 0x31C8, 0x31C8, 0x31C8, 0x31A8, 0x31C8, 0x31C8, 0x31C8, 0x31C8, 0x31C8, 0x31C8, 0x31C8,
  0x31A8, 0x31A7, 0x31A7, 0x31A7, 0x31A7, 0x31A7, 0x31A7, 0x31A7, 0x29A7, 0x2987, 0x29A7, 0x2987,
  0x31A7, 0x29A7, 0x31A7, 0x29A7, 0x2986, 0x31A7, 0x31C7, 0x31C7, 0x31C7, 0x39C8, 0x31C7, 0x31A7,
  0x31C7, 0x31A7, 0x31A7, 0x3187, 0x3187, 0x31A7, 0x31A7, 0x2986, 0x2986, 0x2986, 0x3187, 0x3186,
  0x2986, 0x2986, 0x2966, 0x2166, 0x2986, 0x2166, 0x2166, 0x2966, 0x2986, 0x2987, 0x2987, 0x2987,
  0x2187, 0x21A7, 0x21A7, 0x29A7, 0x21A7, 0x29A8, 0x21A7, 0x29A8, 0x21A7, 0x29C8, 0x29C8, 0x29A8,
  0x21A7, 0x29C8, 0x29A8, 0x29A7, 0x29A7, 0x29C8, 0x29C8, 0x21A8, 0x2187, 0x2167, 0x2188, 0x2167,
  0x2167, 0x2187, 0x29A8, 0x29A8, 0x29C8, 0x31E9, 0x3A4A, 0x6BF1, 0x8CD4, 0x9516, 0x9516, 0xA597,
  0xA5B8, 0xA577, 0x9D57, 0x9D57, 0x9516, 0x94F5, 0x9D57, 0x94F5, 0x9516, 0x9515, 0x6BB0, 0x4AAC,
  0x3A09, 0x2167, 0x29A8, 0x29A8, 0x31A8, 0x31E9, 0x31E9, 0x31C8, 0x31E9, 0x39E9, 0x3A09, 0x422A,
  0x426A, 0x4AAB, 0x426A, 0x4249, 0x4249, 0x4229, 0x4249, 0x4249, 0x4A6A, 0x52AB, 0x52CB, 0x4AAA,
  0x4A8A, 0x52CB, 0x5AEB, 0x630C, 0x62EC, 0x5AAB, 0x6ACB, 0x72EC, 0x72EC, 0x7B2C, 0x7B2C, 0x72EC,
  0x6AAB, 0x6AAB, 0x6AAB, 0x72AC, 0x72CB, 0x6AAA, 0x72EB, 0x7AEB, 0x7AEB, 0x72CA, 0x7ACA, 0x7AAA,
  0x7AAA, 0x7ACB, 0x7ACB, 0x7ACB, 0x82CB, 0x82EB, 0x934D, 0x936D, 0x932C, 0x936D, 0x9BAE, 0x9BAE,
  0x936D, 0x8B2C, 0x82EB, 0x8B2C, 0x832C, 0x8B4C, 0x8B6D, 0x8B4D, 0x8B8E, 0x8B8E, 0x836E, 0x834D,
  0x7B0C, 0x6ACB, 0x730C, 0x626A, 0x6ACB, 0x6ACB, 0x6ACB, 0x6AEB, 0x62CB, 0x5A8A, 0x62CB, 0x5AAB,
  0x4A6A, 0x526A, 0x4A6A, 0x4A6A, 0x4A6A, 0x426A, 0x4A8A, 0x4A8B, 0x4A4A, 0x4A6A, 0x4A6A, 0x426A,
  0x426A, 0x424A, 0x4A8B, 0x4A6A, 0x424A, 0x4229, 0x4229, 0x424A, 0x424A, 0x3A09, 0x424A, 0x3A09,
  0x3A09, 0x3A29, 0x4229, 0x3A29, 0x3A29, 0x424A, 0x424A, 0x3A29, 0x424A, 0x3A29, 0x3A29, 0x426A,
  0x3A09, 0x3A09, 0x39E9, 0x39E9, 0x31E8, 0x31E9, 0x39E9, 0x39E9, 0x31E8, 0x31E8, 0x31E8, 0x31A8,
  0x31A8, 0x29A8, 0x29A7, 0x2987, 0x2987, 0x29A8, 0x29A7, 0x29A8, 0x31C8, 0x31C8, 0x2987, 0x29A7,
  0x31C8, 0x29A7, 0x29A8, 0x29A8, 0x29A8, 0x2966, 0x29A7, 0x2987, 0x2987, 0x2987, 0x2987, 0x2966,
  0x2966, 0x2166, 0x2986, 0x2986, 0x2986, 0x2987, 0x29A7, 0x2987, 0x2987, 0x31A7, 0x2987, 0x29A7,
  0x31C7, 0x31A7, 0x31A7, 0x31A7, 0x31A7, 0x31C7, 0x29A7, 0x31C7, 0x29A6, 0x29A6, 0x31A7, 0x2986,
  0x2966, 0x2966, 0x2986, 0x2165, 0x2145, 0x2146, 0x2166, 0x2146, 0x2145, 0x1925, 0x2125, 0x2125,
  0x2187, 0x2187, 0x1966, 0x2187, 0x2167, 0x2187, 0x2187, 0x21A7, 0x21A7, 0x21A7, 0x21A7, 0x29A8,
  0x2187, 0x2187, 0x2187, 0x2166, 0x2187, 0x2187, 0x2187, 0x21A7, 0x29A8, 0x29A8, 0x29C8, 0x29A8,
  0x29C8, 0x21A7, 0x2187, 0x2187, 0x21A7, 0x21A7, 0x21A7, 0x29A8, 0x29E9, 0x3A4B, 0x52ED, 0x63B0,
  0x8CD4, 0xA577, 0xA577, 0xADB8, 0xA598, 0xA598, 0x9D36, 0x9516, 0x94F5, 0x9D36, 0xA577, 0xA597,
  0xA597, 0x9D15, 0x7C11, 0x52ED, 0x3A2A, 0x2987, 0x2987, 0x29A8, 0x31C8, 0x31A8, 0x31C8, 0x3A09,
  0x3208, 0x3A09, 0x3A29, 0x3A08, 0x3A08, 0x4A4A, 0x4A6A, 0x4A6A, 0x426A, 0x4249, 0x4249, 0x4A6A,
  0x4A69, 0x4249, 0x4229, 0x4A49, 0x4A69, 0x5269, 0x62AB, 0x6AAB, 0x6AAB, 0x6AEB, 0x72EB, 0x6ACB,
  0x6AAB, 0x6AAB, 0x628B, 0x626A, 0x6A8B, 0x6ACB, 0x72CB, 0x72CB, 0x6AAB, 0x72AB, 0x6A6A, 0x6A8A,
  0x6A69, 0x6A49, 0x7ACB, 0x7AAB, 0x7ACB, 0x7AEC, 0x8B2D, 0x7AEC, 0x830C, 0x7AEB, 0x6A8A, 0x72AA,
  0x7ACB, 0x72AA, 0x6AAA, 0x6AAA, 0x72CB, 0x72CB, 0x6AAA, 0x6AAA, 0x6AAA, 0x628A, 0x6ACB, 0x62AB,
  0x5A6A, 0x628A, 0x628B, 0x5A8A, 0x5249, 0x528A, 0x4A49, 0x4A29, 0x4A49, 0x4A8A, 0x4A8A, 0x4AAA,
  0x4A6A, 0x4A6A, 0x4A6A, 0x4A8A, 0x4AAB, 0x424A, 0x426A, 0x424A, 0x4A6B, 0x424A, 0x4A6A, 0x424A,
  0x3A29, 0x3A09, 0x31E8, 0x31E8, 0x31E8, 0x31E9, 0x31C8, 0x31E8, 0x3A09, 0x3A29, 0x3A29, 0x3A29,
  0x3A29, 0x3A2A, 0x3A4A, 0x3A29, 0x3A29, 0x31C8, 0x29C8, 0x29A7, 0x29A7, 0x31C8, 0x31C8, 0x29A7,
  0x29C8, 0x31C8, 0x31C8, 0x31E8, 0x31E8, 0x31E8, 0x31E8, 0x31C8, 0x29A8, 0x31C8, 0x31C8, 0x31C8,
  0x31C8, 0x31C8, 0x31C8, 0x31E8, 0x29C8, 0x31C8, 0x31C8, 0x31C8, 0x29C8, 0x29A7, 0x29A7, 0x29A7,
  0x29A7, 0x2987, 0x2167, 0x2167, 0x2987, 0x2987, 0x2187, 0x2987, 0x2987, 0x2187, 0x2167, 0x2987,
  0x2167, 0x2166, 0x2166, 0x2166, 0x2186, 0x2166, 0x2987, 0x2186, 0x2987, 0x2987, 0x2987, 0x29A7,
  0x31C8, 0x31C8, 0x31C8, 0x29A7, 0x29A7, 0x29A7, 0x29A7, 0x31C7, 0x31C7, 0x31C7, 0x31C7, 0x31C7,
  0x31A7, 0x29A7, 0x29A7, 0x2987, 0x2166, 0x2186, 0x2166, 0x2146, 0x2146, 0x1945, 0x1945, 0x1945,
  0x2187, 0x2167, 0x2187, 0x2187, 0x2187, 0x2166, 0x2167, 0x2187, 0x2187, 0x2187, 0x2187, 0x2187,
  0x2187, 0x2187, 0x21A7, 0x21A7, 0x29A7, 0x21A7, 0x21A7, 0x21A7, 0x29A7, 0x29A8, 0x29A8, 0x29A7,
  0x29A7, 0x2187, 0x2187, 0x2187, 0x2187, 0x2187, 0x21A7, 0x21A7, 0x21A8, 0x2187, 0x21A7, 0x29A8,
  0x29A8, 0x29E8, 0x4AAC, 0x5B2E, 0x6BD1, 0x8CD4, 0x9D36, 0xADB8, 0xA598, 0xA597, 0xA577, 0xA577,
  0x9D56, 0x9D56, 0xAD98, 0xAD98, 0xB5B8, 0x9CF5, 0x8432, 0x52ED, 0x422A, 0x31A8, 0x29A8, 0x2146,
  0x31C8, 0x31E8, 0x39E8, 0x3A09, 0x31C8, 0x39E8, 0x4229, 0x3A09, 0x4229, 0x424A, 0x4A6A, 0x4A6A,
  0x4269, 0x4249, 0x4229, 0x4229, 0x4209, 0x4208, 0x41E8, 0x4A08, 0x5229, 0x5229, 0x5249, 0x5A6A,
  0x5A8A, 0x5229, 0x5249, 0x5209, 0x5229, 0x5229, 0x5229, 0x5249, 0x5229, 0x62AA, 0x62AB, 0x6ACB,
  0x72CB, 0x6AAB, 0x626A, 0x6249, 0x5A49, 0x5A09, 0x5A09, 0x5208, 0x5208, 0x5A49, 0x5A6A, 0x5A49,
  0x5A69, 0x5A69, 0x5A69, 0x5A69, 0x5A6A, 0x5A69, 0x5229, 0x5249, 0x5249, 0x4A29, 0x524A, 0x526A,
  0x4A49, 0x4A29, 0x4A49, 0x4A49, 0x4208, 0x4A6A, 0x4A8A, 0x4A6A, 0x4249, 0x4269, 0x3A49, 0x3A29,
  0x422A, 0x422A, 0x422A, 0x39E9, 0x3A2A, 0x3A29, 0x426A, 0x422A, 0x4229, 0x39E9, 0x3A09, 0x3A09,
  0x3A09, 0x3209, 0x3A09, 0x3A09, 0x3A09, 0x3A09, 0x3A09, 0x31E9, 0x31C8, 0x31C8, 0x31C8, 0x31C8,
  0x3209, 0x3209, 0x3A09, 0x3209, 0x31C8, 0x3209, 0x3209, 0x3209, 0x3209, 0x29E8, 0x29C8, 0x29C8,
  0x31C8, 0x31C8, 0x29C8, 0x29C8, 0x29A8, 0x29A8, 0x29A7, 0x29A8, 0x29C8, 0x31E8, 0x29C8, 0x29C8,
  0x29C8, 0x29C8, 0x29C8, 0x31C8, 0x29A7, 0x29A7, 0x2987, 0x2987, 0x2987, 0x2987, 0x2987, 0x2987,
  0x2987, 0x29A7, 0x2187, 0x2187, 0x2987, 0x2987, 0x2187, 0x2987, 0x2987, 0x2167, 0x2187, 0x2167,
  0x2166, 0x2166, 0x2166, 0x2166, 0x2166, 0x1946, 0x2146, 0x2146, 0x2146, 0x2166, 0x2167, 0x2166,
  0x2166, 0x2167, 0x2166, 0x29A7, 0x2987, 0x2987, 0x29A7, 0x29A7, 0x29C7, 0x31E8, 0x31C8, 0x31C8,
  0x31C8, 0x31C7, 0x31C7, 0x31A7, 0x29A7, 0x29A7, 0x2186, 0x2166, 0x2146, 0x2166, 0x2166, 0x2166,
  0x1966, 0x1966, 0x1966, 0x1966, 0x1966, 0x2187, 0x2187, 0x2167, 0x1966, 0x1966, 0x2166, 0x1966,
  0x1946, 0x1946, 0x1946, 0x1946, 0x1946, 0x1966, 0x2166, 0x2187, 0x2187, 0x2187, 0x2187, 0x2187,
  0x21A7, 0x21A7, 0x29A7, 0x29A8, 0x29A7, 0x21A7, 0x2187, 0x21A8, 0x29C8, 0x29C8, 0x29A8, 0x29A8,
  0x29C8, 0x29C8, 0x29A8, 0x29A8, 0x29C8, 0x426B, 0x4ACC, 0x6BB0, 0x7C52, 0x8CD5, 0xA577, 0xA577,
  0xADD8, 0xAD98, 0x9D16, 0x9D36, 0x9D36, 0x9D36, 0xAD97, 0xB5B8, 0xAD98, 0xA536, 0x8C73, 0x6BB0,
  0x424A, 0x2987, 0x2167, 0x31A8, 0x31A8, 0x31A7, 0x2966, 0x2987, 0x2987, 0x2987, 0x29A7, 0x31C7,
  0x31C7, 0x39E8, 0x3A09, 0x4229, 0x4229, 0x4229, 0x4208, 0x39E8, 0x39E7, 0x39C8, 0x39E8, 0x39E8,
  0x4208, 0x4229, 0x4A29, 0x4A49, 0x5249, 0x4A29, 0x4208, 0x41E8, 0x39C7, 0x41E7, 0x41C7, 0x39C7,
  0x41E7, 0x41E7, 0x39C7, 0x39C7, 0x39C7, 0x39A7, 0x39A7, 0x41C8, 0x41E8, 0x41E8, 0x39A7, 0x41E8,
  0x39E8, 0x4208, 0x41E8, 0x41E8, 0x4229, 0x4229, 0x4229, 0x4208, 0x4209, 0x4229, 0x4229, 0x4229,
  0x3A08, 0x3A08, 0x3A08, 0x4249, 0x3A29, 0x3A09, 0x3A09, 0x3A09, 0x4229, 0x4229, 0x4229, 0x422A,
  0x422A, 0x422A, 0x424A, 0x422A, 0x3A2A, 0x39E9, 0x31E9, 0x39E9, 0x31E8, 0x31C8, 0x31C8, 0x31E8,
  0x3209, 0x3A09, 0x31C8, 0x31C8, 0x31C8, 0x31E8, 0x29A8, 0x29C8, 0x29C8, 0x29C8, 0x29A7, 0x2167,
  0x2167, 0x2166, 0x2187, 0x2187, 0x21A7, 0x29A8, 0x29C8, 0x29C8, 0x29C8, 0x29C8, 0x29C8, 0x29C8,
  0x2987, 0x29A7, 0x29A8, 0x29C8, 0x29A8, 0x29A8, 0x29A7, 0x2987, 0x2987, 0x2187, 0x29A7, 0x29A7,
  0x29A7, 0x29A7, 0x29A7, 0x29A7, 0x2987, 0x2187, 0x29A7, 0x2987, 0x2987, 0x29A7, 0x2987, 0x29A7,
  0x2987, 0x2987, 0x2187, 0x2988, 0x2167, 0x29A8, 0x2187, 0x2187, 0x2987, 0x2187, 0x2187, 0x2167,
  0x2167, 0x2167, 0x2167, 0x2167, 0x2187, 0x2166, 0x2167, 0x2166, 0x2146, 0x2146, 0x1946, 0x2146,
  0x1946, 0x1946, 0x2146, 0x2146, 0x2166, 0x2146, 0x2166, 0x2166, 0x2166, 0x2186, 0x2987, 0x2987,
  0x2987, 0x2186, 0x2166, 0x2166, 0x2987, 0x2166, 0x2166, 0x2166, 0x2146, 0x2146, 0x2146, 0x1945,
  0x1946, 0x1925, 0x1925, 0x1946, 0x1946, 0x1946, 0x1946, 0x1946, 0x1946, 0x2166, 0x1946, 0x1946,
  0x2166, 0x2166, 0x2166, 0x2187, 0x21A7, 0x21A7, 0x2187, 0x2187, 0x2187, 0x2187, 0x2187, 0x29A7,
  0x29A7, 0x29A7, 0x21A7, 0x21A7, 0x21A7, 0x2187, 0x2187, 0x29A7, 0x29A7, 0x2187, 0x2187, 0x2187,
  0x2187, 0x2187, 0x2187, 0x2187, 0x21A7, 0x29A7, 0x29A8, 0x29A7, 0x2187, 0x1946, 0x29C8, 0x3A29,
  0x42AB, 0x6BAF, 0x7C52, 0x94D4, 0x9D56, 0xAD98, 0xAD77, 0xA557, 0xA597, 0xAD98, 0xA577, 0xADB8,
  0xADB8, 0xA577, 0xA577, 0x94F5, 0x8473, 0x52ED, 0x3A09, 0x2166, 0x2167, 0x29A8, 0x29A8, 0x2987,
  0x29A8, 0x31C8, 0x31C7, 0x31C7, 0x31A7, 0x31A7, 0x31C7, 0x31E8, 0x31C7, 0x31C8, 0x31C8, 0x39E8,
  0x31C7, 0x39E8, 0x31C7, 0x31C7, 0x31C7, 0x31A7, 0x2986, 0x2986, 0x31C7, 0x31A7, 0x31C7, 0x31C7,
  0x31C7, 0x31C7, 0x31A7, 0x31A7, 0x31A7, 0x31A7, 0x31A7, 0x31A7, 0x31A7, 0x3187, 0x2987, 0x31A7,
  0x3187, 0x2987, 0x2987, 0x2987, 0x31A7, 0x31A7, 0x31C8, 0x31C8, 0x31E8, 0x31C8, 0x31C8, 0x31C8,
  0x31C8, 0x29A7, 0x29A7, 0x29A7, 0x29A7, 0x2987, 0x2987, 0x29A8, 0x2987, 0x29A8, 0x31C8, 0x31A8,
  0x31C8, 0x31C8, 0x31C8, 0x31C8, 0x31C8, 0x29A8, 0x2987, 0x29A7, 0x29A7, 0x29C8, 0x29C8, 0x29C8,
  0x29C8, 0x29C8, 0x29E8, 0x29C8, 0x29C8, 0x29C8, 0x29C8, 0x29A7, 0x2187, 0x21A7, 0x21A7, 0x29C8,
  0x31E8, 0x3209, 0x3209, 0x31E8, 0x31E8, 0x29C8, 0x31E8, 0x29C8, 0x29A7, 0x29A7, 0x21A7, 0x29A7,
  0x29A7, 0x29A7, 0x2187, 0x29A7, 0x29A7, 0x29A7, 0x2187, 0x29A8, 0x29A7, 0x2187, 0x2187, 0x29C8,
  0x29A7, 0x29A8, 0x29C8, 0x29A8, 0x29C8, 0x29A8, 0x29C8, 0x29C8, 0x29C8, 0x29C8, 0x29C8, 0x29C8,
  0x29A7, 0x2187, 0x2187, 0x2187, 0x2167, 0x1966, 0x1946, 0x1946, 0x1946, 0x2166, 0x2166, 0x2166,
  0x2166, 0x2166, 0x2166, 0x1946, 0x2146, 0x2146, 0x2166, 0x2166, 0x2166, 0x2167, 0x2167, 0x2166,
  0x2166, 0x2166, 0x2166, 0x2166, 0x2166, 0x2166, 0x2146, 0x2146, 0x2146, 0x2146, 0x1946, 0x2146,
  0x2146, 0x2146, 0x2146, 0x2146, 0x2146, 0x1946, 0x1946, 0x1946, 0x1926, 0x1946, 0x1926, 0x1926,
  0x1946, 0x1946, 0x1926, 0x1926, 0x1926, 0x1946, 0x1946, 0x1946, 0x1966, 0x1966, 0x2166, 0x2166,
  0x1946, 0x1946, 0x1966, 0x2187, 0x2166, 0x2187, 0x2187, 0x2187, 0x2187, 0x2187, 0x2187, 0x2187,
  0x2187, 0x2187, 0x2187, 0x2167, 0x2167, 0x2166, 0x2166, 0x2166, 0x2187, 0x2187, 0x2187, 0x2187,
  0x2187, 0x2187, 0x2187, 0x2187, 0x2187, 0x2187, 0x2187, 0x2187, 0x21A7, 0x29A7, 0x29A7, 0x21A7,
  0x29C8, 0x3209, 0x3229, 0x4AAC, 0x636F, 0x73F1, 0x8493, 0x9D16, 0x9D36, 0xA557, 0xA577, 0x9D36,
  0x9D56, 0xADB8, 0xADB8, 0xB5F9, 0xB5F9, 0xB5F9, 0xA597, 0x94F5, 0x73F1, 0x4A8B, 0x31E9, 0x31A8,
  0x2167, 0x2967, 0x31A8, 0x31A7, 0x2987, 0x2967, 0x31A7, 0x31A7, 0x31A7, 0x2987, 0x2986, 0x2987,
  0x2966, 0x2986, 0x2966, 0x2966, 0x2986, 0x2966, 0x2966, 0x2966, 0x2966, 0x2966, 0x2986, 0x3187,
  0x2987, 0x29A7, 0x31A7, 0x31A7, 0x31A7, 0x31A7, 0x31A7, 0x31A7, 0x31A7, 0x31A7, 0x31A7, 0x31A7,
  0x31A7, 0x31A7, 0x31A7, 0x29A7, 0x31A7, 0x31A7, 0x2987, 0x2986, 0x2966, 0x2186, 0x2186, 0x2186,
  0x2166, 0x2166, 0x2186, 0x2166, 0x2166, 0x2167, 0x2987, 0x29A7, 0x29A8, 0x29A8, 0x31C8, 0x31C8,
  0x31C8, 0x31C8, 0x31C8, 0x31C8, 0x31E9, 0x31E8, 0x31C8, 0x31C8, 0x29E8, 0x29C8, 0x29A8, 0x29A8,
  0x29A7, 0x29A7, 0x29A7, 0x29C8, 0x29C8, 0x29A7, 0x29A8, 0x29A8, 0x29A7, 0x29A7, 0x29A8, 0x29A7,
  0x29A7, 0x29A7, 0x29C8, 0x29C8, 0x29C8, 0x29C8, 0x29E8, 0x29C8, 0x29E8, 0x31E8, 0x29E8, 0x29C8,
  0x29C8, 0x31E8, 0x29C8, 0x29C8, 0x29C8, 0x29C8, 0x29A7, 0x29A7, 0x29A7, 0x21A7, 0x29A7, 0x21A7,
  0x2187, 0x2187, 0x21A7, 0x21A7, 0x29A7, 0x21A7, 0x29A7, 0x29A7, 0x29A7, 0x29A7, 0x21A7, 0x21A7,
  0x2187, 0x2187, 0x2187, 0x2187, 0x2166, 0x2187, 0x2166, 0x2166, 0x2166, 0x2166, 0x2166, 0x1966,
  0x2166, 0x2146, 0x2146, 0x2146, 0x2146, 0x2146, 0x2146, 0x2146, 0x2146, 0x2146, 0x2146, 0x1946,
  0x2146, 0x2146, 0x1946, 0x1946, 0x2146, 0x2146, 0x2146, 0x1946, 0x1946, 0x2146, 0x1946, 0x1946,
  0x2146, 0x2146, 0x2146, 0x2146, 0x2146, 0x2146, 0x1946, 0x1946, 0x1946, 0x1946, 0x1946, 0x1946,
  0x1966, 0x1946, 0x2166, 0x2166, 0x2166, 0x2166, 0x1966, 0x1946, 0x1946, 0x1946, 0x2166, 0x2166,
  0x2187, 0x2166, 0x2166, 0x2166, 0x2167, 0x2166, 0x1966, 0x1946, 0x2166, 0x2166, 0x1966, 0x1946,
  0x1946, 0x1926, 0x1926, 0x1966, 0x1966, 0x1946, 0x1946, 0x1966, 0x2166, 0x2166, 0x2187, 0x2187,
  0x21A7, 0x29A7, 0x29A7, 0x29A7, 0x2187, 0x2187, 0x2187, 0x2187, 0x2187, 0x2187, 0x2187, 0x2167,
  0x2167, 0x2187, 0x2187, 0x29C8, 0x2147, 0x2988, 0x31E9, 0x426B, 0x52ED, 0x6B90, 0x8453, 0x94F5,
  0xA597, 0xAD97, 0xADB8, 0xA597, 0xA577, 0xADB8, 0xAD97, 0xADB8, 0xAD97, 0xA557, 0x9D16, 0x7C32,
  0x6B90, 0x4AAC, 0x31A8, 0x2987, 0x2987, 0x2987, 0x29A7, 0x2987, 0x2967, 0x2987, 0x2166, 0x2987,
  0x2966, 0x2146, 0x2146, 0x2166, 0x2146, 0x2986, 0x2986, 0x2986, 0x2966, 0x2166, 0x2166, 0x2966,
  0x2166, 0x2166, 0x2166, 0x2166, 0x2166, 0x2146, 0x2146, 0x2966, 0x2966, 0x2146, 0x2146, 0x2967,
  0x2967, 0x2987, 0x29A7, 0x2987, 0x2186, 0x2166, 0x2987, 0x2987, 0x2987, 0x29A7, 0x29A7, 0x29A7,
  0x29A7, 0x29A7, 0x29A7, 0x29A7, 0x29A7, 0x29A8, 0x31C8, 0x29A8, 0x29A7, 0x2987, 0x2987, 0x29A8,
  0x29A8, 0x29A8, 0x29A8, 0x29A8, 0x31C8, 0x31C8, 0x31C8, 0x29C8, 0x29C8, 0x29C8, 0x29C8, 0x29C8,
  0x29C8, 0x29C8, 0x29A7, 0x29A8, 0x29C8, 0x29A8, 0x29A7, 0x29C8, 0x29A8, 0x29A7, 0x21A7, 0x2187,
  0x2187, 0x2187, 0x21A7, 0x2187, 0x2187, 0x2187, 0x2187, 0x2187, 0x2187, 0x2187, 0x29A7, 0x29A7,
  0x2187, 0x29A8, 0x29A7, 0x21A7, 0x29A7, 0x29A7, 0x2187, 0x29C8, 0x29A7, 0x2187, 0x2187, 0x2187,
  0x2187, 0x2187, 0x2187, 0x2187, 0x2187, 0x2187, 0x2167, 0x2167, 0x2167, 0x2167, 0x2166, 0x2166,
  0x1966, 0x1966, 0x2166, 0x2166, 0x2187, 0x2166, 0x2166, 0x2166, 0x2166, 0x2166, 0x2166, 0x2166,
  0x2166, 0x2166, 0x2146, 0x2166, 0x2166, 0x2166, 0x2146, 0x2146, 0x2166, 0x2166, 0x2166, 0x2146,
  0x2146, 0x2146, 0x1946, 0x1946, 0x1946, 0x2146, 0x2166, 0x2146, 0x2146, 0x2146, 0x2146, 0x2146,
  0x2146, 0x2146, 0x2146, 0x1946, 0x1946, 0x2146, 0x1946, 0x1946, 0x1946, 0x1946, 0x1946, 0x1946,
  0x1946, 0x1946, 0x1925, 0x1925, 0x1925, 0x1946, 0x1946, 0x1925, 0x1925, 0x1946, 0x1946, 0x1946,
  0x2166, 0x2166, 0x2166, 0x2166, 0x2187, 0x2187, 0x2187, 0x2187, 0x2166, 0x2166, 0x1966, 0x2166,
  0x2166, 0x1966, 0x1966, 0x1946, 0x1946, 0x1926, 0x1926, 0x1946, 0x1946, 0x2166, 0x2166, 0x2166,
  0x2166, 0x2166, 0x2166, 0x2167, 0x2187, 0x2187, 0x2187, 0x29A7, 0x21A7, 0x2166, 0x2187, 0x29A7,
  0x2187, 0x2187, 0x29A8, 0x29A8, 0x29C8, 0x29A8, 0x2187, 0x2187, 0x29A8, 0x29A8, 0x3209, 0x426B,
  0x636F, 0x7C52, 0x94F5, 0x9D36, 0xA597, 0xA577, 0xADB8, 0xA557, 0xA577, 0xAD98, 0xA577, 0xADB8,
  0xB5D9, 0xA578, 0x9D16, 0x7C32, 0x5B2E, 0x426B, 0x31E9, 0x2988, 0x2167, 0x29A8, 0x2987, 0x2167,
  0x2146, 0x2166, 0x2146, 0x2166, 0x2146, 0x2125, 0x2146, 0x2146, 0x2166, 0x2166, 0x2166, 0x2166,
  0x2146, 0x2146, 0x2125, 0x2125, 0x2125, 0x2146, 0x2166, 0x2966, 0x2966, 0x2987, 0x2987, 0x2966,
  0x2166, 0x2166, 0x2146, 0x2166, 0x2186, 0x2987, 0x2186, 0x2987, 0x2987, 0x2166, 0x2167, 0x2187,
  0x2187, 0x2166, 0x2167, 0x2187, 0x2167, 0x2187, 0x2187, 0x2187, 0x2987, 0x2987, 0x29A7, 0x2987,
  0x2987, 0x2987, 0x2987, 0x29A7, 0x2987, 0x29A7, 0x29A7, 0x29A8, 0x29A8, 0x29A8, 0x29C8, 0x29A7,
  0x29A8, 0x29A7, 0x29A8, 0x21A7, 0x2187, 0x21A7, 0x29A7, 0x21A7, 0x21A7, 0x29A7, 0x21A7, 0x2187,
  0x2187, 0x2187, 0x21A7, 0x2187, 0x21A7, 0x21A7, 0x21A7, 0x2187, 0x21A7, 0x2187, 0x2187, 0x21A7,
  0x29A7, 0x29A8, 0x29A8, 0x29C8, 0x29A7, 0x29A7, 0x29A7, 0x29C8, 0x29A7, 0x29A7, 0x29A7, 0x2187,
  0x21A7, 0x2187, 0x2187, 0x2187, 0x2187, 0x2187, 0x2187, 0x2187, 0x2187, 0x2187, 0x2187, 0x2187,
  0x2166, 0x1946, 0x1946, 0x1946, 0x1966, 0x1966, 0x1946, 0x1946, 0x1946, 0x1966, 0x1966, 0x1946,
  0x1946, 0x2146, 0x2146, 0x2146, 0x1946, 0x1946, 0x2146, 0x2146, 0x2146, 0x2146, 0x2146, 0x2166,
  0x2166, 0x2146, 0x1946, 0x1946, 0x1946, 0x2146, 0x1946, 0x1946, 0x1946, 0x1946, 0x1946, 0x1946,
  0x1926, 0x1925, 0x1926, 0x1926, 0x1925, 0x1946, 0x1926, 0x1926, 0x1925, 0x1926, 0x1925, 0x1925,
  0x1925, 0x1925, 0x1946, 0x1966, 0x2166, 0x1966, 0x1966, 0x2166, 0x2166, 0x1946, 0x1946, 0x1946,
  0x1946, 0x1946, 0x1946, 0x1946, 0x1946, 0x1946, 0x1946, 0x1946, 0x1946, 0x2166, 0x1966, 0x2166,
  0x1946, 0x1946, 0x2166, 0x1966, 0x2166, 0x2166, 0x1946, 0x1926, 0x1926, 0x2166, 0x2187, 0x2187,
  0x2187, 0x2167, 0x2187, 0x2187, 0x2187, 0x2187, 0x2187, 0x2187, 0x2187, 0x2187, 0x2187, 0x29A7,
  0x29A8, 0x29A7, 0x29A7, 0x29A7, 0x29A8, 0x2187, 0x2187, 0x2167, 0x2167, 0x2187, 0x2187, 0x2187,
  0x2187, 0x29A8, 0x31E9, 0x426B, 0x5B2E, 0x7C52, 0x94F5, 0xA577, 0xA577, 0xA577, 0x9D36, 0x9516,
  0x9D57, 0xA577, 0xAD98, 0xADB8, 0xA578, 0xA577, 0xA557, 0x7C12, 0x5B0E, 0x424A, 0x2187, 0x2166,
  0x2166, 0x2987, 0x2187, 0x2166, 0x2166, 0x2167, 0x2166, 0x2187, 0x2146, 0x2146, 0x2167, 0x1946,
  0x1926, 0x2146, 0x2146, 0x2166, 0x2146, 0x1926, 0x2146, 0x2146, 0x2146, 0x2146, 0x2146, 0x2146,
  0x2146, 0x2146, 0x2146, 0x2166, 0x2166, 0x2146, 0x2166, 0x2166, 0x2166, 0x2166, 0x2167, 0x2187,
  0x2987, 0x2187, 0x2987, 0x29A7, 0x29A7, 0x2187, 0x2187, 0x2167, 0x2166, 0x2167, 0x2187, 0x2187,
  0x2187, 0x2987, 0x29A7, 0x29A8, 0x29A7, 0x29A7, 0x29A7, 0x29A7, 0x29A7, 0x29A7, 0x29A7, 0x29A7,
  0x29A7, 0x29A8, 0x29A8, 0x29A7, 0x2187, 0x2187, 0x21A7, 0x21A7, 0x29A7, 0x29A7, 0x29A7, 0x2187,
  0x21A7, 0x29A8, 0x21A7, 0x29A7, 0x29C8, 0x29C8, 0x29C8, 0x29A7, 0x21A7, 0x21A7, 0x21A7, 0x29A7,
  0x29A7, 0x2187, 0x2187, 0x2187, 0x21A7, 0x29A7, 0x2187, 0x2187, 0x2187, 0x2187, 0x2167, 0x2166,
  0x2166, 0x2187, 0x2187, 0x2187, 0x2187, 0x2187, 0x2167, 0x2166, 0x2166, 0x2167, 0x2166, 0x2166,
  0x2166, 0x1966, 0x1966, 0x1966, 0x1966, 0x2166, 0x1946, 0x1966, 0x2166, 0x1946, 0x1946, 0x1946,
  0x1926, 0x1946, 0x1946, 0x1946, 0x1926, 0x1926, 0x1926, 0x1926, 0x1925, 0x1926, 0x1946, 0x1946,
  0x1946, 0x1946, 0x1946, 0x2146, 0x2146, 0x2146, 0x1925, 0x1946, 0x2146, 0x1946, 0x1925, 0x1925,
  0x1926, 0x1926, 0x1926, 0x1926, 0x1926, 0x1925, 0x1926, 0x1926, 0x1926, 0x1925, 0x1925, 0x1905,
  0x1946, 0x1946, 0x1925, 0x1925, 0x1925, 0x1945, 0x1945, 0x1946, 0x1946, 0x2166, 0x1966, 0x1946,
  0x1945, 0x1946, 0x1945, 0x1925, 0x1925, 0x1925, 0x1925, 0x1925, 0x1946, 0x1966, 0x1966, 0x2166,
  0x2166, 0x2166, 0x2166, 0x2166, 0x2167, 0x2166, 0x1946, 0x2167, 0x2167, 0x2187, 0x2187, 0x2187,
  0x2167, 0x2167, 0x2187, 0x2187, 0x2187, 0x2166, 0x2166, 0x2166, 0x2166, 0x2187, 0x2166, 0x2167,
  0x2187, 0x2187, 0x2187, 0x2187, 0x2187, 0x21A7, 0x21A7, 0x2187, 0x21A7, 0x21A7, 0x2187, 0x2187,
  0x2187, 0x2187, 0x2187, 0x2167, 0x2187, 0x31E9, 0x426B, 0x530D, 0x73F1, 0x8CD5, 0x9D56, 0x9D36,
  0x9D36, 0x9515, 0x94F5, 0x9516, 0x9D57, 0x9D57, 0xA577, 0xADD9, 0xADD9, 0xA577, 0x9D36, 0x8473,
  0x530D, 0x3A4A, 0x2167, 0x1926, 0x1946, 0x2166, 0x2167, 0x2167, 0x2167, 0x2166, 0x2187, 0x2166,
  0x2166, 0x2146, 0x2167, 0x2146, 0x2166, 0x2166, 0x2146, 0x2166, 0x2166, 0x2167, 0x2187, 0x2166,
  0x2166, 0x2166, 0x2187, 0x2167, 0x2166, 0x2166, 0x2166, 0x2166, 0x2166, 0x2187, 0x2187, 0x2187,
  0x2187, 0x2187, 0x2187, 0x2187, 0x2187, 0x2187, 0x2187, 0x29A7, 0x29A7, 0x2187, 0x2187, 0x2187,
  0x2187, 0x2187, 0x2166, 0x1966, 0x2166, 0x2167, 0x2167, 0x2187, 0x2187, 0x2187, 0x2187, 0x2187,
  0x2187, 0x2187, 0x2187, 0x2187, 0x2187, 0x21A7, 0x2187, 0x29A7, 0x21A7, 0x2187, 0x21A7, 0x2187,
  0x21A7, 0x21A7, 0x21A7, 0x21A7, 0x21A7, 0x21A7, 0x21A7, 0x21A7, 0x21A7, 0x21A7, 0x21A7, 0x21A7,
  0x21A7, 0x29C8, 0x29C8, 0x29C8, 0x29A7, 0x29A7, 0x21A7, 0x2187, 0x2187, 0x2167, 0x1946, 0x1946,
  0x1946, 0x1946, 0x1966, 0x1946, 0x1966, 0x2166, 0x2166, 0x2166, 0x2167, 0x2187, 0x2186, 0x2166,
  0x1966, 0x1966, 0x1966, 0x1966, 0x1966, 0x2166, 0x2166, 0x2166, 0x2166, 0x1946, 0x1966, 0x1966,
  0x2146, 0x2146, 0x2146, 0x1946, 0x1946, 0x1946, 0x1946, 0x1946, 0x1946, 0x1926, 0x1926, 0x1926,
  0x1925, 0x1925, 0x1925, 0x1925, 0x1925, 0x1926, 0x1946, 0x1926, 0x1926, 0x1926, 0x1926, 0x1926,
  0x1946, 0x1946, 0x1925, 0x1925, 0x1925, 0x1925, 0x1925, 0x1925, 0x1925, 0x1925, 0x1925, 0x1905,
  0x1925, 0x1946, 0x1925, 0x1925, 0x1925, 0x1925, 0x1925, 0x1925, 0x1925, 0x1945, 0x1945, 0x1946,
  0x1946, 0x1946, 0x1946, 0x1945, 0x1946, 0x1946, 0x1946, 0x1946, 0x1925, 0x1946, 0x1946, 0x1946,
  0x2166, 0x2166, 0x1966, 0x1966, 0x2166, 0x2166, 0x1946, 0x2166, 0x2166, 0x2166, 0x2167, 0x2166,
  0x2166, 0x2166, 0x2166, 0x2166, 0x1966, 0x2166, 0x2166, 0x2166, 0x2166, 0x2166, 0x1966, 0x1966,
  0x2166, 0x1966, 0x1966, 0x1966, 0x1946, 0x1966, 0x2166, 0x1966, 0x1966, 0x2166, 0x2187, 0x2187,
  0x2187, 0x2187, 0x29A8, 0x2187, 0x2187, 0x2187, 0x2187, 0x29C8, 0x29E8, 0x3A2A, 0x4AAC, 0x5B4E,
  0x7C52, 0x8CD4, 0x9D36, 0x9D57, 0xA577, 0x9D56, 0x9D56, 0x9515, 0x9D36, 0x9515, 0x9D36, 0x9D36,
  0x9D56, 0x9515, 0x8CD4, 0x7C52, 0x636F, 0x3A4A, 0x29A8, 0x2146, 0x2187, 0x2187, 0x2187, 0x2166,
  0x2166, 0x2166, 0x2146, 0x2166, 0x2146, 0x1946, 0x2146, 0x2146, 0x1946, 0x1946, 0x1946, 0x2146,
  0x2146, 0x2146, 0x2166, 0x2166, 0x2166, 0x2166, 0x2166, 0x2166, 0x2167, 0x29A7, 0x2187, 0x2167,
  0x2187, 0x2187, 0x2187, 0x2187, 0x2187, 0x2187, 0x2187, 0x2187, 0x2166, 0x2187, 0x2187, 0x1966,
  0x2167, 0x2167, 0x2166, 0x2166, 0x2187, 0x2187, 0x2187, 0x2187, 0x2187, 0x2187, 0x2187, 0x2187,
  0x2167, 0x2167, 0x2187, 0x2187, 0x2167, 0x2167, 0x2187, 0x2187, 0x2187, 0x2187, 0x21A7, 0x21A7,
  0x21A7, 0x21A7, 0x21A7, 0x21C8, 0x21C8, 0x2187, 0x21A7, 0x21A7, 0x21A7, 0x21A7, 0x21A7, 0x29C8,
  0x29C8, 0x29A7, 0x29A7, 0x29C8, 0x29C8, 0x29A7, 0x29A7, 0x2187, 0x21A7, 0x2187, 0x2187, 0x2167,
  0x2166, 0x1966, 0x1966, 0x2166, 0x1946, 0x1946, 0x1946, 0x1946, 0x1946, 0x1966, 0x1946, 0x1946,
  0x1966, 0x1966, 0x1966, 0x1966, 0x1966, 0x1946, 0x2166, 0x1966, 0x1946, 0x1946, 0x1966, 0x2166,
  0x2166, 0x2166, 0x2166, 0x1946, 0x1946, 0x1946, 0x1946, 0x1946, 0x1926, 0x1946, 0x2146, 0x2146,
  0x2146, 0x1946, 0x1926, 0x1926, 0x1926, 0x1926, 0x1926, 0x1925, 0x1905, 0x1925, 0x1925, 0x1925,
  0x1925, 0x1925, 0x1925, 0x1925, 0x1925, 0x1925, 0x1905, 0x1905, 0x1905, 0x1925, 0x1905, 0x1905,
  0x1125, 0x1105, 0x1925, 0x1925, 0x1925, 0x1925, 0x1925, 0x1925, 0x1925, 0x1945, 0x1925, 0x1925,
  0x1925, 0x1925, 0x1925, 0x1925, 0x1925, 0x1926, 0x1926, 0x1946, 0x1946, 0x1946, 0x1946, 0x1925,
  0x1925, 0x1925, 0x1925, 0x1946, 0x1926, 0x1946, 0x1946, 0x1946, 0x1966, 0x2166, 0x2166, 0x2166,
  0x1966, 0x1966, 0x1946, 0x1946, 0x1946, 0x1946, 0x1946, 0x1946, 0x1946, 0x1966, 0x1946, 0x2166,
  0x2166, 0x1946, 0x1946, 0x1946, 0x1946, 0x1946, 0x1946, 0x1966, 0x2166, 0x2166, 0x2166, 0x2166,
  0x2167, 0x2167, 0x2167, 0x2187, 0x2187, 0x2187, 0x2187, 0x1986, 0x21A7, 0x1966, 0x21A7, 0x2187,
  0x2187, 0x29C8, 0x3A2A, 0x52ED, 0x63B0, 0x7C73, 0x8CD4, 0x9D56, 0x9536, 0x9536, 0x9536, 0x9D36,
  0x9536, 0x9D36, 0x9515, 0x9D56, 0xA597, 0x94F5, 0x8493, 0x7411, 0x4AAC, 0x31E9, 0x2167, 0x1946,
  0x1946, 0x2166, 0x2146, 0x2166, 0x2146, 0x1946, 0x1946, 0x1946, 0x1946, 0x1946, 0x1946, 0x1946,
  0x1946, 0x1946, 0x2146, 0x2166, 0x2166, 0x2166, 0x2166, 0x2166, 0x2187, 0x2187, 0x2187, 0x2187,
  0x2187, 0x2187, 0x2187, 0x2187, 0x2187, 0x2167, 0x2167, 0x2166, 0x2187, 0x2187, 0x2187, 0x2187,
  0x2167, 0x2167, 0x2166, 0x2166, 0x2166, 0x2167, 0x2166, 0x2167, 0x2167, 0x2167, 0x2167, 0x2167,
  0x2167, 0x2187, 0x2187, 0x2187, 0x2166, 0x2166, 0x2167, 0x2187, 0x2187, 0x2187, 0x1987, 0x1987,
  0x1966, 0x1966, 0x1966, 0x1987, 0x1966, 0x2187, 0x2187, 0x2187, 0x2187, 0x2187, 0x2187, 0x2187,
  0x21A7, 0x2167, 0x2187, 0x2187, 0x21A7, 0x21A7, 0x2187, 0x2187, 0x2187, 0x2187, 0x2167, 0x2187,
  0x2187, 0x2187, 0x2187, 0x2167, 0x2166, 0x1946, 0x1946, 0x1946, 0x1946, 0x1946, 0x1925, 0x1945,
  0x1945, 0x1946, 0x1946, 0x1946, 0x1946, 0x1946, 0x1946, 0x1946, 0x1946, 0x1946, 0x1946, 0x1946,
  0x2146, 0x2166, 0x2166, 0x2146, 0x2146, 0x2146, 0x2146, 0x2146, 0x2146, 0x1946, 0x1925, 0x1926,
  0x1926, 0x1925, 0x1925, 0x1946, 0x1925, 0x1925, 0x1925, 0x1905, 0x1905, 0x1925, 0x1925, 0x1925,
  0x1925, 0x1925, 0x1925, 0x1925, 0x1925, 0x1926, 0x1925, 0x1925, 0x1905, 0x1905, 0x1905, 0x1905,
  0x1905, 0x1905, 0x1125, 0x1925, 0x1925, 0x1925, 0x1925, 0x1925, 0x1925, 0x1925, 0x1925, 0x1925,
  0x1125, 0x1925, 0x1925, 0x1925, 0x1946, 0x1925, 0x1925, 0x1925, 0x1925, 0x1925, 0x1925, 0x1946,
  0x1946, 0x1946, 0x1946, 0x1946, 0x1925, 0x1925, 0x1925, 0x1925, 0x1946, 0x1946, 0x1946, 0x1946,
  0x1946, 0x1946, 0x1946, 0x1946, 0x1946, 0x1946, 0x1946, 0x1946, 0x1946, 0x1946, 0x1946, 0x1946,
  0x1946, 0x1946, 0x1946, 0x1946, 0x1946, 0x1966, 0x2166, 0x2166, 0x2166, 0x2166, 0x2166, 0x2166,
  0x2187, 0x2166, 0x2166, 0x2166, 0x2166, 0x2166, 0x2166, 0x2166, 0x1946, 0x1946, 0x1946, 0x1966,
  0x2166, 0x2166, 0x1946, 0x2166, 0x1966, 0x21A7, 0x2187, 0x29E8, 0x3A4A, 0x532D, 0x6BF0, 0x7C73,
  0x8CF4, 0x9536, 0x9D56, 0x9D56, 0x9D77, 0x9516, 0x8CD5, 0x8CD5, 0x9536, 0x8CF5, 0x8CD5, 0x8CF5,
  0x8493, 0x7411, 0x4ACC, 0x3A2A, 0x29A8, 0x1966, 0x1946, 0x2147, 0x2987, 0x2987, 0x2167, 0x2187,
  0x2166, 0x2987, 0x2186, 0x2166, 0x2146, 0x2146, 0x2166, 0x2166, 0x2166, 0x2187, 0x2187, 0x2187,
  0x2187, 0x2187, 0x2187, 0x2187, 0x2187, 0x2167, 0x2167, 0x2166, 0x2167, 0x2187, 0x2187, 0x2166,
  0x2166, 0x2166, 0x2166, 0x2167, 0x2166, 0x2166, 0x2166, 0x2166, 0x2166, 0x2166, 0x2167, 0x2167,
  0x2166, 0x2166, 0x2166, 0x1966, 0x2166, 0x1966, 0x2166, 0x2166, 0x2166, 0x2166, 0x2166, 0x2167,
  0x2167, 0x2167, 0x2187, 0x2187, 0x2166, 0x1966, 0x1966, 0x1966, 0x1966, 0x2166, 0x2167, 0x2167,
  0x2166, 0x2166, 0x2166, 0x2166, 0x2187, 0x2166, 0x2166, 0x2166, 0x2166, 0x2166, 0x2166, 0x2166,
  0x2166, 0x2166, 0x2166, 0x2166, 0x2166, 0x2166, 0x2166, 0x2166, 0x2166, 0x2166, 0x1966, 0x1946,
  0x1946, 0x1946, 0x1946, 0x1946, 0x1946, 0x1946, 0x1925, 0x1925, 0x1946, 0x1946, 0x1946, 0x1946,
  0x1946, 0x1946, 0x1946, 0x1946, 0x1926, 0x1926, 0x1946, 0x1946, 0x2146, 0x2146, 0x2146, 0x2166,
  0x2166, 0x2166, 0x2166, 0x1946, 0x1946, 0x1946, 0x1925, 0x1925, 0x1925, 0x1905, 0x1905, 0x1905,
  0x1905, 0x1905, 0x1905, 0x1905, 0x1905, 0x1925, 0x1925, 0x1925, 0x1925, 0x1925, 0x1925, 0x1905,
  0x1905, 0x1905, 0x1125, 0x1925, 0x1925, 0x1125, 0x1925, 0x1925, 0x1946, 0x1925, 0x1925, 0x1925,
  0x1925, 0x1125, 0x1125, 0x1105, 0x1105, 0x1125, 0x1925, 0x1925, 0x1925, 0x1925, 0x1925, 0x1925,
  0x1925, 0x1925, 0x1946, 0x1946, 0x1946, 0x1946, 0x1925, 0x1946, 0x1946, 0x1946, 0x1946, 0x1946,
  0x1946, 0x1925, 0x1946, 0x1946, 0x1946, 0x1946, 0x1946, 0x1946, 0x1946, 0x1946, 0x1946, 0x1946,
  0x1946, 0x1946, 0x1946, 0x1946, 0x1946, 0x1946, 0x1946, 0x1966, 0x1946, 0x1946, 0x1946, 0x1946,
  0x1966, 0x1946, 0x1946, 0x2166, 0x2166, 0x2187, 0x2187, 0x2187, 0x2187, 0x2187, 0x1946, 0x1966,
  0x2166, 0x2166, 0x2187, 0x2187, 0x2187, 0x21A7, 0x2187, 0x2187, 0x2187, 0x1987, 0x21A8, 0x29E9,
  0x42AB, 0x5B6E, 0x7411, 0x7C72, 0x7C73, 0x8CD5, 0x8CD5, 0x8CF5, 0x8CD5, 0x8CF5, 0x8CF5, 0x8CF5,
  0x9516, 0x9536, 0x9516, 0x9536, 0x84B4, 0x6BD1, 0x530E, 0x320A, 0x2187, 0x2167, 0x1926, 0x2167,
  0x2987, 0x2987, 0x2167, 0x2166, 0x2167, 0x2166, 0x2167, 0x2167, 0x2166, 0x2187, 0x2167, 0x2167,
  0x2187, 0x2166, 0x2166, 0x1966, 0x1966, 0x2146, 0x2146, 0x2146, 0x2146, 0x2146, 0x2146, 0x2166,
  0x2167, 0x2167, 0x2187, 0x2187, 0x2187, 0x2187, 0x2187, 0x1946, 0x1966, 0x2166, 0x2166, 0x2166,
  0x2166, 0x1966, 0x2166, 0x1966, 0x2166, 0x1966, 0x1966, 0x1966, 0x2166, 0x2166, 0x2166, 0x2166,
  0x2187, 0x2187, 0x2187, 0x2187, 0x2167, 0x2167, 0x2167, 0x2166, 0x1966, 0x1946, 0x1946, 0x1946,
  0x2166, 0x2166, 0x2166, 0x2166, 0x2166, 0x2166, 0x2166, 0x1966, 0x1946, 0x1966, 0x1966, 0x1966,
  0x1966, 0x2166, 0x2166, 0x2166, 0x2166, 0x1966, 0x1966, 0x1946, 0x1946, 0x1946, 0x1946, 0x1946,
  0x1946, 0x1946, 0x1925, 0x1925, 0x1925, 0x1925, 0x1125, 0x1925, 0x1925, 0x1925, 0x1925, 0x1925,
  0x1925, 0x1926, 0x1946, 0x1946, 0x1946, 0x1946, 0x1926, 0x1926, 0x1926, 0x1926, 0x1926, 0x1946,
  0x1926, 0x1925, 0x1925, 0x1926, 0x1926, 0x1925, 0x1926, 0x1925, 0x1925, 0x1925, 0x1925, 0x1925,
  0x1925, 0x1925, 0x1905, 0x1905, 0x1905, 0x1925, 0x1925, 0x1925, 0x1905, 0x1925, 0x1905, 0x1905,
  0x1905, 0x1905, 0x1125, 0x1925, 0x1925, 0x1925, 0x1925, 0x1925, 0x1925, 0x1946, 0x1925, 0x1925,
  0x1925, 0x1925, 0x1925, 0x1925, 0x1925, 0x1925, 0x1946, 0x1946, 0x1925, 0x1925, 0x1925, 0x1925,
  0x1925, 0x1925, 0x1925, 0x1925, 0x1946, 0x1946, 0x1946, 0x1946, 0x1946, 0x1966, 0x1946, 0x1946,
  0x1946, 0x1925, 0x1925, 0x1925, 0x1925, 0x1946, 0x1946, 0x1946, 0x1946, 0x1966, 0x1946, 0x1946,
  0x1946, 0x1946, 0x1946, 0x1946, 0x1966, 0x1946, 0x1946, 0x1966, 0x1946, 0x1946, 0x1946, 0x1946,
  0x1946, 0x1946, 0x1946, 0x1946, 0x1946, 0x1946, 0x1946, 0x2166, 0x2187, 0x2166, 0x2166, 0x2187,
  0x2187, 0x2166, 0x2166, 0x1966, 0x1966, 0x2166, 0x2187, 0x2187, 0x2187, 0x2167, 0x2187, 0x2187,
  0x1966, 0x1966, 0x2187, 0x3209, 0x3A6B, 0x638F, 0x7412, 0x7C53, 0x84B4, 0x8CD5, 0x8CF5, 0x9536,
  0x94F5, 0x9516, 0x8CD5, 0x8CD5, 0x8CD5, 0x94F5, 0x94F5, 0x8CD5, 0x8494, 0x7412, 0x5B4F, 0x428B,
  0x2188, 0x1926, 0x1946, 0x2146, 0x2987, 0x2167, 0x2167, 0x2187, 0x2166, 0x2166, 0x2166, 0x2166,
  0x2166, 0x2187, 0x2166, 0x2166, 0x2166, 0x2167, 0x2167, 0x2167, 0x2167, 0x2166, 0x2146, 0x2146,
  0x1946, 0x1946, 0x1946, 0x1946, 0x1946, 0x1946, 0x1946, 0x2167, 0x2166, 0x1966, 0x1946, 0x1946,
  0x1946, 0x1946, 0x2166, 0x1946, 0x1966, 0x1946, 0x1946, 0x1946, 0x1946, 0x1966, 0x1946, 0x1946,
  0x1946, 0x2167, 0x2166, 0x2166, 0x2187, 0x2187, 0x2187, 0x2187, 0x2187, 0x2187, 0x2187, 0x2167,
  0x1966, 0x1946, 0x1946, 0x1946, 0x1946, 0x1946, 0x2166, 0x1966, 0x1946, 0x1966, 0x1966, 0x2166,
  0x2166, 0x1966, 0x1946, 0x1946, 0x1946, 0x1946, 0x1966, 0x1946, 0x1946, 0x1946, 0x1925, 0x1925,
  0x1925, 0x1946, 0x1946, 0x1925, 0x1925, 0x1925, 0x1925, 0x1925, 0x1925, 0x1105, 0x1125, 0x1125,
  0x1925, 0x1925, 0x1925, 0x1925, 0x1925, 0x1925, 0x1925, 0x1925, 0x1926, 0x1926, 0x1926, 0x1925,
  0x1925, 0x1946, 0x2146, 0x1925, 0x1925, 0x1925, 0x1925, 0x1925, 0x1925, 0x1925, 0x1905, 0x1905,
  0x1905, 0x1905, 0x1925, 0x1925, 0x1925, 0x1925, 0x1925, 0x1905, 0x1905, 0x1905, 0x1905, 0x1105,
  0x1105, 0x1105, 0x1125, 0x1925, 0x1925, 0x1105, 0x1105, 0x1105, 0x1105, 0x1125, 0x1125, 0x1125,
  0x1925, 0x1925, 0x1925, 0x1925, 0x1125, 0x1125, 0x1125, 0x1125, 0x1925, 0x1925, 0x1925, 0x1925,
  0x1925, 0x1125, 0x1925, 0x1925, 0x1105, 0x1125, 0x1925, 0x1125, 0x1925, 0x1946, 0x1946, 0x1946,
  0x1925, 0x1925, 0x1925, 0x1925, 0x1925, 0x1925, 0x1925, 0x1946, 0x1946, 0x1946, 0x1925, 0x1946,
  0x1946, 0x1946, 0x1946, 0x1946, 0x1946, 0x1946, 0x1925, 0x1946, 0x1925, 0x1925, 0x1925, 0x1925,
  0x1946, 0x1946, 0x1946, 0x1946, 0x1946, 0x1946, 0x1946, 0x1946, 0x1946, 0x1946, 0x1966, 0x1966,
  0x1946, 0x1925, 0x1946, 0x1925, 0x1946, 0x1946, 0x1946, 0x1946, 0x1966, 0x2187, 0x1966, 0x1946,
  0x1966, 0x1946, 0x1946, 0x1926, 0x1105, 0x1946, 0x2188, 0x3A2A, 0x52ED, 0x6BD0, 0x7412, 0x7C32,
  0x7C53, 0x8473, 0x8494, 0x8494, 0x8CB4, 0x8CF5, 0x8CD5, 0x8CF5, 0x9516, 0x9536, 0x9D57, 0x9516,
  0x8494, 0x6BD1, 0x5B6F, 0x428B, 0x29A8, 0x2167, 0x1946, 0x2167, 0x1946, 0x1946, 0x1966, 0x1966,
  0x1946, 0x1946, 0x1966, 0x1966, 0x1966, 0x1946, 0x1946, 0x1966, 0x1966, 0x1946, 0x1946, 0x2166,
  0x2166, 0x2166, 0x2166, 0x2166, 0x2166, 0x1966, 0x1966, 0x1946, 0x1946, 0x1946, 0x1966, 0x2166,
  0x2166, 0x2166, 0x2166, 0x1946, 0x1966, 0x1946, 0x1946, 0x1946, 0x1946, 0x1946, 0x1946, 0x1966,
  0x1946, 0x1946, 0x1946, 0x1946, 0x1966, 0x1966, 0x2166, 0x2167, 0x2167, 0x1966, 0x1966, 0x1946,
  0x2166, 0x1946, 0x1946, 0x1925, 0x1946, 0x1946, 0x1925, 0x1925, 0x1125, 0x1925, 0x1925, 0x1925,
  0x1946, 0x1946, 0x1946, 0x1946, 0x1946, 0x1966, 0x2166, 0x1946, 0x1946, 0x1946, 0x1946, 0x1925,
  0x1946, 0x1946, 0x1946, 0x1946, 0x1946, 0x1946, 0x1946, 0x1946, 0x1946, 0x1925, 0x1925, 0x1925,
  0x1926, 0x1925, 0x1925, 0x1925, 0x1905, 0x1925, 0x1925, 0x1925, 0x1925, 0x1925, 0x1925, 0x1925,
  0x1925, 0x1925, 0x1925, 0x1925, 0x1925, 0x1925, 0x1925, 0x1925, 0x1925, 0x1925, 0x1925, 0x1925,
  0x1925, 0x1925, 0x1905, 0x1905, 0x1905, 0x1925, 0x1905, 0x1905, 0x1105, 0x1905, 0x1105, 0x1105,
  0x1105, 0x1905, 0x1125, 0x1125, 0x1125, 0x1925, 0x1925, 0x1925, 0x1125, 0x1105, 0x1105, 0x1105,
  0x1125, 0x1125, 0x1925, 0x1925, 0x1105, 0x1125, 0x1925, 0x1925, 0x1925, 0x1925, 0x1925, 0x1125,
  0x1125, 0x1125, 0x1125, 0x1925, 0x1925, 0x1925, 0x1925, 0x1925, 0x1925, 0x1925, 0x1946, 0x1925,
  0x1925, 0x1925, 0x1925, 0x1925, 0x1925, 0x1925, 0x1925, 0x1925, 0x1925, 0x1925, 0x1925, 0x1925,
  0x1925, 0x1925, 0x1925, 0x1925, 0x1946, 0x1946, 0x1946, 0x1946, 0x1925, 0x1925, 0x1925, 0x1925,
  0x1925, 0x1925, 0x1946, 0x1946, 0x1946, 0x1925, 0x1925, 0x1925, 0x1925, 0x1125, 0x1925, 0x1925,
  0x1925, 0x1925, 0x1925, 0x1925, 0x1925, 0x1925, 0x1946, 0x1946, 0x1946, 0x1946, 0x1926, 0x1946,
  0x1966, 0x1946, 0x1966, 0x1966, 0x1966, 0x1946, 0x1946, 0x1966, 0x1946, 0x1967, 0x21A7, 0x29E9,
  0x4ACD, 0x6390, 0x7C53, 0x8473, 0x8CB4, 0x8CB4, 0x8CB4, 0x8CF5, 0x8CF5, 0x8CD5, 0x84D5, 0x8CF6,
  0x84B4, 0x8CD5, 0x9516, 0x8CB4, 0x84B4, 0x6BD1, 0x5B6F, 0x4ACC, 0x31E9, 0x2167, 0x1966, 0x1946,
  0x1967, 0x1946, 0x1946, 0x1946, 0x1946, 0x1946, 0x1946, 0x1946, 0x1946, 0x1946, 0x1946, 0x1946,
  0x1946, 0x1946, 0x1946, 0x1946, 0x1946, 0x1946, 0x1946, 0x1946, 0x1946, 0x1946, 0x1946, 0x1966,
  0x1946, 0x1946, 0x2167, 0x2166, 0x1946, 0x1946, 0x1946, 0x1946, 0x1946, 0x1946, 0x1946, 0x1946,
  0x1946, 0x1946, 0x1946, 0x1946, 0x1946, 0x1946, 0x1946, 0x1946, 0x1946, 0x1946, 0x1926, 0x1946,
  0x1946, 0x1946, 0x1946, 0x1946, 0x1946, 0x1925, 0x1925, 0x1946, 0x1946, 0x1925, 0x1925, 0x1925,
  0x1925, 0x1925, 0x1925, 0x1925, 0x1946, 0x1946, 0x1925, 0x1925, 0x1925, 0x1925, 0x1946, 0x1946,
  0x1925, 0x1946, 0x1946, 0x1946, 0x1925, 0x1946, 0x1946, 0x1946, 0x1946, 0x1946, 0x1925, 0x1925,
  0x1925, 0x1925, 0x1925, 0x1905, 0x1925, 0x1925, 0x1905, 0x1905, 0x1905, 0x1905, 0x1905, 0x1905,
  0x1925, 0x1905, 0x1905, 0x1925, 0x1925, 0x1925, 0x1925, 0x1925, 0x1925, 0x1925, 0x1905, 0x1905,
  0x1905, 0x1905, 0x1925, 0x1905, 0x1905, 0x1905, 0x1905, 0x1905, 0x1905, 0x1905, 0x1105, 0x1105,
  0x1905, 0x1905, 0x1105, 0x1105, 0x1105, 0x1105, 0x1125, 0x1925, 0x1925, 0x1925, 0x1125, 0x1105,
  0x1105, 0x1105, 0x1105, 0x1125, 0x1925, 0x1125, 0x1105, 0x1105, 0x1105, 0x1105, 0x1125, 0x1925,
  0x1925, 0x1925, 0x1925, 0x1925, 0x1925, 0x1125, 0x1105, 0x1946, 0x1925, 0x1925, 0x1105, 0x1105,
  0x1925, 0x1925, 0x1925, 0x1925, 0x1925, 0x1925, 0x1925, 0x1925, 0x1105, 0x1125, 0x1925, 0x1105,
  0x1105, 0x1105, 0x1125, 0x1925, 0x1125, 0x1125, 0x1125, 0x1125, 0x1925, 0x1925, 0x1925, 0x1925,
  0x1105, 0x1105, 0x1125, 0x1925, 0x1925, 0x1925, 0x1925, 0x1925, 0x1925, 0x1925, 0x1925, 0x1925,
  0x1925, 0x1946, 0x2146, 0x2146, 0x2166, 0x2166, 0x2146, 0x1946, 0x2146, 0x1946, 0x1966, 0x2166,
  0x1946, 0x1946, 0x1946, 0x1946, 0x1946, 0x1946, 0x1946, 0x1946, 0x1926, 0x1966, 0x1966, 0x2166,
  0x1967, 0x1946, 0x29C8, 0x3A2A, 0x4ACC, 0x638F, 0x7432, 0x8494, 0x84B4, 0x8494, 0x7C73, 0x7C73,
  0x84B5, 0x84B4, 0x84B4, 0x8CD5, 0x9516, 0x9516, 0x9516, 0x8CF5, 0x8494, 0x6BF1, 0x5B4E, 0x428B,
  0x29C8, 0x1967, 0x1947, 0x1946, 0x1967, 0x1967, 0x2167, 0x2167, 0x1966, 0x1966, 0x1966, 0x1966,
  0x1946, 0x1946, 0x1946, 0x1946, 0x1946, 0x1946, 0x1946, 0x1946, 0x1946, 0x1946, 0x1946, 0x1946,
  0x1946, 0x1946, 0x1946, 0x1966, 0x2166, 0x2166, 0x1966, 0x1946, 0x1946, 0x1946, 0x1946, 0x1946,
  0x1946, 0x1946, 0x1946, 0x1946, 0x1946, 0x1946, 0x1946, 0x1926, 0x1946, 0x1946, 0x1946, 0x1946,
  0x1925, 0x1946, 0x1925, 0x1925, 0x1925, 0x1925, 0x1925, 0x1925, 0x1946, 0x1946, 0x1946, 0x1925,
  0x1925, 0x1125, 0x1125, 0x1125, 0x1925, 0x1925, 0x1925, 0x1925, 0x1925, 0x1925, 0x1925, 0x1946,
  0x1925, 0x1125, 0x1925, 0x1925, 0x1925, 0x1925, 0x1125, 0x1125, 0x1105, 0x1925, 0x1925, 0x1925,
  0x1925, 0x1925, 0x1925, 0x1905, 0x1925, 0x1905, 0x1905, 0x1905, 0x1925, 0x1925, 0x1905, 0x1905,
  0x1905, 0x1905, 0x1105, 0x1105, 0x1105, 0x1105, 0x1105, 0x1105, 0x1105, 0x1105, 0x1905, 0x1905,
  0x1905, 0x1905, 0x1105, 0x1105, 0x1105, 0x1105, 0x1105, 0x1105, 0x1105, 0x1105, 0x1105, 0x1104,
  0x1905, 0x1905, 0x1105, 0x1105, 0x1105, 0x1105, 0x1105, 0x1105, 0x1105, 0x1125, 0x1125, 0x1105,
  0x1105, 0x1105, 0x1105, 0x1105, 0x1105, 0x1105, 0x1125, 0x1925, 0x1125, 0x1125, 0x1925, 0x1925,
  0x1925, 0x1925, 0x1925, 0x1925, 0x1925, 0x1946, 0x1946, 0x1925, 0x1925, 0x1925, 0x1925, 0x1925,
  0x1925, 0x1925, 0x1105, 0x1105, 0x1105, 0x1925, 0x1925, 0x1925, 0x1925, 0x1105, 0x1125, 0x1125,
  0x1105, 0x1105, 0x1125, 0x1105, 0x1105, 0x1105, 0x1105, 0x1105, 0x1105, 0x1105, 0x1105, 0x1105,
  0x1125, 0x1125, 0x1125, 0x1105, 0x1125, 0x1925, 0x1925, 0x1125, 0x1925, 0x1925, 0x1925, 0x1925,
  0x1925, 0x1925, 0x1925, 0x1925, 0x1925, 0x1925, 0x1925, 0x1925, 0x1925, 0x1925, 0x1946, 0x1946,
  0x1925, 0x1946, 0x1946, 0x1946, 0x1946, 0x1925, 0x1926, 0x1946, 0x1946, 0x2166, 0x1966, 0x2166,
  0x1946, 0x1966, 0x1946, 0x1946, 0x1946, 0x1966, 0x21A7, 0x3209, 0x4ACC, 0x638F, 0x7432, 0x7C53,
  0x8CB5, 0x8CD5, 0x8494, 0x84D5, 0x84B5, 0x84B5, 0x84B5, 0x84B4, 0x84D5, 0x8CD5, 0x8CD5, 0x8CD5,
  0x7C73, 0x7412, 0x4AED, 0x428C, 0x29E9, 0x2187, 0x1946, 0x1926, 0x1946, 0x1946, 0x1946, 0x1966,
  0x1946, 0x1946, 0x1946, 0x1966, 0x1946, 0x1946, 0x1946, 0x1946, 0x1946, 0x1946, 0x1946, 0x1966,
  0x1946, 0x1966, 0x2166, 0x2166, 0x1946, 0x1946, 0x1946, 0x1946, 0x1946, 0x1946, 0x1946, 0x1946,
  0x1926, 0x1946, 0x1946, 0x1946, 0x1946, 0x1946, 0x1946, 0x1946, 0x1946, 0x1946, 0x1946, 0x1946,
  0x1925, 0x1925, 0x1925, 0x1925, 0x1925, 0x1925, 0x1925, 0x1925, 0x1925, 0x1925, 0x1925, 0x1125,
  0x1125, 0x1925, 0x1925, 0x1105, 0x1925, 0x1925, 0x1925, 0x1925, 0x1925, 0x1925, 0x1925, 0x1925,
  0x1925, 0x1925, 0x1925, 0x1925, 0x1925, 0x1925, 0x1925, 0x1925, 0x1925, 0x1925, 0x1125, 0x1125,
  0x1905, 0x1905, 0x1905, 0x1905, 0x1105, 0x1905, 0x1905, 0x1925, 0x1905, 0x1905, 0x1905, 0x1905,
  0x1925, 0x1905, 0x1905, 0x1905, 0x1905, 0x1905, 0x1105, 0x1105, 0x1105, 0x1105, 0x1105, 0x1105,
  0x1105, 0x1105, 0x10E5, 0x1105, 0x1105, 0x1104, 0x1104, 0x1104, 0x1104, 0x1105, 0x1104, 0x1104,
  0x1105, 0x1105, 0x1925, 0x1105, 0x1105, 0x1104, 0x1104, 0x1104, 0x1104, 0x1105, 0x1105, 0x1105,
  0x1905, 0x1905, 0x1905, 0x1905, 0x1105, 0x1105, 0x1104, 0x1104, 0x1104, 0x1104, 0x1925, 0x1905,
  0x1905, 0x1104, 0x1104, 0x1104, 0x1104, 0x1104, 0x1105, 0x1905, 0x1905, 0x1905, 0x1925, 0x1925,
  0x1905, 0x1105, 0x1905, 0x1905, 0x1905, 0x1905, 0x1905, 0x1905, 0x1905, 0x1905, 0x1905, 0x1905,
  0x1905, 0x1925, 0x1925, 0x1926, 0x1925, 0x1925, 0x1925, 0x1925, 0x1105, 0x1905, 0x1905, 0x1905,
  0x1905, 0x1905, 0x1905, 0x1105, 0x1105, 0x1105, 0x1105, 0x1905, 0x1905, 0x1905, 0x1905, 0x1905,
  0x1905, 0x1905, 0x1125, 0x1925, 0x1945, 0x1945, 0x1945, 0x1945, 0x1945, 0x1946, 0x1946, 0x1946,
  0x1946, 0x1946, 0x1125, 0x1925, 0x1946, 0x1966, 0x1966, 0x1966, 0x1966, 0x1966, 0x1946, 0x1925,
  0x1125, 0x1925, 0x1925, 0x1125, 0x1925, 0x1946, 0x1946, 0x1946, 0x1946, 0x1946, 0x1946, 0x1966,
  0x21A7, 0x3209, 0x4ACD, 0x6390, 0x7432, 0x7C73, 0x8494, 0x7C73, 0x7C73, 0x7C73, 0x84B4, 0x84B4,
  0x8494, 0x84B5, 0x84D5, 0x8CD5, 0x8CD5, 0x84D5, 0x8494, 0x6BD1, 0x530D, 0x3A6B, 0x29C8, 0x2187,
  0x1967, 0x1126, 0x1966, 0x1966, 0x2166, 0x1966, 0x1966, 0x1945, 0x1945, 0x1965, 0x1945, 0x1925,
  0x1925, 0x1925, 0x1125, 0x1926, 0x1946, 0x1946, 0x1946, 0x1946, 0x1946, 0x1946, 0x1946, 0x1946,
  0x1946, 0x1946, 0x1946, 0x1946, 0x1946, 0x1945, 0x1925, 0x1925, 0x1925, 0x1925, 0x1946, 0x1946,
  0x1946, 0x1946, 0x1946, 0x1946, 0x1946, 0x1946, 0x1946, 0x1946, 0x1946, 0x1925, 0x1125, 0x1125,
  0x1125, 0x1125, 0x1925, 0x1925, 0x1925, 0x1925, 0x1925, 0x1925, 0x1925, 0x1925, 0x1905, 0x1905,
  0x1905, 0x1925, 0x1905, 0x1905, 0x1905, 0x1905, 0x1905, 0x1905, 0x1905, 0x1905, 0x1105, 0x1105,
  0x1925, 0x1925, 0x1925, 0x1905, 0x1905, 0x1905, 0x1905, 0x1905, 0x1925, 0x1905, 0x1905, 0x1105,
  0x1105, 0x1105, 0x1105, 0x1905, 0x1905, 0x1905, 0x1105, 0x1105, 0x1105, 0x1105, 0x1104, 0x1104,
  0x1104, 0x1104, 0x1105, 0x1105, 0x1105, 0x1105, 0x1105, 0x1105, 0x1105, 0x1104, 0x1104, 0x1104,
  0x1105, 0x1105, 0x1104, 0x1105, 0x1105, 0x1104, 0x1104, 0x1104, 0x1104, 0x1905, 0x1905, 0x1905,
  0x1105, 0x1105, 0x1105, 0x1105, 0x1905, 0x1905, 0x1105, 0x1105, 0x1105, 0x10E4, 0x10E4, 0x10E4,
  0x10E4, 0x1104, 0x1105, 0x1104, 0x1105, 0x1905, 0x1925, 0x1105, 0x1905, 0x1905, 0x1105, 0x1105,
  0x1105, 0x10E5, 0x1905, 0x1905, 0x1905, 0x1905, 0x1105, 0x1105, 0x1105, 0x1905, 0x1905, 0x1905,
  0x1905, 0x1905, 0x1105, 0x1905, 0x1105, 0x1105, 0x1105, 0x1105, 0x1925, 0x1925, 0x1925, 0x1925,
  0x1925, 0x1925, 0x1925, 0x1925, 0x1925, 0x1925, 0x1925, 0x1905, 0x1905, 0x1905, 0x1925, 0x1925,
  0x1925, 0x1925, 0x1125, 0x1925, 0x1945, 0x1945, 0x1945, 0x1945, 0x1945, 0x1945, 0x1945, 0x1945,
  0x1945, 0x1125, 0x1125, 0x1125, 0x1925, 0x1945, 0x1945, 0x1946, 0x1945, 0x1946, 0x1966, 0x1966,
  0x1946, 0x1946, 0x1925, 0x1925, 0x1925, 0x1925, 0x1925, 0x1946, 0x1946, 0x1946, 0x1946, 0x1946,
  0x1926, 0x1946, 0x1946, 0x1926, 0x2188, 0x3A2A, 0x4AAC, 0x6390, 0x73F1, 0x84B4, 0x8494, 0x84D5,
  0x84D5, 0x7C74, 0x7C74, 0x7C94, 0x84B5, 0x7C74, 0x8494, 0x84B4, 0x8CD5, 0x8CF5, 0x84B4, 0x6BF1,
  0x532E, 0x428C, 0x2A09, 0x1987, 0x1966, 0x2167, 0x1946, 0x2166, 0x1946, 0x1966, 0x2166, 0x1946,
  0x1946, 0x1945, 0x1946, 0x1926, 0x1125, 0x1925, 0x1946, 0x1946, 0x1926, 0x1925, 0x1926, 0x1925,
  0x1926, 0x1945, 0x1945, 0x1945, 0x1945, 0x1925, 0x1925, 0x1925, 0x1925, 0x1925, 0x1925, 0x1925,
  0x1946, 0x1946, 0x1946, 0x1946, 0x1925, 0x1925, 0x1925, 0x1946, 0x1946, 0x1925, 0x1925, 0x1925,
  0x1125, 0x1125, 0x1125, 0x1925, 0x1925, 0x1925, 0x1925, 0x1925, 0x1925, 0x1925, 0x1925, 0x1925,
  0x1925, 0x1905, 0x1905, 0x1905, 0x1905, 0x1905, 0x1905, 0x1905, 0x1905, 0x1905, 0x1905, 0x1105,
  0x1104, 0x1104, 0x1105, 0x1905, 0x1905, 0x1905, 0x1905, 0x1905, 0x1105, 0x1105, 0x1104, 0x1104,
  0x1104, 0x1104, 0x1104, 0x1105, 0x1105, 0x1105, 0x1105, 0x1105, 0x1105, 0x1105, 0x1905, 0x1105,
  0x1105, 0x1104, 0x1104, 0x1104, 0x1104, 0x1104, 0x1104, 0x1104, 0x1104, 0x1104, 0x1104, 0x1104,
  0x10E4, 0x10E4, 0x10E4, 0x1104, 0x1104, 0x10E4, 0x10E4, 0x1104, 0x1104, 0x1104, 0x1104, 0x1104,
  0x1104, 0x1104, 0x1104, 0x1104, 0x1905, 0x1105, 0x1105, 0x1105, 0x1105, 0x1104, 0x1104, 0x1104,
  0x1104, 0x1104, 0x10E4, 0x10E4, 0x1104, 0x1104, 0x1105, 0x1105, 0x1105, 0x1105, 0x1105, 0x1905,
  0x1905, 0x1105, 0x1905, 0x1905, 0x1905, 0x1105, 0x1105, 0x1105, 0x1105, 0x1105, 0x1105, 0x1105,
  0x1105, 0x1905, 0x1105, 0x1905, 0x1905, 0x1905, 0x1905, 0x1905, 0x1105, 0x1105, 0x1905, 0x1905,
  0x1925, 0x1925, 0x1925, 0x1925, 0x1925, 0x1925, 0x1925, 0x1925, 0x1925, 0x1925, 0x1925, 0x1925,
  0x1926, 0x1925, 0x1125, 0x1925, 0x1925, 0x1925, 0x1925, 0x1925, 0x1925, 0x1925, 0x1925, 0x1925,
  0x1925, 0x1125, 0x1125, 0x1125, 0x1125, 0x1125, 0x1125, 0x1925, 0x1125, 0x1925, 0x1925, 0x1125,
  0x1946, 0x1946, 0x1946, 0x1946, 0x1946, 0x1945, 0x1925, 0x1125, 0x1926, 0x1946, 0x1946, 0x1946,
  0x1966, 0x1966, 0x1946, 0x2167, 0x2167, 0x1966, 0x1946, 0x1946, 0x2187, 0x2A09, 0x42AC, 0x5B4F,
  0x6BD1, 0x7432, 0x7C73, 0x7C73, 0x7C73, 0x7473, 0x7473, 0x84B4, 0x84D5, 0x84B5, 0x84B5, 0x8CF5,
  0x84B4, 0x84B4, 0x7C93, 0x7452, 0x5B6F, 0x42AC, 0x320A, 0x2188, 0x2167, 0x1967, 0x1946, 0x2187,
  0x2187, 0x2186, 0x1946, 0x1966, 0x1966, 0x2166, 0x1946, 0x1946, 0x1946, 0x1946, 0x1946, 0x1926,
  0x1926, 0x1925, 0x1925, 0x1925, 0x1925, 0x1925, 0x1925, 0x1925, 0x1125, 0x1925, 0x1925, 0x1925,
  0x1925, 0x1925, 0x1925, 0x1925, 0x1946, 0x1946, 0x1946, 0x1945, 0x1945, 0x1945, 0x1925, 0x1945,
  0x1925, 0x1125, 0x1125, 0x1925, 0x1905, 0x1925, 0x1905, 0x1905, 0x1905, 0x1905, 0x1925, 0x1925,
  0x1925, 0x1905, 0x1905, 0x1905, 0x1925, 0x1905, 0x1905, 0x1905, 0x1905, 0x1905, 0x1905, 0x1905,
  0x1105, 0x1905, 0x1925, 0x1925, 0x1905, 0x1905, 0x1905, 0x1905, 0x1105, 0x1104, 0x1104, 0x1104,
  0x1104, 0x1104, 0x1104, 0x1104, 0x1104, 0x1104, 0x1104, 0x1104, 0x1104, 0x1104, 0x1104, 0x1104,
  0x10E4, 0x10E4, 0x1104, 0x1104, 0x1104, 0x1104, 0x1104, 0x1104, 0x1104, 0x10E4, 0x10E4, 0x10E4,
  0x10E4, 0x10E4, 0x10E4, 0x10E4, 0x10E4, 0x10E4, 0x10E4, 0x1104, 0x1104, 0x1104, 0x1104, 0x1104,
  0x1104, 0x1104, 0x1104, 0x1104, 0x1104, 0x1104, 0x1104, 0x1104, 0x1104, 0x1104, 0x1105, 0x1105,
  0x1104, 0x1104, 0x1104, 0x1104, 0x1104, 0x10E4, 0x10E4, 0x10E5, 0x10E5, 0x1105, 0x10E5, 0x1105,
  0x1905, 0x1105, 0x1905, 0x1905, 0x1905, 0x1905, 0x1905, 0x1905, 0x1105, 0x1905, 0x1905, 0x1905,
  0x1905, 0x1905, 0x1905, 0x1925, 0x1925, 0x1925, 0x1925, 0x1925, 0x1925, 0x1925, 0x1925, 0x1925,
  0x1925, 0x1925, 0x1925, 0x1925, 0x1925, 0x1925, 0x1905, 0x1925, 0x1925, 0x1925, 0x1905, 0x1925,
  0x1925, 0x1905, 0x1925, 0x1925, 0x1925, 0x1925, 0x1925, 0x1925, 0x1925, 0x1925, 0x1925, 0x1925,
  0x1925, 0x1105, 0x1105, 0x1105, 0x1105, 0x1105, 0x1105, 0x1105, 0x1125, 0x1125, 0x1105, 0x1105,
  0x1125, 0x1925, 0x1925, 0x1946, 0x1925, 0x1925, 0x1925, 0x1925, 0x1925, 0x1925, 0x1925, 0x1946,
  0x1925, 0x1925, 0x2166, 0x1946, 0x1946, 0x1946, 0x1946, 0x2166, 0x1946, 0x1946, 0x1967, 0x1946,
  0x21A8, 0x29C9, 0x3A6B, 0x5B4F, 0x6BD1, 0x7C73, 0x7C94, 0x7C94, 0x7C73, 0x7C94, 0x7C94, 0x7474,
  0x7C94, 0x7C94, 0x7C74, 0x7C74, 0x7C94, 0x84B5, 0x7C74, 0x7C53, 0x63B1, 0x428C, 0x324B, 0x21A8,
  0x1967, 0x1966, 0x1946, 0x1946, 0x1946, 0x1946, 0x1946, 0x2166, 0x2166, 0x2166, 0x2146, 0x1946,
  0x1946, 0x1946, 0x1945, 0x1945, 0x1945, 0x1945, 0x1945, 0x1925, 0x1925, 0x1925, 0x1925, 0x1925,
  0x1925, 0x1925, 0x1925, 0x1925, 0x1925, 0x1925, 0x1925, 0x1925, 0x1925, 0x1925, 0x1925, 0x1925,
  0x1925, 0x1925, 0x1925, 0x1905, 0x1925, 0x1905, 0x1905, 0x1905, 0x1905, 0x1905, 0x1905, 0x1905,
  0x1905, 0x1905, 0x1905, 0x1905, 0x1905, 0x1905, 0x1905, 0x1905, 0x1905, 0x1905, 0x1905, 0x1905,
  0x1905, 0x1905, 0x1905, 0x1905, 0x1905, 0x1905, 0x1905, 0x1905, 0x1905, 0x1905, 0x1105, 0x1105,
  0x1105, 0x1105, 0x1105, 0x1104, 0x1104, 0x1104, 0x10E4, 0x10E4, 0x10E4, 0x10E4, 0x1104, 0x1104,
  0x10E4, 0x10E4, 0x10E4, 0x10E4, 0x10E4, 0x10E4, 0x10E4, 0x10E4, 0x10E4, 0x10E4, 0x10E4, 0x10E4,
  0x1104, 0x1105, 0x1104, 0x10E4, 0x10E4, 0x10E4, 0x10E4, 0x10E4, 0x10E4, 0x1104, 0x10E4, 0x10E4,
  0x10E4, 0x10E4, 0x10E4, 0x10E4, 0x10E4, 0x10E4, 0x10E4, 0x10E4, 0x10E4, 0x10E4, 0x10E4, 0x1104,
  0x1104, 0x1104, 0x1104, 0x1104, 0x1104, 0x1104, 0x1104, 0x10E4, 0x10E4, 0x10E4, 0x1104, 0x10E4,
  0x10E4, 0x10E4, 0x1905, 0x1905, 0x1905, 0x1905, 0x1905, 0x1105, 0x1105, 0x1105, 0x1105, 0x1105,
  0x1925, 0x1925, 0x1925, 0x1925, 0x1925, 0x1925, 0x1925, 0x1925, 0x1925, 0x1925, 0x1945, 0x1945,
  0x1925, 0x1925, 0x1925, 0x1905, 0x1905, 0x1905, 0x1905, 0x1905, 0x1905, 0x1905, 0x1105, 0x1905,
  0x1905, 0x1925, 0x1925, 0x1125, 0x1125, 0x1105, 0x1105, 0x1925, 0x1945, 0x1945, 0x1925, 0x1925,
  0x1925, 0x1925, 0x1125, 0x1105, 0x1105, 0x1125, 0x1925, 0x1925, 0x1105, 0x1925, 0x1125, 0x10E4,
  0x1105, 0x1105, 0x1125, 0x1925, 0x1125, 0x1105, 0x1105, 0x1105, 0x1925, 0x1925, 0x1925, 0x1925,
  0x1925, 0x1925, 0x1925, 0x1925, 0x1925, 0x1925, 0x1125, 0x1925, 0x1925, 0x1926, 0x1926, 0x1926,
  0x1926, 0x1946, 0x1947, 0x1967, 0x1967, 0x21C8, 0x322A, 0x5B6F, 0x63D1, 0x7433, 0x7C74, 0x7C74,
  0x7453, 0x7453, 0x6C33, 0x7433, 0x7454, 0x7C95, 0x7CB5, 0x7C95, 0x84B5, 0x84B5, 0x7C53, 0x7432,
  0x6BF1, 0x4B0D, 0x2A09, 0x21A8, 0x1967, 0x1947, 0x1946, 0x1946, 0x1946, 0x1105, 0x1926, 0x2146,
  0x2146, 0x2166, 0x2166, 0x2146, 0x2166, 0x1946, 0x1925, 0x1945, 0x1946, 0x1925, 0x1925, 0x1925,
  0x1925, 0x1925, 0x1105, 0x1105, 0x1105, 0x1105, 0x1925, 0x1925, 0x1925, 0x1925, 0x1925, 0x1125,
  0x1125, 0x1125, 0x1125, 0x1905, 0x1905, 0x1905, 0x1905, 0x1905, 0x1905, 0x1905, 0x1105, 0x1105,
  0x1105, 0x1905, 0x1905, 0x1905, 0x1905, 0x1925, 0x1925, 0x1925, 0x1925, 0x1925, 0x1925, 0x1905,
  0x1105, 0x1105, 0x1105, 0x1105, 0x1104, 0x1104, 0x1104, 0x1104, 0x1105, 0x1105, 0x1105, 0x1104,
  0x1104, 0x1104, 0x1104, 0x10E4, 0x10E4, 0x10E4, 0x10E4, 0x10E4, 0x10E4, 0x10E4, 0x10E4, 0x10E4,
  0x10E4, 0x10E4, 0x10E4, 0x10E4, 0x1104, 0x10E4, 0x10E4, 0x10E4, 0x10E4, 0x10C4, 0x10C4, 0x10C4,
  0x1104, 0x1104, 0x1105, 0x1104, 0x10E4, 0x10E4, 0x10E4, 0x10E4, 0x10E4, 0x10E4, 0x10E4, 0x1104,
  0x10E4, 0x10E4, 0x10E4, 0x10E4, 0x10E4, 0x10E4, 0x10E4, 0x10C4, 0x10E4, 0x10E4, 0x10E4, 0x10E4,
  0x10E4, 0x10E4, 0x10E4, 0x10E4, 0x10E4, 0x10E4, 0x10E4, 0x1104, 0x1104, 0x1104, 0x1105, 0x1105,
  0x1104, 0x1104, 0x1104, 0x1104, 0x1104, 0x1104, 0x1104, 0x1105, 0x1905, 0x1905, 0x1905, 0x1925,
  0x1925, 0x1905, 0x1905, 0x1925, 0x1905, 0x1905, 0x1905, 0x1905, 0x1925, 0x1925, 0x1925, 0x1925,
  0x1905, 0x1905, 0x1105, 0x1105, 0x1905, 0x1925, 0x1925, 0x1905, 0x1905, 0x1905, 0x1105, 0x1105,
  0x1905, 0x1905, 0x1925, 0x1925, 0x1925, 0x1925, 0x1905, 0x1905, 0x1105, 0x1925, 0x1925, 0x1925,
  0x1925, 0x1925, 0x1925, 0x1925, 0x1925, 0x1925, 0x1925, 0x1905, 0x1925, 0x1925, 0x1925, 0x1905,
  0x1905, 0x1105, 0x1104, 0x1105, 0x1105, 0x1104, 0x1104, 0x1104, 0x1104, 0x1104, 0x1104, 0x1105,
  0x1905, 0x1905, 0x1925, 0x1925, 0x1925, 0x1925, 0x1925, 0x1925, 0x1925, 0x1945, 0x1946, 0x1946,
  0x1946, 0x1946, 0x1946, 0x1946, 0x1946, 0x1966, 0x1146, 0x1946, 0x1967, 0x21A8, 0x320A, 0x4ACD,
  0x5B8F, 0x6BF2, 0x7453, 0x7C73, 0x7C74, 0x7453, 0x7433, 0x7433, 0x7433, 0x6C33, 0x6C33, 0x7473,
  0x7453, 0x7C93, 0x7C73, 0x7452, 0x63D0, 0x532E, 0x324A, 0x21A8, 0x1947, 0x1106, 0x1126, 0x1946,
  0x1946, 0x1926, 0x1946, 0x1946, 0x1125, 0x1146, 0x1146, 0x1926, 0x1926, 0x1946, 0x1926, 0x1926,
  0x1925, 0x1925, 0x1925, 0x1925, 0x1125, 0x1105, 0x1105, 0x1905, 0x1905, 0x1905, 0x1905, 0x1925,
  0x1925, 0x1925, 0x1925, 0x1905, 0x1925, 0x1905, 0x1905, 0x1905, 0x1905, 0x1905, 0x1905, 0x1905,
  0x1905, 0x1105, 0x1105, 0x1105, 0x1105, 0x1105, 0x1105, 0x1105, 0x1105, 0x1105, 0x1105, 0x1104,
  0x1104, 0x1104, 0x1104, 0x1104, 0x1104, 0x1104, 0x1104, 0x1104, 0x10E4, 0x10E4, 0x10E4, 0x10E4,
  0x10E4, 0x10E4, 0x10E4, 0x1104, 0x1104, 0x1104, 0x1104, 0x1104, 0x1104, 0x1104, 0x10E4, 0x10E4,
  0x10E4, 0x10E4, 0x10E4, 0x10E4, 0x10E4, 0x10E4, 0x10E4, 0x10E4, 0x10E4, 0x10E4, 0x10E4, 0x10E4,
  0x10E4, 0x10E4, 0x10E4, 0x10E4, 0x10E4, 0x1104, 0x10E4, 0x10E4, 0x10E4, 0x10E4, 0x10E4, 0x10E4,
  0x10E4, 0x10E4, 0x10E4, 0x10E4, 0x1104, 0x1104, 0x10E4, 0x10E4, 0x10E4, 0x1104, 0x10E4, 0x10E4,
  0x10E4, 0x10E4, 0x10E4, 0x10E4, 0x10E4, 0x10E4, 0x10E4, 0x1104, 0x1104, 0x1104, 0x1104, 0x1104,
  0x1104, 0x1104, 0x1104, 0x1104, 0x1104, 0x1904, 0x1104, 0x1104, 0x1104, 0x1104, 0x1104, 0x1104,
  0x1104, 0x1925, 0x1925, 0x1925, 0x1925, 0x1925, 0x1925, 0x1925, 0x1925, 0x1925, 0x1904, 0x1904,
  0x1104, 0x1104, 0x1104, 0x1104, 0x1104, 0x1104, 0x1905, 0x1105, 0x1105, 0x1105, 0x1105, 0x1105,
  0x1105, 0x1105, 0x1105, 0x1104, 0x1104, 0x1104, 0x10E4, 0x1104, 0x1104, 0x1104, 0x10E4, 0x1104,
  0x1104, 0x1104, 0x1104, 0x1104, 0x1104, 0x1104, 0x1104, 0x1104, 0x1104, 0x10E4, 0x1104, 0x1104,
  0x1104, 0x1104, 0x1925, 0x1104, 0x1104, 0x1104, 0x1104, 0x1105, 0x1105, 0x1104, 0x1104, 0x1105,
  0x1105, 0x1905, 0x1905, 0x1905, 0x1905, 0x1905, 0x1905, 0x1925, 0x1925, 0x1925, 0x1925, 0x1925,
  0x1925, 0x1925, 0x1925, 0x1925, 0x1925, 0x1926, 0x1926, 0x1926, 0x1946, 0x1946, 0x1946, 0x1966,
  0x1967, 0x29C8, 0x3A4A, 0x42AC, 0x5B90, 0x6BF1, 0x7433, 0x7433, 0x7474, 0x7453, 0x6C33, 0x6C12,
  0x6C53, 0x7494, 0x7CB4, 0x7494, 0x7453, 0x7473, 0x7473, 0x6C12, 0x63D1, 0x5B6F, 0x428C, 0x29C9,
  0x1947, 0x1126, 0x1105, 0x1106, 0x1146, 0x1966, 0x1946, 0x1146, 0x1925, 0x1925, 0x1925, 0x1905,
  0x1905, 0x1125, 0x1125, 0x1125, 0x1125, 0x1125, 0x1925, 0x1905, 0x1905, 0x1905, 0x1905, 0x1905,
  0x1905, 0x1905, 0x1905, 0x1905, 0x1925, 0x1905, 0x1905, 0x1905, 0x1905, 0x1905, 0x1105, 0x1105,
  0x1105, 0x1105, 0x1105, 0x1105, 0x1105, 0x1104, 0x1104, 0x1104, 0x1104, 0x1104, 0x1104, 0x10E4,
  0x1104, 0x1104, 0x1104, 0x1104, 0x10E4, 0x10E4, 0x10E4, 0x10E4, 0x1104, 0x1104, 0x1104, 0x10E4,
  0x10E4, 0x10E4, 0x10E4, 0x10E4, 0x10E4, 0x10E4, 0x10E4, 0x10E4, 0x10E4, 0x10E4, 0x10E4, 0x10E4,
  0x10E4, 0x10E4, 0x10E4, 0x10E4, 0x10E4, 0x10E4, 0x10E4, 0x10C4, 0x10C4, 0x10C4, 0x10C4, 0x10C4,
  0x10E4, 0x10E4, 0x10E4, 0x10E4, 0x10E4, 0x10E4, 0x10E4, 0x10E4, 0x1104, 0x10E4, 0x10E4, 0x10E4,
  0x10E4, 0x10E4, 0x10E4, 0x10E4, 0x10E4, 0x1104, 0x1104, 0x1104, 0x1104, 0x1104, 0x1104, 0x1104,
  0x1104, 0x1104, 0x1104, 0x1104, 0x1104, 0x1104, 0x1104, 0x1104, 0x1104, 0x1104, 0x1104, 0x1104,
  0x1104, 0x1904, 0x1104, 0x1104, 0x1104, 0x1904, 0x1104, 0x1104, 0x10E4, 0x1104, 0x10E4, 0x1104,
  0x1104, 0x1104, 0x1104, 0x1104, 0x1104, 0x1104, 0x1104, 0x1104, 0x1904, 0x1904, 0x1104, 0x1104,
  0x1104, 0x1104, 0x1104, 0x1104, 0x1104, 0x10E4, 0x10E4, 0x1105, 0x1105, 0x1105, 0x1105, 0x1105,
  0x1105, 0x10E5, 0x1104, 0x1104, 0x10E4, 0x10E4, 0x10E4, 0x1104, 0x10E4, 0x1104, 0x10E4, 0x10E4,
  0x10E4, 0x10E4, 0x10E4, 0x10E4, 0x10E4, 0x1104, 0x1104, 0x1104, 0x1104, 0x10E4, 0x1104, 0x1104,
  0x1104, 0x1104, 0x10E4, 0x1104, 0x1104, 0x1104, 0x1104, 0x1104, 0x1105, 0x1905, 0x1905, 0x1105,
  0x1105, 0x1905, 0x1905, 0x1905, 0x1905, 0x1905, 0x1905, 0x1925, 0x1925, 0x1925, 0x1925, 0x1925,
  0x1925, 0x1905, 0x1905, 0x1905, 0x1905, 0x10E5, 0x1105, 0x1925, 0x1925, 0x1945, 0x1945, 0x1965,
  0x1946, 0x1945, 0x1946, 0x1946, 0x1966, 0x29C8, 0x322A, 0x42ED, 0x5390, 0x63F1, 0x6C12, 0x7453,
  0x7453, 0x6C53, 0x6412, 0x6C53, 0x7474, 0x6C53, 0x6C53, 0x6C33, 0x7453, 0x7453, 0x7C74, 0x7433,
  0x6BF1, 0x5B4F, 0x4AED, 0x3A6B, 0x21A8, 0x1966, 0x1146, 0x1125, 0x1925, 0x1905, 0x1905, 0x1905,
  0x1925, 0x1125, 0x1105, 0x1105, 0x1105, 0x1105, 0x1105, 0x1905, 0x1905, 0x1905, 0x1905, 0x1905,
  0x1905, 0x1905, 0x1905, 0x1105, 0x1905, 0x1105, 0x10E5, 0x10E5, 0x10E5, 0x10E5, 0x10E5, 0x10E5,
  0x10E5, 0x10E5, 0x10E5, 0x10E5, 0x10E5, 0x1104, 0x1104, 0x1104, 0x1104, 0x1104, 0x1104, 0x10E4,
  0x10E4, 0x10E4, 0x10E4, 0x10E4, 0x10E4, 0x10E4, 0x10E4, 0x10E4, 0x10E4, 0x10E4, 0x10E4, 0x10E4,
  0x10E4, 0x10E4, 0x10E4, 0x10E4, 0x10E4, 0x10E4, 0x10E4, 0x10E4, 0x10E4, 0x10E4, 0x10C4, 0x10C4,
  0x10C4, 0x10C4, 0x10E4, 0x10E4, 0x10E4, 0x10E4, 0x10C4, 0x10C4, 0x10C4, 0x10C4, 0x10C4, 0x10C4,
  0x1104, 0x1104, 0x10E4, 0x10E4, 0x10E4, 0x10E4, 0x10E4, 0x10E4, 0x1104, 0x10E4, 0x10E4, 0x10E4,
  0x10E4, 0x10E4, 0x10E4, 0x10E4, 0x10E4, 0x10E4, 0x10E4, 0x10E4, 0x10E4, 0x10E4, 0x10E4, 0x10E4,
  0x1104, 0x1104, 0x1104, 0x10E4, 0x10E4, 0x10E4, 0x10E4, 0x10E4, 0x10E4, 0x10E4, 0x1104, 0x1104,
  0x1104, 0x1104, 0x1104, 0x1104, 0x10E4, 0x10E4, 0x1104, 0x10E4, 0x10E4, 0x10E4, 0x1104, 0x1104,
  0x1104, 0x1104, 0x1104, 0x10E4, 0x10E4, 0x10E4, 0x10E4, 0x10E4, 0x10E4, 0x10E4, 0x10E4, 0x10E4,
  0x1104, 0x1104, 0x1104, 0x10E4, 0x1104, 0x1104, 0x1104, 0x1104, 0x10E4, 0x1104, 0x1104, 0x1104,
  0x1104, 0x1104, 0x1104, 0x1104, 0x1104, 0x1104, 0x10E4, 0x10E4, 0x10E4, 0x1104, 0x1104, 0x1104,
  0x1104, 0x10E4, 0x10E4, 0x10E4, 0x10E4, 0x10E4, 0x10E4, 0x10E4, 0x10E4, 0x10E4, 0x1104, 0x1104,
  0x18E4, 0x10E4, 0x10E4, 0x10E4, 0x1104, 0x1104, 0x1104, 0x1105, 0x1105, 0x1105, 0x1105, 0x1104,
  0x1104, 0x1105, 0x1105, 0x1105, 0x1105, 0x1105, 0x1104, 0x1104, 0x1105, 0x1905, 0x1905, 0x1905,
  0x1905, 0x1105, 0x1105, 0x1105, 0x1105, 0x1905, 0x1905, 0x1905, 0x1105, 0x1105, 0x1105, 0x1105,
  0x1105, 0x1905, 0x1925, 0x1925, 0x1925, 0x1925, 0x1925, 0x1946, 0x1966, 0x1125, 0x1946, 0x2187,
  0x29C9, 0x3A4B, 0x530E, 0x5B8F, 0x6BF1, 0x7432, 0x6C33, 0x6C32, 0x6C32, 0x6C12, 0x6C33, 0x6C33,
  0x6C53, 0x6C33, 0x6C53, 0x7474, 0x7C94, 0x7C94, 0x7453, 0x63D1, 0x5B70, 0x324B, 0x21C9, 0x1968,
  0x1146, 0x1105, 0x1105, 0x1105, 0x1905, 0x1905, 0x10E5, 0x1104, 0x1104, 0x1104, 0x1104, 0x1104,
  0x1104, 0x1105, 0x1905, 0x1105, 0x1105, 0x1105, 0x1105, 0x1104, 0x1104, 0x1104, 0x10E4, 0x10E4,
  0x10E4, 0x1104, 0x10E4, 0x10E4, 0x1104, 0x10E4, 0x10E4, 0x10E4, 0x10E4, 0x1104, 0x1104, 0x1104,
  0x1104, 0x1104, 0x1104, 0x1104, 0x1104, 0x10E4, 0x10E4, 0x10E4, 0x10E4, 0x10E4, 0x10E4, 0x10E4,
  0x10E4, 0x10E4, 0x10E4, 0x10E4, 0x10E4, 0x10E4, 0x10E4, 0x10E4, 0x10E4, 0x10E4, 0x10C4, 0x10C4,
  0x10C4, 0x10C4, 0x10C4, 0x10C4, 0x10C4, 0x10C4, 0x10C4, 0x10C4, 0x10C4, 0x10C4, 0x10C4, 0x10C4,
  0x10E4, 0x10E4, 0x10E4, 0x1104, 0x10E4, 0x10C4, 0x10E4, 0x10E4, 0x10E4, 0x10E4, 0x10E4, 0x10E4,
  0x10E4, 0x10E4, 0x10E4, 0x10E4, 0x10E4, 0x10E4, 0x10E4, 0x10E4, 0x1104, 0x1104, 0x1104, 0x10E4,
  0x10E4, 0x10E4, 0x10E4, 0x10E4, 0x10E4, 0x10E4, 0x1104, 0x10E4, 0x10E4, 0x10E4, 0x10E4, 0x10E4,
  0x10E4, 0x10E4, 0x10E4, 0x10E4, 0x10E4, 0x10E4, 0x1104, 0x10E4, 0x10E4, 0x10E4, 0x10E4, 0x10E4,
  0x10E4, 0x10E4, 0x10E4, 0x10E4, 0x10E4, 0x10E4, 0x10E4, 0x10E4, 0x10E4, 0x10E4, 0x10E4, 0x10E4,
  0x1104, 0x1104, 0x1104, 0x1104, 0x1104, 0x1105, 0x1905, 0x1104, 0x10E4, 0x1104, 0x1104, 0x1104,
  0x1104, 0x1104, 0x10E4, 0x10E4, 0x10E4, 0x10E4, 0x1104, 0x1104, 0x1104, 0x10E4, 0x10E4, 0x10E4,
  0x10E4, 0x1104, 0x1104, 0x1104, 0x1104, 0x10E4, 0x10E4, 0x10E4, 0x10E4, 0x10E4, 0x10E4, 0x10E4,
  0x18E4, 0x18E4, 0x1104, 0x10E4, 0x1104, 0x1104, 0x1104, 0x1104, 0x1104, 0x1104, 0x1104, 0x10E4,
  0x10E4, 0x10E4, 0x10E4, 0x10E4, 0x10E4, 0x10E4, 0x1104, 0x1104, 0x1105, 0x1105, 0x1105, 0x1105,
  0x1105, 0x1104, 0x1104, 0x1104, 0x1104, 0x1104, 0x1104, 0x1104, 0x1104, 0x1104, 0x1104, 0x1104,
  0x1104, 0x1104, 0x1104, 0x1104, 0x1104, 0x1105, 0x1105, 0x1105, 0x1125, 0x1125, 0x1946, 0x1946,
  0x1946, 0x1126, 0x1126, 0x1946, 0x21A8, 0x29E9, 0x42AC, 0x532E, 0x5BB0, 0x6C12, 0x6C32, 0x7453,
  0x7433, 0x6C12, 0x6C32, 0x7453, 0x7473, 0x6C33, 0x6C53, 0x6C53, 0x6C12, 0x5BB1, 0x5B90, 0x4B2F,
  0x42AC, 0x29E8, 0x2167, 0x1926, 0x1105, 0x10E4, 0x10E5, 0x10E4, 0x10E4, 0x10E4, 0x10E4, 0x1104,
  0x1104, 0x1104, 0x1104, 0x1104, 0x1104, 0x1104, 0x1104, 0x1104, 0x1104, 0x1104, 0x10E4, 0x10E4,
  0x10E4, 0x1104, 0x1104, 0x1104, 0x1104, 0x1104, 0x1104, 0x1104, 0x1104, 0x1104, 0x1104, 0x1104,
  0x1104, 0x1104, 0x1104, 0x1104, 0x1104, 0x1104, 0x1104, 0x1104, 0x1104, 0x10E4, 0x10E4, 0x10E4,
  0x10E4, 0x10E4, 0x10E4, 0x10E4, 0x10C4, 0x10E4, 0x10E4, 0x10E4, 0x10E4, 0x10E4, 0x10C4, 0x10C4,
  0x10C4, 0x10C4, 0x10C4, 0x10C4, 0x10C4, 0x10C4, 0x10C4, 0x10C4, 0x10C4, 0x10C4, 0x10C4, 0x10C4,
  0x08C3, 0x08A3, 0x10C4, 0x10E4, 0x10E4, 0x10C4, 0x10C4, 0x10C4, 0x10C4, 0x10C4, 0x10C4, 0x10C4,
  0x10E4, 0x10E4, 0x10E4, 0x10E4, 0x1104, 0x1104, 0x1104, 0x1104, 0x10E4, 0x10E4, 0x10E4, 0x1105,
  0x1104, 0x10E4, 0x10E4, 0x10E4, 0x10E4, 0x10E4, 0x10E4, 0x1104, 0x1104, 0x1104, 0x1104, 0x1104,
  0x10E4, 0x10E4, 0x08C4, 0x08E4, 0x08E4, 0x10E4, 0x10E4, 0x10E4, 0x10E4, 0x10E4, 0x10E4, 0x10E4,
  0x1104, 0x10E4, 0x10E4, 0x10E4, 0x10E4, 0x10E4, 0x10E4, 0x10E4, 0x10E4, 0x10E4, 0x10E4, 0x10E4,
  0x10E4, 0x10E4, 0x10E4, 0x1104, 0x1104, 0x10E4, 0x10E4, 0x1104, 0x10E4, 0x1104, 0x1104, 0x1104,
  0x1104, 0x1104, 0x10E4, 0x10E4, 0x10E4, 0x10E4, 0x10E4, 0x1104, 0x10E4, 0x1104, 0x1104, 0x1104,
  0x1104, 0x10E4, 0x10E4, 0x10E4, 0x10E4, 0x10E4, 0x10E4, 0x10E4, 0x10E4, 0x10E4, 0x10E4, 0x10E4,
  0x10E4, 0x10E4, 0x10E4, 0x10E4, 0x10E4, 0x1104, 0x1104, 0x1104, 0x1104, 0x1104, 0x1104, 0x1104,
  0x1104, 0x1104, 0x10E4, 0x10E4, 0x10E4, 0x10E4, 0x10E4, 0x10E4, 0x10E4, 0x10E4, 0x10E4, 0x10E4,
  0x10E4, 0x10E4, 0x1104, 0x1105, 0x1105, 0x1104, 0x1104, 0x1104, 0x1105, 0x1105, 0x1105, 0x1105,
  0x1104, 0x1104, 0x1104, 0x10E4, 0x1105, 0x1105, 0x1905, 0x1105, 0x1105, 0x1104, 0x1105, 0x1105,
  0x1105, 0x1105, 0x1125, 0x1925, 0x1125, 0x1126, 0x1146, 0x1946, 0x1987, 0x21C8, 0x320A, 0x428C,
  0x4B0D, 0x5B6F, 0x5B6F, 0x5B4F, 0x532E, 0x4B4F, 0x4B2F, 0x4B2F, 0x4B2F, 0x4B2F, 0x4B0E, 0x42EE,
  0x42AC, 0x42AB, 0x3A4A, 0x29E8, 0x2187, 0x1946, 0x1105, 0x10E4, 0x10E4, 0x10E4, 0x10E4, 0x1104,
  0x10E4, 0x10E4, 0x10E4, 0x1104, 0x1104, 0x1104, 0x10E4, 0x10E4, 0x1104, 0x1104, 0x10E4, 0x10E4,
  0x10E4, 0x1104, 0x10E4, 0x10E4, 0x10E4, 0x10E4, 0x10E4, 0x10E4, 0x10E4, 0x10E4, 0x10E4, 0x10E4,
  0x10E4, 0x10E4, 0x10E4, 0x10E4, 0x10E4, 0x1104, 0x1104, 0x1104, 0x1104, 0x1104, 0x10E4, 0x10E4,
  0x10E4, 0x10E4, 0x10E4, 0x10E4, 0x10C4, 0x10E4, 0x10C4, 0x10C4, 0x10C4, 0x10C4, 0x10C4, 0x10C4,
  0x10C4, 0x10C4, 0x10C4, 0x10C4, 0x10C4, 0x10C4, 0x10C4, 0x10C4, 0x10C4, 0x10C4, 0x10C4, 0x10C4,
  0x10C4, 0x10C4, 0x08C3, 0x08A3, 0x10C4, 0x10C4, 0x10C4, 0x10C4, 0x10C4, 0x10C4, 0x10C4, 0x10C4,
  0x10E4, 0x10E4, 0x10E4, 0x10E4, 0x10E4, 0x10E4, 0x10E4, 0x10E4, 0x10E4, 0x10E4, 0x10E4, 0x08C4,
  0x10C4, 0x10E4, 0x10E4, 0x10E4, 0x10E4, 0x10E4, 0x10E4, 0x10E4, 0x10E4, 0x10E4, 0x10E4, 0x10E4,
  0x1104, 0x1104, 0x10E4, 0x10E4, 0x10E4, 0x10C4, 0x10E4, 0x10E4, 0x10E4, 0x10E4, 0x1104, 0x1104,
  0x1104, 0x10E4, 0x10E4, 0x10E4, 0x10E4, 0x10E4, 0x10E4, 0x10E4, 0x10C4, 0x10C4, 0x10C4, 0x10C4,
  0x10E4, 0x10E4, 0x10E4, 0x10E4, 0x10E4, 0x10E4, 0x1104, 0x1104, 0x10E4, 0x1104, 0x1104, 0x1104,
  0x1104, 0x1104, 0x10E4, 0x10E4, 0x10E4, 0x10E4, 0x10E4, 0x10E4, 0x10E4, 0x10E4, 0x10E4, 0x10E4,
  0x10E4, 0x10E4, 0x10E4, 0x10E4, 0x10E4, 0x10E4, 0x10E4, 0x10E4, 0x1104, 0x10E4, 0x10E4, 0x10E4,
  0x10C4, 0x10E4, 0x10E4, 0x10E4, 0x10E4, 0x10E4, 0x1104, 0x1104, 0x1104, 0x1104, 0x1104, 0x1104,
  0x10E4, 0x10E4, 0x10E4, 0x10E4, 0x10E4, 0x10E4, 0x10E4, 0x10E4, 0x10E4, 0x10E4, 0x10E4, 0x10E4,
  0x10E4, 0x10E4, 0x10E4, 0x10E4, 0x1104, 0x1105, 0x1105, 0x1105, 0x1104, 0x1104, 0x1104, 0x1104,
  0x1105, 0x1104, 0x1104, 0x1104, 0x1104, 0x1104, 0x1104, 0x1104, 0x10E4, 0x1104, 0x1104, 0x1905,
  0x1105, 0x1105, 0x1905, 0x1905, 0x1105, 0x1905, 0x1105, 0x1125, 0x1945, 0x1125, 0x1926, 0x1926,
  0x10E5, 0x1926, 0x1946, 0x2187, 0x29A8, 0x29E9, 0x2A09, 0x29E9, 0x21C8, 0x29C9, 0x21A8, 0x21A8,
  0x21A8, 0x1966, 0x1966, 0x1966, 0x1946, 0x1125, 0x1125, 0x1104, 0x1104, 0x1104, 0x1104, 0x10E4,
  0x10E4, 0x10E4, 0x10E4, 0x10E4, 0x10E4, 0x10E4, 0x10E4, 0x10E4, 0x1104, 0x1104, 0x10E4, 0x10E4,
  0x10E4, 0x10E4, 0x10E4, 0x10E4, 0x10E4, 0x10E4, 0x10E4, 0x10E4, 0x10E4, 0x10E4, 0x10E4, 0x10E4,
  0x10E4, 0x10E4, 0x10E4, 0x10E4, 0x10E4, 0x10E4, 0x10E4, 0x10E4, 0x1104, 0x10E4, 0x10E4, 0x10E4,
  0x10E4, 0x10E4, 0x10E4, 0x10E4, 0x10C4, 0x10E4, 0x10E4, 0x10E4, 0x10E4, 0x10E4, 0x10C4, 0x10C4,
  0x10C4, 0x10C4, 0x10C4, 0x10C4, 0x10C4, 0x10C4, 0x10C4, 0x10C4, 0x10C4, 0x10C4, 0x10C4, 0x10C4,
  0x10C4, 0x10C4, 0x10C4, 0x10C4, 0x10C4, 0x10C4, 0x10C4, 0x10C4, 0x10C4, 0x10C4, 0x10C4, 0x10C4,
  0x10C4, 0x10C4, 0x10C4, 0x10E4, 0x10E4, 0x10E4, 0x10E4, 0x10E4, 0x10E4, 0x10E4, 0x10E4, 0x10E4,
  0x10E4, 0x10E4, 0x10E4, 0x10E4, 0x10E4, 0x10E4, 0x10E4, 0x10E4, 0x10E4, 0x10E4, 0x10E4, 0x10E4,
  0x10E4, 0x10E4, 0x10E4, 0x10E4, 0x10E4, 0x10E4, 0x10E4, 0x10E4, 0x10E4, 0x10E4, 0x10E4, 0x10E4,
  0x10E4, 0x1104, 0x10E4, 0x10E4, 0x10E4, 0x10E4, 0x10E4, 0x10E4, 0x10C4, 0x10C4, 0x10C4, 0x10C4,
  0x10E4, 0x10E4, 0x10E4, 0x10E4, 0x10E4, 0x10E4, 0x10E4, 0x10E4, 0x10E4, 0x10E4, 0x10E4, 0x10E4,
  0x10E4, 0x10E4, 0x10E4, 0x10E4, 0x10E4, 0x10E4, 0x1104, 0x10E4, 0x10E4, 0x10E4, 0x10E4, 0x10E4,
  0x10E4, 0x10C4, 0x10C4, 0x10C4, 0x10E4, 0x10E4, 0x10E4, 0x10C4, 0x10E4, 0x10E4, 0x10E4, 0x10E4,
  0x10E4, 0x10E4, 0x10E4, 0x10E4, 0x1104, 0x1104, 0x10E4, 0x10E4, 0x10E4, 0x10E4, 0x10E4, 0x10E4,
  0x10E4, 0x10E4, 0x10E4, 0x10E4, 0x10E4, 0x10E4, 0x10E4, 0x10E4, 0x10E4, 0x10E4, 0x10E4, 0x10E4,
  0x10E4, 0x10E4, 0x10E4, 0x10E4, 0x10E4, 0x1104, 0x1104, 0x1104, 0x1104, 0x1104, 0x1104, 0x1104,
  0x10E4, 0x1104, 0x1104, 0x1104, 0x10E4, 0x10E4, 0x10E4, 0x10E4, 0x10E4, 0x10E4, 0x10E4, 0x10E4,
  0x1905, 0x1905, 0x1905, 0x1905, 0x1905, 0x1905, 0x1105, 0x1104, 0x1104, 0x1125, 0x1905, 0x1905,
  0x1905, 0x1925, 0x1905, 0x1105, 0x1925, 0x1905, 0x1905, 0x1925, 0x1925, 0x1905, 0x1905, 0x1905,
  0x1105, 0x1105, 0x1105, 0x1105, 0x1105, 0x1104, 0x0904, 0x10E4, 0x10E4, 0x10E4, 0x10E4, 0x10E4,
  0x10E4, 0x10E4, 0x10E4, 0x10E4, 0x10E4, 0x10E4, 0x10E4, 0x10E4, 0x10E4, 0x10E4, 0x10E4, 0x10E4,
  0x10E4, 0x10E4, 0x10E4, 0x10E4, 0x10E4, 0x10E4, 0x10E4, 0x10E4, 0x10E4, 0x10E4, 0x10E4, 0x10E4,
  0x10E4, 0x10E4, 0x10E4, 0x10E4, 0x10E4, 0x10E4, 0x10E4, 0x10E4, 0x10E4, 0x10E4, 0x10E4, 0x10E4,
  0x10E4, 0x10E4, 0x10E4, 0x10E4, 0x10C4, 0x10C4, 0x10C4, 0x10C4, 0x10C4, 0x10C4, 0x10C4, 0x10C4,
  0x10C4, 0x10C4, 0x10C4, 0x10C4, 0x10C4, 0x10C4, 0x10C4, 0x10C4, 0x10C4, 0x10C4, 0x10C4, 0x10C4,
  0x10C4, 0x10C4, 0x10C4, 0x10C4, 0x10C4, 0x10C4, 0x10C4, 0x10C4, 0x10C4, 0x10C4, 0x10C4, 0x10C4,
  0x10C4, 0x10C4, 0x10C4, 0x10C4, 0x10E4, 0x10E4, 0x10E4, 0x10E4, 0x10E4, 0x10E4, 0x10E4, 0x10E4,
  0x10E4, 0x10E4, 0x10E4, 0x10E4, 0x10E4, 0x10E4, 0x10E4, 0x1104, 0x1104, 0x10E4, 0x10E4, 0x10E4,
  0x10E4, 0x10E4, 0x10E4, 0x10E4, 0x10E4, 0x10E4, 0x10E4, 0x10E4, 0x18E4, 0x10E4, 0x10E4, 0x10E4,
  0x10E4, 0x10E4, 0x10E4, 0x10E4, 0x10E4, 0x10E4, 0x10C4, 0x10E4, 0x10E4, 0x10E4, 0x10C4, 0x10E4,
  0x10C4, 0x10C4, 0x10C4, 0x10E4, 0x10E4, 0x10E4, 0x10E4, 0x10E4, 0x10E4, 0x10E4, 0x10E4, 0x10E4,
  0x10E4, 0x10E4, 0x10E4, 0x10E4, 0x10E4, 0x10E4, 0x10E4, 0x10E4, 0x10E4, 0x10E4, 0x10E4, 0x10E4,
  0x10E4, 0x10C4, 0x10C4, 0x10C4, 0x10E4, 0x10E4, 0x10E4, 0x10E4, 0x10E4, 0x10E4, 0x10E4, 0x10E4,
  0x10C4, 0x10C4, 0x10E4, 0x10E4, 0x10E4, 0x1104, 0x1104, 0x10E4, 0x10E4, 0x10E4, 0x10E4, 0x10E4,
  0x10E4, 0x10E4, 0x10E4, 0x10E4, 0x10E4, 0x10E4, 0x10E4, 0x10E4, 0x10E4, 0x10E4, 0x10E4, 0x10E4,
  0x10E4, 0x10E4, 0x10E4, 0x10E4, 0x10E4, 0x10E4, 0x10E4, 0x10E4, 0x10E4, 0x10E4, 0x10E4, 0x10E4,
  0x10E4, 0x10E4, 0x1104, 0x1104, 0x1104, 0x10E4, 0x10E4, 0x10E4, 0x10E4, 0x10E4, 0x10E4, 0x10E4,
  0x10E4, 0x10E4, 0x10E4, 0x10E4, 0x10E4, 0x10E4, 0x1104, 0x1104, 0x1104, 0x1104, 0x1905, 0x1905,
  0x1905, 0x1905, 0x1905, 0x1905, 0x1905, 0x1904, 0x1904, 0x1904, 0x18E4, 0x18E4, 0x18E4, 0x18E4,
  0x10E4, 0x10E4, 0x10E4, 0x10E4, 0x10E4, 0x10E4, 0x10E4, 0x10E4, 0x10E4, 0x10E4, 0x10E4, 0x10E4,
  0x10E4, 0x10E4, 0x10E4, 0x10E4, 0x10E4, 0x10E4, 0x10E4, 0x10E4, 0x10E4, 0x10E4, 0x10E4, 0x10E4,
  0x10E4, 0x10E4, 0x10E4, 0x10E4, 0x10E4, 0x10E4, 0x10E4, 0x10E4, 0x10E4, 0x10C4, 0x10C4, 0x10C4,
  0x10C4, 0x10C4, 0x10C4, 0x10C4, 0x10E4, 0x10E4, 0x10E4, 0x10E4, 0x10E4, 0x10E4, 0x10E4, 0x10E4,
  0x10E4, 0x10E4, 0x10E4, 0x10C4, 0x10C4, 0x10C4, 0x10C4, 0x10C4, 0x10C4, 0x10C4, 0x10C4, 0x10C4,
  0x10C4, 0x10C4, 0x10C4, 0x10C4, 0x10C4, 0x10C4, 0x10C4, 0x10C4, 0x10C4, 0x08A3, 0x08C4, 0x08C4,
  0x10A4, 0x10A4, 0x10A4, 0x10C4, 0x10C4, 0x10C4, 0x10C4, 0x10C4, 0x10A4, 0x10C4, 0x10C4, 0x10C4,
  0x10C4, 0x10C4, 0x10C4, 0x10C4, 0x10E4, 0x10E4, 0x10E4, 0x10E4, 0x10E4, 0x10E4, 0x10E4, 0x10E4,
  0x10E4, 0x10E4, 0x10E4, 0x10E4, 0x10E4, 0x10E4, 0x10E4, 0x10E4, 0x10E4, 0x10E4, 0x10E4, 0x10E4,
  0x1104, 0x1104, 0x10E4, 0x10E4, 0x10E4, 0x10C4, 0x10C4, 0x10C4, 0x10C4, 0x10E4, 0x10E4, 0x10E4,
  0x10E4, 0x10E4, 0x10E4, 0x10E4, 0x10E4, 0x10E4, 0x10E4, 0x10E4, 0x10E4, 0x10E4, 0x10C4, 0x10E4,
  0x10E4, 0x10E4, 0x1104, 0x10E4, 0x10E4, 0x10E4, 0x10E4, 0x1104, 0x1104, 0x1104, 0x10E4, 0x10E4,
  0x10E4, 0x10E4, 0x10E4, 0x10E4, 0x10E4, 0x10E4, 0x10C4, 0x10E4, 0x10E4, 0x10E4, 0x10E4, 0x10E4,
  0x10E4, 0x10C4, 0x10C4, 0x10C4, 0x10E4, 0x10E4, 0x10E4, 0x10E4, 0x1905, 0x1104, 0x1104, 0x1104,
  0x10C4, 0x10C4, 0x10C4, 0x10E4, 0x10E4, 0x10E4, 0x10E4, 0x10E4, 0x10E4, 0x10E4, 0x10E4, 0x10E4,
  0x10E4, 0x10E4, 0x10E4, 0x10E4, 0x10E4, 0x10E4, 0x10E4, 0x10E4, 0x10E4, 0x10E4, 0x10E4, 0x10E4,
  0x10E4, 0x10E4, 0x10E4, 0x10E4, 0x10E4, 0x10E4, 0x10E4, 0x10E4, 0x10E4, 0x10E4, 0x10E4, 0x10E4,
  0x10E4, 0x10E4, 0x10E4, 0x10E4, 0x1104, 0x10E4, 0x10E4, 0x10E4, 0x10E4, 0x10E4, 0x10E4, 0x10E4,
  0x10E4, 0x10E4, 0x10E5, 0x10E5, 0x10E5, 0x10E4, 0x10E4, 0x10E4, 0x1104, 0x1104, 0x1104, 0x1104,
  0x1905, 0x1905, 0x1905, 0x1905, 0x1905, 0x1905, 0x1905, 0x1104, 0x10E4, 0x10E4, 0x10E4, 0x10E4,
  0x10E4, 0x10E4, 0x10C4, 0x10E4, 0x10E4, 0x10E4, 0x1104, 0x10E4, 0x10E4, 0x1104, 0x1104, 0x10E4,
  0x10E4, 0x10E4, 0x10E4, 0x10E4, 0x10E4, 0x10E4, 0x10E4, 0x10E4, 0x10E4, 0x10E4, 0x10E4, 0x10E4,
  0x10E4, 0x10E4, 0x10E4, 0x10E4, 0x10E4, 0x10E4, 0x10E4, 0x10E4, 0x10E4, 0x10E4, 0x10E4, 0x10E4,
  0x10E4, 0x10E4, 0x10E4, 0x10E4, 0x10C4, 0x10C4, 0x10C4, 0x10C4, 0x10E4, 0x10E4, 0x10E4, 0x10E4,
  0x10E4, 0x10E4, 0x10E4, 0x10C4, 0x10C4, 0x10C4, 0x10C4, 0x10C4, 0x10C4, 0x10C4, 0x10C4, 0x10C4,
  0x10C4, 0x10C4, 0x10C4, 0x10C4, 0x10C4, 0x10C4, 0x10C4, 0x10C4, 0x10E4, 0x10E4, 0x10E4, 0x10E4,
  0x10A4, 0x08A4, 0x10A4, 0x08A4, 0x08A4, 0x10A4, 0x10A4, 0x10A4, 0x10A4, 0x10C4, 0x10C4, 0x10C4,
  0x10A4, 0x10C4, 0x10C4, 0x10C4, 0x10C4, 0x10C4, 0x10C4, 0x10C4, 0x10E4, 0x10E4, 0x10E4, 0x10C4,
  0x10C4, 0x10C4, 0x10C4, 0x10E4, 0x10E4, 0x10E4, 0x10E4, 0x10C4, 0x10C4, 0x10C4, 0x10C4, 0x10C4,
  0x10C4, 0x10C4, 0x10E4, 0x10E4, 0x10E4, 0x10C4, 0x10E4, 0x10E4, 0x10E4, 0x10C4, 0x10E4, 0x10E4,
  0x10E4, 0x10E4, 0x10C4, 0x10C4, 0x10E4, 0x10E4, 0x10E4, 0x10E4, 0x10E4, 0x10E4, 0x10C4, 0x10C4,
  0x10C4, 0x10C4, 0x10C4, 0x10C4, 0x10C4, 0x10E4, 0x10E4, 0x1104, 0x1104, 0x1104, 0x1104, 0x1104,
  0x1104, 0x1104, 0x10E4, 0x10C4, 0x10C4, 0x10E4, 0x10E4, 0x10E4, 0x10E4, 0x10E4, 0x10E4, 0x10C4,
  0x10C4, 0x10C4, 0x10C4, 0x10C4, 0x10C4, 0x10C4, 0x10E4, 0x10E4, 0x1104, 0x10E4, 0x10E4, 0x10E4,
  0x1104, 0x1105, 0x1105, 0x10E4, 0x10E4, 0x10E4, 0x10C4, 0x10C4, 0x10C4, 0x10C4, 0x10C4, 0x10C4,
  0x10C4, 0x10C4, 0x10C4, 0x10E4, 0x10E4, 0x10E4, 0x10E4, 0x10E4, 0x10E4, 0x10C4, 0x10C4, 0x10C4,
  0x10C4, 0x10C4, 0x10C4, 0x10C4, 0x10C4, 0x10C4, 0x10E4, 0x10E4, 0x10C4, 0x10E4, 0x10E4, 0x10E4,
  0x10E4, 0x10E4, 0x10E4, 0x10E4, 0x10E4, 0x10E4, 0x10E4, 0x1104, 0x1104, 0x1104, 0x10E4, 0x10E4,
  0x10C4, 0x08C3, 0x10E4, 0x10E4, 0x10E4, 0x10E4, 0x10E4, 0x10E4, 0x10E4, 0x10E4, 0x1104, 0x1104,
  0x1104, 0x10E4, 0x10E4, 0x10E4, 0x10E4, 0x10E4, 0x10E4, 0x10E4, 0x10E4, 0x10E5, 0x10E4, 0x10E4,
  0x10E4, 0x10E4, 0x10E4, 0x10E4, 0x10E4, 0x10E4, 0x10C4, 0x10C4, 0x10C4, 0x10C4, 0x10E4, 0x10E4,
  0x10E4, 0x10E4, 0x10E4, 0x10E4, 0x10E4, 0x10E4, 0x10E4, 0x10E4, 0x10E4, 0x10E4, 0x10C4, 0x10C4,
  0x10C4, 0x10C4, 0x10C4, 0x10C4, 0x10C4, 0x10C4, 0x10C3, 0x10C3, 0x10C3, 0x10C4, 0x10C4, 0x10E4,
  0x10C4, 0x10C4, 0x10C4, 0x10C4, 0x10E4, 0x10E4, 0x10C4, 0x10E4, 0x10C4, 0x10C4, 0x10C4, 0x10C4,
  0x10C4, 0x10C4, 0x10C4, 0x08C4, 0x10C4, 0x10E4, 0x10E4, 0x10E4, 0x10E4, 0x10E4, 0x10E4, 0x10E4,
  0x1105, 0x1105, 0x1105, 0x1105, 0x1105, 0x1105, 0x1105, 0x1125, 0x1925, 0x1925, 0x1946, 0x1946,
  0x10A3, 0x08A3, 0x10A3, 0x10A3, 0x10A3, 0x10C4, 0x10C4, 0x10C4, 0x10C4, 0x10C4, 0x10C4, 0x10C4,
  0x10A3, 0x10C4, 0x10C4, 0x10C4, 0x10C4, 0x10C4, 0x10C4, 0x10C4, 0x10E4, 0x10E4, 0x10E4, 0x10C4,
  0x10C4, 0x10C4, 0x10C4, 0x10C4, 0x10C4, 0x10C4, 0x10C4, 0x10C4, 0x10C4, 0x10C4, 0x10C4, 0x10C4,
  0x10C4, 0x10C4, 0x10C4, 0x10C4, 0x10C4, 0x10C4, 0x10C4, 0x10C4, 0x10C4, 0x10C4, 0x10C4, 0x10E4,
  0x10E4, 0x10E4, 0x10E4, 0x10E4, 0x10C4, 0x10E4, 0x10E4, 0x10E4, 0x10E4, 0x10E4, 0x10C4, 0x10C4,
  0x10C4, 0x10C4, 0x10C4, 0x10C4, 0x10C4, 0x10C4, 0x10E4, 0x10E4, 0x10E4, 0x10E4, 0x10E4, 0x10E4,
  0x10E4, 0x10E4, 0x10C4, 0x10E4, 0x10E4, 0x10E4, 0x10C4, 0x10C4, 0x10C4, 0x10C4, 0x10C4, 0x10C4,
  0x10C4, 0x10C4, 0x10C4, 0x10C4, 0x10C4, 0x10C4, 0x10E4, 0x1104, 0x10E4, 0x10E4, 0x10E4, 0x10E4,
  0x10E4, 0x10E4, 0x10E4, 0x10E4, 0x10E4, 0x10C4, 0x10C4, 0x10C4, 0x10C4, 0x10C4, 0x10C4, 0x10C4,
  0x10C4, 0x10C4, 0x10C4, 0x10C4, 0x10C4, 0x10C4, 0x10C4, 0x10C4, 0x10C4, 0x10C4, 0x10C4, 0x10C4,
  0x10C4, 0x10C4, 0x10C4, 0x10C4, 0x10C4, 0x10C4, 0x10C4, 0x10C4, 0x10C4, 0x10C4, 0x10E4, 0x10E4,
  0x10E4, 0x10E4, 0x10E4, 0x10E4, 0x10E4, 0x10E4, 0x10E4, 0x10E4, 0x10E4, 0x10E4, 0x10E4, 0x10E4,
  0x10E4, 0x10E4, 0x10C4, 0x10C4, 0x10E4, 0x10E4, 0x08E4, 0x08E4, 0x08E4, 0x08E4, 0x10E4, 0x10E4,
  0x10E4, 0x10E4, 0x10E4, 0x10E4, 0x10E4, 0x10E4, 0x10E4, 0x10E4, 0x10E4, 0x10E4, 0x10E4, 0x10E4,
  0x10E4, 0x10E4, 0x10E4, 0x10E4, 0x10E4, 0x10E4, 0x10C4, 0x10C4, 0x10C4, 0x10C4, 0x10C4, 0x10C4,
  0x10C4, 0x10C4, 0x10C4, 0x10C4, 0x10C4, 0x10E4, 0x10E4, 0x10E4, 0x10E4, 0x10E4, 0x10C4, 0x10C4,
  0x10C4, 0x10E4, 0x10E4, 0x10E4, 0x10E4, 0x10C4, 0x10C4, 0x10C4, 0x10C4, 0x10C4, 0x10C3, 0x10C3,
  0x10C4, 0x10C4, 0x10C4, 0x10C4, 0x10E4, 0x10E4, 0x10C4, 0x10E4, 0x10E4, 0x10E4, 0x10E4, 0x1104,
  0x1104, 0x10E4, 0x10E4, 0x1104, 0x1104, 0x1104, 0x1105, 0x1105, 0x1105, 0x1105, 0x1125, 0x1125,
  0x1925, 0x1945, 0x1925, 0x1925, 0x1925, 0x1146, 0x1146, 0x1946, 0x1946, 0x1966, 0x1966, 0x1987,
  0x08A3, 0x10A3, 0x10A3, 0x10C4, 0x10C4, 0x10C4, 0x10C4, 0x10C4, 0x10C4, 0x10C4, 0x10C4, 0x10C4,
  0x10C4, 0x10C4, 0x10C4, 0x10C4, 0x10A3, 0x10C4, 0x10C4, 0x10C4, 0x10C4, 0x10C4, 0x10C4, 0x10C4,
  0x10C4, 0x10C4, 0x10C4, 0x10C4, 0x10C4, 0x10C4, 0x10C4, 0x10C4, 0x10C4, 0x10C4, 0x10C4, 0x10C4,
  0x10C4, 0x10C4, 0x10E4, 0x10E4, 0x10E4, 0x10C4, 0x10C4, 0x10C4, 0x10C4, 0x10C4, 0x10C4, 0x10C4,
  0x10C4, 0x10C4, 0x10E4, 0x10E4, 0x10E4, 0x10E4, 0x10E4, 0x10E4, 0x10E4, 0x10E4, 0x10C4, 0x10C4,
  0x10E4, 0x10C4, 0x10C4, 0x10C4, 0x10C4, 0x10C4, 0x10C4, 0x10E4, 0x10E4, 0x10E4, 0x10E4, 0x10E4,
  0x10E4, 0x10E4, 0x10C4, 0x10E4, 0x10E4, 0x10E4, 0x10C4, 0x10C4, 0x10C4, 0x10C4, 0x10C4, 0x10C4,
  0x10C4, 0x10C4, 0x10C4, 0x10C4, 0x10C4, 0x10C4, 0x10E4, 0x1104, 0x1104, 0x1104, 0x1104, 0x1105,
  0x1905, 0x1105, 0x10E4, 0x10E4, 0x10E4, 0x10E4, 0x10E4, 0x10C4, 0x10C4, 0x10C4, 0x10C4, 0x10C4,
  0x10C4, 0x10C4, 0x10C4, 0x10C4, 0x10C4, 0x10C4, 0x10C4, 0x10C4, 0x10C4, 0x10E4, 0x10E4, 0x10E4,
  0x10E4, 0x10E4, 0x10E4, 0x10E4, 0x10E4, 0x10C4, 0x10C4, 0x10C4, 0x10C4, 0x10C4, 0x10E4, 0x10C4,
  0x10C4, 0x10C4, 0x10C4, 0x10C4, 0x08E4, 0x08E4, 0x08E4, 0x10E4, 0x10E4, 0x10E4, 0x10E4, 0x10C3,
  0x10C3, 0x10C3, 0x10C4, 0x10C4, 0x10C4, 0x10C4, 0x10E4, 0x10E4, 0x10E4, 0x10E4, 0x10E4, 0x10E4,
  0x10E4, 0x10E4, 0x10E4, 0x10C4, 0x08C4, 0x10C4, 0x10C4, 0x10C4, 0x10C4, 0x08C4, 0x10C4, 0x10E4,
  0x10E4, 0x10E4, 0x10E4, 0x10E4, 0x10C4, 0x10C4, 0x10C4, 0x10E4, 0x10E4, 0x10C4, 0x10C4, 0x10C4,
  0x10C4, 0x10C4, 0x10C4, 0x10C4, 0x10C4, 0x10C4, 0x10E4, 0x10E4, 0x10E4, 0x08C4, 0x10C4, 0x10C4,
  0x10C4, 0x10C4, 0x10C4, 0x10C4, 0x10C4, 0x10C4, 0x10C4, 0x10C4, 0x10C4, 0x10E4, 0x10E4, 0x10E4,
  0x10C4, 0x10C4, 0x10C4, 0x10C4, 0x10E4, 0x10E4, 0x10C4, 0x10E4, 0x1105, 0x1105, 0x1105, 0x1105,
  0x1905, 0x1925, 0x1925, 0x1925, 0x1925, 0x1925, 0x1925, 0x1925, 0x1925, 0x1925, 0x1946, 0x1946,
  0x1966, 0x1966, 0x1966, 0x1966, 0x1966, 0x1966, 0x1966, 0x1966, 0x1966, 0x1966, 0x1966, 0x1966,
  0x08A3, 0x10A3, 0x10A3, 0x10C4, 0x10C4, 0x10C4, 0x10C4, 0x10C4, 0x10C4, 0x10C4, 0x10C4, 0x10C4,
  0x10C4, 0x10C4, 0x10C4, 0x10C4, 0x10C4, 0x10C4, 0x10C4, 0x10C4, 0x10C4, 0x10C4, 0x10C4, 0x10C4,
  0x10C4, 0x10C4, 0x10C4, 0x10C4, 0x10C4, 0x10C4, 0x10C4, 0x10C4, 0x10C4, 0x10C4, 0x10C4, 0x10C4,
  0x10C4, 0x10C4, 0x10C4, 0x10C4, 0x10C4, 0x10C4, 0x10C4, 0x10E4, 0x10E4, 0x10C4, 0x10C4, 0x10C4,
  0x10C4, 0x10C4, 0x10C4, 0x10C4, 0x10E4, 0x10E4, 0x10E4, 0x10E4, 0x10E4, 0x10E4, 0x10C4, 0x10C4,
  0x10C4, 0x10E4, 0x10E4, 0x10C4, 0x10C4, 0x10C4, 0x10C4, 0x10C4, 0x10C4, 0x10C4, 0x10C4, 0x10C4,
  0x10C4, 0x10C4, 0x10C4, 0x10C4, 0x10C4, 0x10C4, 0x10C4, 0x10E4, 0x10E4, 0x10C4, 0x10C4, 0x10C4,
  0x10C4, 0x10C4, 0x10C4, 0x10C4, 0x10C4, 0x10C4, 0x10C4, 0x10E4, 0x10E4, 0x10E4, 0x10E4, 0x1104,
  0x1104, 0x1104, 0x10E4, 0x18E4, 0x18E4, 0x10E4, 0x18E4, 0x10E4, 0x10E4, 0x10C4, 0x10C4, 0x10C4,
  0x10C4, 0x10C4, 0x10C4, 0x10C4, 0x10C4, 0x10C4, 0x10C4, 0x10C4, 0x10C4, 0x10C4, 0x10C4, 0x10C4,
  0x10C4, 0x10C4, 0x10C4, 0x10C4, 0x10C4, 0x10C4, 0x10C4, 0x10C4, 0x10C4, 0x10C4, 0x10C4, 0x10C4,
  0x10C4, 0x10C4, 0x10C4, 0x10C4, 0x10C4, 0x08C4, 0x08C4, 0x08E4, 0x08E4, 0x10E4, 0x10E4, 0x10E4,
  0x10E4, 0x10C4, 0x10C4, 0x10C4, 0x10C4, 0x10C4, 0x10E4, 0x10E4, 0x08E4, 0x08E4, 0x10C4, 0x10C4,
  0x10C4, 0x10E4, 0x10E4, 0x10C4, 0x10C4, 0x10C4, 0x10C4, 0x10C4, 0x10C4, 0x10C4, 0x10C4, 0x10C4,
  0x10C4, 0x10C4, 0x10C4, 0x10C4, 0x10C4, 0x10C4, 0x10C4, 0x10C4, 0x10C4, 0x10C4, 0x10C4, 0x10C4,
  0x10C4, 0x10C4, 0x10C4, 0x10E4, 0x10E4, 0x10E4, 0x10E4, 0x08E4, 0x08C4, 0x08C4, 0x08E4, 0x08E4,
  0x08E4, 0x10E4, 0x10E4, 0x10E4, 0x10E4, 0x10E4, 0x10E4, 0x10E4, 0x10E4, 0x10E4, 0x1105, 0x1105,
  0x1105, 0x1105, 0x1105, 0x1105, 0x1925, 0x1925, 0x1125, 0x1925, 0x1925, 0x1925, 0x1925, 0x1926,
  0x1946, 0x1946, 0x1946, 0x2166, 0x2166, 0x2167, 0x2167, 0x2187, 0x2187, 0x2187, 0x2187, 0x2187,
  0x2187, 0x2167, 0x2187, 0x2187, 0x2187, 0x1987, 0x1987, 0x1967, 0x1967, 0x1987, 0x2187, 0x1987,
  0x10A3, 0x10A3, 0x08A3, 0x08A3, 0x08A3, 0x10C3, 0x10C3, 0x10C3, 0x10C3, 0x10C3, 0x10C3, 0x10C3,
  0x10C4, 0x10C4, 0x10C4, 0x10C4, 0x10C4, 0x10C4, 0x10C4, 0x10C4, 0x10C4, 0x10C4, 0x10C4, 0x10C4,
  0x10C4, 0x10C4, 0x10C4, 0x10C4, 0x10C4, 0x10C4, 0x10C4, 0x10C4, 0x10C4, 0x10C4, 0x10C4, 0x10C4,
  0x10C4, 0x10C4, 0x10C4, 0x10C4, 0x10C4, 0x10A3, 0x10C4, 0x10C4, 0x10C4, 0x10C4, 0x10C4, 0x10C4,
  0x10C4, 0x10C4, 0x10C4, 0x10C4, 0x10C4, 0x10C4, 0x10C4, 0x10C4, 0x10C4, 0x10C4, 0x10C4, 0x10C4,
  0x10C4, 0x10C4, 0x10C4, 0x10C4, 0x10C4, 0x10C4, 0x10C4, 0x10E4, 0x10E4, 0x10E4, 0x10C4, 0x10C4,
  0x10C4, 0x10C4, 0x10C4, 0x10E4, 0x10C4, 0x10C4, 0x10C4, 0x10E4, 0x10E4, 0x10E4, 0x10E4, 0x10E4,
  0x10E4, 0x10C4, 0x10C4, 0x10C4, 0x10C4, 0x10C4, 0x10C4, 0x10C4, 0x10C4, 0x10E4, 0x10E4, 0x10E4,
  0x10E4, 0x10E4, 0x10C4, 0x10E4, 0x18E4, 0x10C4, 0x10C4, 0x10C4, 0x10C4, 0x10C4, 0x10C4, 0x10C4,
  0x10E4, 0x10E4, 0x10C4, 0x10C4, 0x10C4, 0x10C4, 0x10C4, 0x10C4, 0x10C4, 0x10C4, 0x10C4, 0x10C4,
  0x10C4, 0x10C4, 0x10C4, 0x10C4, 0x10C4, 0x10C4, 0x10C4, 0x10C4, 0x10C4, 0x10C4, 0x10C4, 0x10C4,
  0x10C4, 0x10C4, 0x10C4, 0x10C4, 0x08C3, 0x08C3, 0x08C3, 0x10C3, 0x10C3, 0x10C3, 0x10C3, 0x10C3,
  0x10C3, 0x10C3, 0x10C3, 0x10C3, 0x10C3, 0x10C3, 0x10C4, 0x10C3, 0x10C3, 0x08C3, 0x10C4, 0x10C4,
  0x10C4, 0x10C4, 0x10C4, 0x10C4, 0x10C4, 0x10C3, 0x10C3, 0x10C3, 0x10C3, 0x10C3, 0x10C3, 0x10C3,
  0x10C4, 0x10C4, 0x10C4, 0x10C4, 0x10C4, 0x10C4, 0x10C4, 0x10C4, 0x10E4, 0x10E4, 0x10E4, 0x10E4,
  0x10E4, 0x10E4, 0x10E4, 0x10E4, 0x10E4, 0x10E4, 0x10E4, 0x10E4, 0x10E4, 0x10E4, 0x10E4, 0x10E4,
  0x10E5, 0x1105, 0x1105, 0x1105, 0x1125, 0x1105, 0x1925, 0x1926, 0x1926, 0x1125, 0x1926, 0x1966,
  0x1946, 0x1946, 0x1946, 0x1946, 0x1946, 0x1946, 0x2166, 0x2166, 0x2167, 0x2167, 0x2167, 0x2167,
  0x2187, 0x2187, 0x2167, 0x2166, 0x2166, 0x1966, 0x2166, 0x1966, 0x1966, 0x2166, 0x2187, 0x2187,
  0x2187, 0x2187, 0x2187, 0x2187, 0x2187, 0x2187, 0x2187, 0x1987, 0x1967, 0x1967, 0x1967, 0x1966,
  0x08A3, 0x08A3, 0x10A3, 0x10A3, 0x10A3, 0x10A3, 0x10A3, 0x10A3, 0x10A3, 0x10A3, 0x10A3, 0x10C3,
  0x10C3, 0x10C3, 0x10C3, 0x10C3, 0x10C4, 0x10C4, 0x10C4, 0x10C4, 0x10C4, 0x10C4, 0x10C4, 0x10A3,
  0x10C4, 0x10C4, 0x10C4, 0x10C4, 0x10C4, 0x10C4, 0x10C4, 0x10C4, 0x10C4, 0x10C4, 0x10C4, 0x10C4,
  0x10C4, 0x10E4, 0x10C4, 0x10C4, 0x10C4, 0x10C4, 0x10C4, 0x10C4, 0x10C4, 0x10C4, 0x10C4, 0x10C4,
  0x10C4, 0x10C4, 0x10C4, 0x10C4, 0x10C4, 0x10C4, 0x10C4, 0x10C4, 0x10C4, 0x10C4, 0x10C4, 0x10C4,
  0x10C4, 0x10C4, 0x10C4, 0x10C4, 0x10C4, 0x10C4, 0x10C4, 0x10E4, 0x10E4, 0x10E4, 0x10C4, 0x10C4,
  0x10C4, 0x10C4, 0x10C4, 0x10C4, 0x10C4, 0x10C4, 0x10C4, 0x10C4, 0x10C4, 0x10E4, 0x10E4, 0x10E4,
  0x10E4, 0x10E4, 0x10E4, 0x10C4, 0x10C4, 0x10E4, 0x10C4, 0x10C4, 0x10C4, 0x10C4, 0x10C4, 0x10C4,
  0x10C4, 0x10C4, 0x10C4, 0x10C4, 0x10C4, 0x10C4, 0x10C4, 0x10C4, 0x10C4, 0x10C4, 0x10C4, 0x10C4,
  0x10C4, 0x10C4, 0x10C4, 0x10C4, 0x10C4, 0x10C4, 0x10C4, 0x10C4, 0x10C4, 0x10C4, 0x10C4, 0x10A3,
  0x10C4, 0x10C4, 0x10A3, 0x10A3, 0x10A3, 0x10A3, 0x10C4, 0x10C4, 0x10C4, 0x10C4, 0x10C4, 0x10C4,
  0x10A4, 0x10C4, 0x10C4, 0x10C4, 0x08C3, 0x08C3, 0x08C3, 0x08C3, 0x08C3, 0x10C3, 0x10C3, 0x10C3,
  0x10C3, 0x10C3, 0x10A3, 0x10A3, 0x10A3, 0x10A3, 0x10C3, 0x10C3, 0x08C3, 0x08C3, 0x08A3, 0x08A3,
  0x08A3, 0x08C3, 0x08C3, 0x08C3, 0x08C3, 0x10C3, 0x10C3, 0x10C3, 0x10C3, 0x10C3, 0x10C3, 0x10C3,
  0x10C4, 0x10C4, 0x10A3, 0x10A3, 0x10C4, 0x10C4, 0x10C4, 0x08C3, 0x10C4, 0x10C4, 0x10C4, 0x10C4,
  0x10C4, 0x10E4, 0x10E4, 0x1105, 0x1905, 0x1125, 0x1925, 0x1125, 0x1925, 0x1925, 0x1126, 0x1126,
  0x1926, 0x1125, 0x1126, 0x1926, 0x1926, 0x1946, 0x1946, 0x1946, 0x1946, 0x2167, 0x1967, 0x1966,
  0x2167, 0x2167, 0x2187, 0x2187, 0x2187, 0x2187, 0x2187, 0x21A7, 0x21A7, 0x21A7, 0x21A7, 0x21A7,
  0x21A7, 0x21A7, 0x21A7, 0x2187, 0x21A7, 0x21A7, 0x2187, 0x2187, 0x1987, 0x1987, 0x1987, 0x1987,
  0x1987, 0x1987, 0x1987, 0x1967, 0x1967, 0x1967, 0x1967, 0x1967, 0x1967, 0x1967, 0x1967, 0x1967,
  0x08A3, 0x08A3, 0x10C3, 0x10C3, 0x10C3, 0x08A3, 0x08A3, 0x08A3, 0x08A3, 0x08A3, 0x08A3, 0x08A3,
  0x10C3, 0x10C3, 0x10C3, 0x10C3, 0x10C4, 0x10C4, 0x10A3, 0x10A3, 0x10A3, 0x10A3, 0x10A3, 0x08A3,
  0x08A3, 0x10A3, 0x10A3, 0x10C4, 0x10C4, 0x10C4, 0x10C4, 0x10A3, 0x10A3, 0x10A3, 0x08A3, 0x08A3,
  0x08A3, 0x10C4, 0x10C4, 0x10C4, 0x10C4, 0x10E4, 0x10C4, 0x10C4, 0x10C4, 0x10C4, 0x10C4, 0x10C4,
  0x10C4, 0x10C4, 0x10C4, 0x10C4, 0x10C4, 0x10C4, 0x10C4, 0x10C4, 0x10C4, 0x10C4, 0x10C4, 0x10C4,
  0x10C4, 0x10C4, 0x10C4, 0x10C4, 0x10C4, 0x10C4, 0x10C4, 0x10C4, 0x10C4, 0x10C4, 0x10C4, 0x10C4,
  0x10C4, 0x10C4, 0x10C4, 0x10C4, 0x10C4, 0x10C4, 0x10C4, 0x10E4, 0x10E4, 0x10C4, 0x10C4, 0x10C4,
  0x10C4, 0x10E4, 0x10E4, 0x10E4, 0x10E4, 0x10E4, 0x10C4, 0x10C4, 0x10C4, 0x10C4, 0x10C4, 0x10A3,
  0x08C3, 0x10C4, 0x10C4, 0x10C4, 0x10C4, 0x10C4, 0x10C4, 0x10C4, 0x10C4, 0x10C4, 0x10C4, 0x10C4,
  0x10A3, 0x10A3, 0x10C4, 0x10C4, 0x10C4, 0x10C4, 0x10C4, 0x10C4, 0x10C4, 0x10C4, 0x10A3, 0x08A3,
  0x08A3, 0x10A3, 0x08A3, 0x08A3, 0x08A3, 0x08A3, 0x08A3, 0x10A3, 0x10A3, 0x10A3, 0x10A3, 0x10A3,
  0x10A3, 0x10A3, 0x10A3, 0x10A3, 0x08A3, 0x08A3, 0x08A3, 0x08C3, 0x08C3, 0x08C3, 0x10A3, 0x10A3,
  0x10A3, 0x10A3, 0x10A3, 0x10A3, 0x08A3, 0x08A3, 0x10C3, 0x08C3, 0x08C3, 0x08A3, 0x10A3, 0x10A3,
  0x10A3, 0x08A3, 0x08A3, 0x08A3, 0x08A3, 0x08A3, 0x08A3, 0x08A3, 0x08A3, 0x08A3, 0x08A3, 0x10C3,
  0x10C4, 0x10C4, 0x10C4, 0x10C4, 0x10C4, 0x10C4, 0x10C4, 0x10E4, 0x10E4, 0x10E4, 0x10E4, 0x10E4,
  0x10E4, 0x10E4, 0x10E4, 0x1905, 0x1925, 0x1925, 0x1946, 0x1946, 0x1966, 0x1966, 0x1967, 0x1967,
  0x2167, 0x2167, 0x2167, 0x2167, 0x2167, 0x1967, 0x1987, 0x2187, 0x2187, 0x2187, 0x2187, 0x21A7,
  0x2187, 0x2187, 0x2188, 0x21A8, 0x21A8, 0x21A8, 0x21A8, 0x21A8, 0x21A8, 0x21A8, 0x21A8, 0x21A8,
  0x21A8, 0x21A8, 0x21A8, 0x2187, 0x21A8, 0x21A8, 0x21A8, 0x21A8, 0x2187, 0x2187, 0x1987, 0x1987,
  0x1987, 0x1987, 0x1967, 0x1967, 0x1966, 0x1947, 0x1947, 0x1967, 0x1967, 0x1967, 0x1967, 0x1967,
  0x08A3, 0x08A3, 0x08A3, 0x08A3, 0x08A3, 0x08A3, 0x08A3, 0x08A3, 0x08A3, 0x08A3, 0x10C3, 0x10C3,
  0x10C3, 0x10C3, 0x10C3, 0x10C3, 0x10A3, 0x10A3, 0x08A3, 0x08A3, 0x10A3, 0x08A3, 0x08A3, 0x10A3,
  0x10A3, 0x10C4, 0x10C4, 0x10C4, 0x10C4, 0x10C4, 0x10C4, 0x10C4, 0x10A3, 0x10A3, 0x10A3, 0x10A3,
  0x08A3, 0x08A3, 0x10A3, 0x10A3, 0x08A3, 0x10C4, 0x10C4, 0x10C4, 0x10C4, 0x10C4, 0x10C4, 0x10C4,
  0x10C4, 0x10C4, 0x10C4, 0x10C4, 0x10C4, 0x10C4, 0x10C4, 0x10C4, 0x10C4, 0x10C4, 0x10C4, 0x10C4,
  0x10C4, 0x10C4, 0x10C4, 0x10C4, 0x10C4, 0x10C4, 0x10C4, 0x10C4, 0x10C4, 0x10C4, 0x10C4, 0x10C4,
  0x10C4, 0x10C4, 0x10C4, 0x10C4, 0x10C4, 0x10A3, 0x10C4, 0x10E4, 0x10E4, 0x10E4, 0x10E4, 0x10E4,
  0x10E4, 0x10C4, 0x10C4, 0x10C4, 0x10C4, 0x10E4, 0x10C4, 0x10C4, 0x10C4, 0x10C4, 0x10C4, 0x10C4,
  0x10C4, 0x10C4, 0x10A4, 0x10A3, 0x10A4, 0x10A4, 0x10C4, 0x10C4, 0x10C4, 0x10C4, 0x10C4, 0x10C4,
  0x10A3, 0x10A3, 0x10A3, 0x10A3, 0x10A3, 0x10A3, 0x10C4, 0x10C4, 0x10C4, 0x10C4, 0x10A3, 0x10A3,
  0x10C4, 0x10C4, 0x10A3, 0x10A3, 0x08A3, 0x08A3, 0x08A3, 0x10A3, 0x08A3, 0x08A3, 0x08A3, 0x08A3,
  0x10A3, 0x10A3, 0x10A3, 0x08A3, 0x08A3, 0x08A3, 0x08A3, 0x08A3, 0x08A3, 0x08A3, 0x08A3, 0x10A3,
  0x10A3, 0x10A3, 0x10A3, 0x10A3, 0x10A3, 0x10C3, 0x08A3, 0x08C3, 0x08A3, 0x08A3, 0x08A3, 0x08A3,
  0x08A3, 0x08A3, 0x08A3, 0x08A3, 0x08A3, 0x08A3, 0x08A3, 0x08A3, 0x08A3, 0x08A3, 0x10C3, 0x10C3,
  0x10C4, 0x10C4, 0x10E4, 0x10E4, 0x10E4, 0x18E4, 0x18E4, 0x1905, 0x1905, 0x1905, 0x1925, 0x1925,
  0x1925, 0x1925, 0x1945, 0x1925, 0x1946, 0x1946, 0x1946, 0x1966, 0x2166, 0x1986, 0x2187, 0x2187,
  0x2187, 0x2187, 0x2187, 0x2187, 0x2187, 0x21A8, 0x2187, 0x2187, 0x2187, 0x2187, 0x2187, 0x2187,
  0x2187, 0x2187, 0x2187, 0x2187, 0x2187, 0x2187, 0x2187, 0x2187, 0x2187, 0x2187, 0x2187, 0x2187,
  0x21A8, 0x21A8, 0x2187, 0x2187, 0x21A8, 0x21A8, 0x21A8, 0x2188, 0x2187, 0x2188, 0x2187, 0x2187,
  0x2187, 0x2187, 0x1987, 0x1987, 0x1987, 0x1967, 0x1967, 0x1967, 0x1947, 0x1947, 0x1947, 0x1967,
  0x08A3, 0x08A3, 0x08A3, 0x08A3, 0x08A3, 0x08A3, 0x08A3, 0x08A3, 0x08A3, 0x08A3, 0x08A3, 0x08A3,
  0x08A3, 0x08A3, 0x10C3, 0x10C3, 0x10C4, 0x10A3, 0x08A3, 0x08A3, 0x08A3, 0x08A3, 0x08A3, 0x08A3,
  0x08A3, 0x08A3, 0x08A3, 0x08A3, 0x08A3, 0x08A3, 0x08A3, 0x10C4, 0x10C4, 0x10C4, 0x10A3, 0x10A3,
  0x10A3, 0x10A3, 0x10A3, 0x10A3, 0x10A3, 0x10C4, 0x10A3, 0x10A3, 0x10C4, 0x10C4, 0x10C4, 0x10C4,
  0x10C4, 0x10C4, 0x10C4, 0x10C4, 0x10C4, 0x10C4, 0x10C4, 0x10C4, 0x10C4, 0x10C4, 0x10C4, 0x10C4,
  0x10C4, 0x10C4, 0x10C4, 0x10C4, 0x10C4, 0x10C4, 0x10C4, 0x10C4, 0x10C4, 0x10C4, 0x10C4, 0x10C4,
  0x10C4, 0x10C4, 0x10C4, 0x10C4, 0x10C4, 0x10C4, 0x10C4, 0x10C4, 0x10C4, 0x10C4, 0x10C4, 0x10C4,
  0x10C4, 0x10C4, 0x10C4, 0x10C4, 0x10C4, 0x10C4, 0x10C4, 0x10C4, 0x10C4, 0x10C4, 0x10C4, 0x10C4,
  0x10C4, 0x10C4, 0x10A3, 0x10C4, 0x10A3, 0x08A3, 0x08A3, 0x10A3, 0x10A3, 0x10A3, 0x10A3, 0x10C4,
  0x10C4, 0x10C4, 0x10C4, 0x10C4, 0x10A3, 0x10A3, 0x08A3, 0x08A3, 0x08A3, 0x10A3, 0x10A3, 0x10A3,
  0x10A3, 0x10A3, 0x10A3, 0x10A3, 0x10A3, 0x08A4, 0x08A4, 0x08A4, 0x08A4, 0x08A4, 0x08A4, 0x08A3,
  0x08A3, 0x08A3, 0x08A3, 0x08A3, 0x08A3, 0x08A3, 0x08A3, 0x08A3, 0x08A3, 0x08A3, 0x08A3, 0x08A3,
  0x08A3, 0x08A3, 0x08A3, 0x08A3, 0x08A2, 0x08A2, 0x08A2, 0x08A3, 0x08A3, 0x08A3, 0x10C4, 0x08C4,
  0x08A4, 0x10C4, 0x10C4, 0x10E4, 0x10E4, 0x08E4, 0x10E4, 0x10E4, 0x10E4, 0x1105, 0x1105, 0x1105,
  0x1105, 0x1105, 0x1125, 0x1125, 0x1125, 0x1125, 0x1925, 0x1946, 0x1946, 0x1946, 0x1946, 0x1966,
  0x1966, 0x1966, 0x2166, 0x2167, 0x2187, 0x2167, 0x2187, 0x2187, 0x2187, 0x2167, 0x2166, 0x2167,
  0x2187, 0x2187, 0x2187, 0x21A7, 0x21A7, 0x2187, 0x2187, 0x2187, 0x2187, 0x21A7, 0x21A7, 0x2187,
  0x21A7, 0x21A7, 0x21A7, 0x21A8, 0x21A8, 0x21A7, 0x21A7, 0x21A7, 0x2187, 0x2187, 0x2187, 0x2187,
  0x2187, 0x2187, 0x2187, 0x2187, 0x2187, 0x2187, 0x2187, 0x2187, 0x2187, 0x2187, 0x2187, 0x2187,
  0x2187, 0x2187, 0x2187, 0x21A7, 0x21A7, 0x2187, 0x2187, 0x2187, 0x2187, 0x1987, 0x1967, 0x1967,
  0x08A3, 0x08A3, 0x08A3, 0x08A3, 0x08A3, 0x08A2, 0x08A2, 0x08A2, 0x08A2, 0x08A3, 0x08A3, 0x08A3,
  0x08A3, 0x08A3, 0x08A3, 0x08A3, 0x10C3, 0x10C4, 0x10C4, 0x10A3, 0x10C4, 0x08A3, 0x08A3, 0x08A3,
  0x08A3, 0x08A3, 0x08A3, 0x08A3, 0x08A3, 0x08A3, 0x08A3, 0x08A3, 0x08A3, 0x08A3, 0x10A3, 0x10A3,
  0x10A3, 0x10A3, 0x10A3, 0x10A3, 0x10A3, 0x10C4, 0x10A3, 0x10A3, 0x10C4, 0x10C4, 0x10A3, 0x10A3,
  0x10C4, 0x10C4, 0x10C4, 0x10C4, 0x10C4, 0x10C4, 0x10C4, 0x10C4, 0x10A3, 0x10A3, 0x10A3, 0x10A3,
  0x10C4, 0x10C4, 0x10C4, 0x10C4, 0x10C4, 0x10C4, 0x10C4, 0x10C4, 0x10C4, 0x10C4, 0x10C4, 0x10C4,
  0x10C4, 0x10C4, 0x10C4, 0x10C4, 0x10C4, 0x10C4, 0x10A3, 0x10A3, 0x10A3, 0x10C4, 0x10C4, 0x10A3,
  0x08A3, 0x10A3, 0x10C4, 0x10C4, 0x10C4, 0x10C4, 0x10C4, 0x10C4, 0x10C4, 0x10C4, 0x10C4, 0x10C4,
  0x10C4, 0x10C4, 0x10A3, 0x10C4, 0x10A3, 0x08A3, 0x10A3, 0x10A3, 0x10A3, 0x10A3, 0x10A3, 0x10A3,
  0x10A3, 0x10A3, 0x10C4, 0x10C4, 0x10A3, 0x10A3, 0x08A3, 0x08A3, 0x08A3, 0x10A3, 0x10A3, 0x10A3,
  0x10A3, 0x10A3, 0x10A3, 0x10A3, 0x10A3, 0x10A3, 0x10A3, 0x10A3, 0x08A3, 0x08A3, 0x08A3, 0x08A3,
  0x08A3, 0x08A3, 0x08A3, 0x08A3, 0x08A3, 0x08A3, 0x08A3, 0x08A3, 0x08A3, 0x0883, 0x0883, 0x08A3,
  0x08A3, 0x08A3, 0x0882, 0x08A3, 0x08A3, 0x08A3, 0x08A3, 0x10C3, 0x10C3, 0x10C3, 0x08C4, 0x10E4,
  0x1105, 0x1105, 0x1105, 0x1105, 0x1105, 0x1125, 0x1925, 0x1925, 0x1925, 0x1925, 0x1925, 0x1946,
  0x1925, 0x1946, 0x1946, 0x1946, 0x1946, 0x1946, 0x1946, 0x1946, 0x1946, 0x1946, 0x1946, 0x1966,
  0x1966, 0x1966, 0x1966, 0x2166, 0x2166, 0x2166, 0x2166, 0x2166, 0x2167, 0x2167, 0x2167, 0x2166,
  0x1966, 0x2166, 0x2167, 0x2187, 0x2187, 0x21A7, 0x2187, 0x2187, 0x2187, 0x2187, 0x2187, 0x21A7,
  0x21A8, 0x2187, 0x2187, 0x21A8, 0x21A7, 0x21A7, 0x21A8, 0x21A8, 0x21A8, 0x21A8, 0x2188, 0x2187,
  0x2187, 0x2187, 0x2187, 0x2187, 0x2187, 0x2187, 0x2187, 0x2187, 0x1987, 0x2187, 0x2187, 0x2187,
  0x2187, 0x2187, 0x2187, 0x2187, 0x2187, 0x2187, 0x2187, 0x2187, 0x2187, 0x2187, 0x2187, 0x2187,
  0x08A3, 0x08A3, 0x08A3, 0x08A3, 0x08A3, 0x08A3, 0x08A3, 0x08A3, 0x08A3, 0x08A3, 0x08A3, 0x08A3,
  0x08A3, 0x08A3, 0x08A3, 0x08A3, 0x08A3, 0x08A3, 0x10A3, 0x10A3, 0x10A3, 0x08A3, 0x08A3, 0x10A3,
  0x10A3, 0x10A3, 0x08A3, 0x10A3, 0x10A3, 0x10A3, 0x10A3, 0x08A3, 0x08A3, 0x08A3, 0x08A3, 0x08A3,
  0x08A3, 0x08A3, 0x10A3, 0x10A3, 0x10A3, 0x10C4, 0x10A3, 0x10A3, 0x10C4, 0x10A3, 0x08A3, 0x08A3,
  0x10A3, 0x10A3, 0x10A3, 0x10A3, 0x10A3, 0x10A3, 0x10A3, 0x10A3, 0x10A3, 0x10A3, 0x10A3, 0x10A3,
  0x10C4, 0x10C4, 0x10C4, 0x10C4, 0x10C4, 0x10C4, 0x10C4, 0x10C4, 0x10C4, 0x10C4, 0x10C4, 0x10C4,
  0x10C4, 0x10C4, 0x10C4, 0x10C4, 0x10C4, 0x10C4, 0x10C4, 0x10C4, 0x10C4, 0x10C4, 0x10A3, 0x10A3,
  0x10A3, 0x08A3, 0x08A3, 0x10A3, 0x10A3, 0x10C4, 0x10C4, 0x10C4, 0x10C4, 0x10C4, 0x10C4, 0x10C4,
  0x10C4, 0x10C4, 0x10A3, 0x10C4, 0x10C4, 0x10A3, 0x10A3, 0x10A3, 0x10A3, 0x10A3, 0x10A3, 0x10A3,
  0x10A3, 0x10A3, 0x08A3, 0x08A3, 0x10A3, 0x10A3, 0x10A3, 0x10A3, 0x10A3, 0x10A3, 0x10A3, 0x08A3,
  0x08A3, 0x08A3, 0x08A3, 0x08A3, 0x08A3, 0x08A3, 0x08A3, 0x08A3, 0x08A3, 0x08A3, 0x08A3, 0x08A3,
  0x08A3, 0x08A3, 0x08A3, 0x08A3, 0x0883, 0x0883, 0x0883, 0x08A3, 0x08A3, 0x08A3, 0x08A3, 0x08A3,
  0x08A3, 0x08A3, 0x10C3, 0x10E4, 0x10E4, 0x10E4, 0x10E4, 0x1104, 0x1104, 0x10E4, 0x1105, 0x10E5,
  0x10E4, 0x10E4, 0x10E5, 0x1905, 0x1925, 0x1946, 0x1946, 0x1946, 0x1946, 0x1946, 0x1946, 0x1966,
  0x1946, 0x1946, 0x1966, 0x1966, 0x1946, 0x1966, 0x2166, 0x2166, 0x2166, 0x2166, 0x2166, 0x1966,
  0x1966, 0x1966, 0x1966, 0x1966, 0x1966, 0x1966, 0x1966, 0x1966, 0x2166, 0x2167, 0x2167, 0x2167,
  0x2166, 0x2166, 0x1966, 0x1966, 0x1946, 0x1966, 0x1966, 0x1967, 0x1967, 0x2187, 0x2187, 0x2187,
  0x2187, 0x2187, 0x2187, 0x21A7, 0x21A7, 0x21A7, 0x21A7, 0x21A7, 0x2188, 0x2188, 0x2188, 0x2188,
  0x2188, 0x2188, 0x2188, 0x2187, 0x2187, 0x2187, 0x2187, 0x2187, 0x2187, 0x2187, 0x2187, 0x2187,
  0x2187, 0x2187, 0x1987, 0x1967, 0x1967, 0x1967, 0x1967, 0x1967, 0x1967, 0x1987, 0x2187, 0x2187,
  0x08A3, 0x08A3, 0x08A3, 0x08A3, 0x08A3, 0x08A3, 0x08A3, 0x08A3, 0x08A3, 0x08A3, 0x08A3, 0x08A3,
  0x10C3, 0x10C3, 0x08A3, 0x08A3, 0x0883, 0x08A3, 0x08A3, 0x08A3, 0x08A3, 0x08A3, 0x08A3, 0x08A3,
  0x08A3, 0x08A3, 0x08A3, 0x08A3, 0x08A3, 0x08A3, 0x08A3, 0x10A3, 0x10A3, 0x10A3, 0x08A3, 0x08A3,
  0x08A3, 0x08A3, 0x10A3, 0x10A3, 0x10A3, 0x10C4, 0x10A3, 0x10A3, 0x10C4, 0x08A3, 0x08A3, 0x08A3,
  0x08A3, 0x08A3, 0x08A3, 0x08A3, 0x08A3, 0x08A3, 0x08A3, 0x08A3, 0x08A3, 0x08A3, 0x08A3, 0x08A3,
  0x10A3, 0x10A3, 0x10A3, 0x10A3, 0x10A3, 0x10A3, 0x10A3, 0x10C4, 0x10C4, 0x10A3, 0x10C4, 0x10C4,
  0x10C4, 0x10C4, 0x10C4, 0x10C4, 0x10C4, 0x10C4, 0x10A3, 0x10A3, 0x10A3, 0x10A3, 0x10A3, 0x10C4,
  0x10C4, 0x10C4, 0x10A3, 0x10A3, 0x10A3, 0x08A3, 0x10A3, 0x10C4, 0x10C4, 0x10C4, 0x10C4, 0x10C4,
  0x10C4, 0x10C4, 0x10A3, 0x10C4, 0x10C4, 0x10A3, 0x10C4, 0x10A3, 0x10A3, 0x10A3, 0x10A3, 0x08A3,
  0x08A3, 0x08A3, 0x08A3, 0x08A3, 0x10A3, 0x10C4, 0x10A3, 0x10A3, 0x10A3, 0x10C4, 0x10A3, 0x08A3,
  0x08A3, 0x08A3, 0x08A3, 0x08A3, 0x08A3, 0x08A3, 0x08A3, 0x08A3, 0x08C3, 0x08C3, 0x08C3, 0x08A3,
  0x10C4, 0x10C4, 0x10C4, 0x10C4, 0x10C4, 0x10C4, 0x10C4, 0x10C4, 0x10E4, 0x10E4, 0x10E4, 0x10E4,
  0x10E4, 0x10E4, 0x10E4, 0x10E4, 0x10E4, 0x10E4, 0x1105, 0x1925, 0x1925, 0x1925, 0x1926, 0x1946,
  0x1946, 0x1946, 0x1946, 0x1946, 0x1946, 0x1946, 0x1946, 0x1946, 0x1946, 0x1966, 0x1966, 0x2166,
  0x2166, 0x1966, 0x1966, 0x1946, 0x1946, 0x1946, 0x1946, 0x1946, 0x1946, 0x1946, 0x1946, 0x1946,
  0x1946, 0x1966, 0x1966, 0x1966, 0x1966, 0x1966, 0x1946, 0x1946, 0x2166, 0x2166, 0x1966, 0x1966,
  0x1966, 0x1966, 0x2166, 0x2166, 0x2167, 0x2187, 0x1987, 0x1967, 0x1967, 0x1967, 0x1967, 0x1966,
  0x1967, 0x1967, 0x1987, 0x1967, 0x1987, 0x1967, 0x1967, 0x1967, 0x1967, 0x2187, 0x2187, 0x2187,
  0x2187, 0x2187, 0x2187, 0x2187, 0x2187, 0x2187, 0x2187, 0x1987, 0x1987, 0x2187, 0x2187, 0x2187,
  0x2187, 0x2187, 0x2187, 0x2187, 0x1987, 0x1967, 0x1967, 0x1967, 0x1967, 0x1966, 0x1967, 0x1967,
  0x08A3, 0x08A3, 0x08A3, 0x08A3, 0x08A3, 0x08A3, 0x08A3, 0x08A3, 0x08A3, 0x08A3, 0x08A3, 0x08A3,
  0x08A3, 0x08A3, 0x08A3, 0x08A3, 0x08A3, 0x08A3, 0x08A3, 0x08A3, 0x08A3, 0x08A3, 0x08A3, 0x08A3,
  0x08A3, 0x08A3, 0x08A3, 0x08A3, 0x08A3, 0x08A3, 0x08A3, 0x10A3, 0x10A3, 0x10A3, 0x08A3, 0x08A3,
  0x08A3, 0x08A3, 0x08A3, 0x08A3, 0x10A3, 0x10A3, 0x10A3, 0x10A3, 0x10A3, 0x08A3, 0x08A3, 0x10A3,
  0x10A3, 0x10A3, 0x10A3, 0x10A3, 0x10A3, 0x08A3, 0x08A3, 0x10A3, 0x10C4, 0x10A3, 0x10A3, 0x10A3,
  0x10A3, 0x10A3, 0x10A3, 0x10A3, 0x10A3, 0x10C4, 0x10C4, 0x10C4, 0x10C4, 0x10C4, 0x10A3, 0x10A3,
  0x08A3, 0x08A3, 0x10C4, 0x10C4, 0x10C4, 0x10C4, 0x10C4, 0x10C4, 0x10C4, 0x10A3, 0x10A3, 0x10A3,
  0x08A3, 0x10C4, 0x10C4, 0x10C4, 0x10C4, 0x10C4, 0x10C4, 0x10C4, 0x10A3, 0x10A3, 0x10A3, 0x10A3,
  0x10A3, 0x10C4, 0x10C4, 0x10C4, 0x10C4, 0x10C4, 0x10C4, 0x08A3, 0x08A3, 0x10A3, 0x10A3, 0x10A3,
  0x08A3, 0x08A3, 0x08A3, 0x08A3, 0x08A3, 0x10A3, 0x10A3, 0x10A3, 0x10A3, 0x08A3, 0x08A3, 0x08A3,
  0x08A3, 0x08C3, 0x08C3, 0x08C3, 0x08C3, 0x10C3, 0x10C3, 0x10C3, 0x08C3, 0x10C3, 0x10C4, 0x10C4,
  0x10E4, 0x10C4, 0x10E4, 0x1105, 0x1105, 0x1905, 0x1905, 0x1125, 0x1125, 0x1925, 0x1925, 0x1125,
  0x1925, 0x1925, 0x1125, 0x1925, 0x1925, 0x1946, 0x1925, 0x1925, 0x1946, 0x1946, 0x1946, 0x2166,
  0x2166, 0x2166, 0x2167, 0x2187, 0x2166, 0x2167, 0x1966, 0x1946, 0x1946, 0x1946, 0x1946, 0x1946,
  0x1946, 0x1946, 0x1946, 0x1946, 0x1946, 0x1946, 0x1946, 0x1946, 0x1946, 0x1946, 0x1946, 0x1946,
  0x1946, 0x1946, 0x1946, 0x1946, 0x1946, 0x1946, 0x1946, 0x1946, 0x1946, 0x1946, 0x1946, 0x1946,
  0x1966, 0x1966, 0x1966, 0x1946, 0x1946, 0x1967, 0x1967, 0x1967, 0x1967, 0x1966, 0x1966, 0x1966,
  0x1967, 0x1966, 0x1966, 0x1967, 0x1967, 0x1967, 0x1967, 0x1967, 0x1967, 0x1967, 0x1967, 0x1967,
  0x1967, 0x2187, 0x2187, 0x1987, 0x2187, 0x2187, 0x1987, 0x1987, 0x1987, 0x1987, 0x1967, 0x1987,
  0x2187, 0x21A7, 0x2187, 0x2187, 0x2187, 0x2187, 0x2187, 0x2187, 0x1987, 0x1987, 0x1987, 0x1967,
  0x08A3, 0x08A3, 0x08A3, 0x08A3, 0x08A3, 0x08A3, 0x08A3, 0x08A3, 0x08A3, 0x08A3, 0x08A3, 0x08A3,
  0x08A3, 0x08A3, 0x08A3, 0x08A3, 0x08A3, 0x08A3, 0x08A3, 0x08A3, 0x08A3, 0x08A3, 0x08A3, 0x08A3,
  0x08A3, 0x08A3, 0x08A3, 0x08A3, 0x08A3, 0x08A3, 0x08A3, 0x08A3, 0x08A3, 0x08A3, 0x08A3, 0x08A3,
  0x08A3, 0x08A3, 0x08A3, 0x08A3, 0x08A3, 0x10A3, 0x10A3, 0x10A3, 0x10A3, 0x08A3, 0x10A3, 0x10A3,
  0x10C4, 0x10A3, 0x10A3, 0x10A3, 0x10C4, 0x10A3, 0x08A3, 0x10C4, 0x10C4, 0x10A3, 0x10A3, 0x10A3,
  0x10A3, 0x10A3, 0x10A3, 0x10A3, 0x10A3, 0x10C4, 0x10C4, 0x10A3, 0x10A3, 0x10A3, 0x10C4, 0x10C4,
  0x10A3, 0x08A3, 0x08A3, 0x08A3, 0x08A3, 0x08A3, 0x10A3, 0x10A3, 0x10A3, 0x10A3, 0x10C4, 0x10C4,
  0x10C4, 0x10A3, 0x10A3, 0x10C4, 0x10C4, 0x10C4, 0x10C4, 0x10C4, 0x10C4, 0x10C4, 0x10C4, 0x10C4,
  0x10C4, 0x10C4, 0x10C4, 0x10C4, 0x10C4, 0x10C4, 0x10C4, 0x08A3, 0x08A3, 0x08A3, 0x08A3, 0x08A3,
  0x08A3, 0x08A3, 0x08A3, 0x08A3, 0x08A3, 0x10A3, 0x10A3, 0x10A3, 0x10A3, 0x08A3, 0x08C3, 0x10C4,
  0x10C4, 0x10C4, 0x10C4, 0x10E4, 0x10E4, 0x1104, 0x1104, 0x1905, 0x1905, 0x1905, 0x1905, 0x1105,
  0x1125, 0x1125, 0x1125, 0x1125, 0x1925, 0x1925, 0x1925, 0x1946, 0x1946, 0x1946, 0x1946, 0x1966,
  0x2166, 0x2166, 0x2167, 0x2166, 0x1966, 0x1946, 0x2166, 0x1966, 0x1966, 0x1966, 0x1966, 0x1966,
  0x1966, 0x2167, 0x2167, 0x2167, 0x2167, 0x1987, 0x1987, 0x1967, 0x1967, 0x1966, 0x1966, 0x1946,
  0x1946, 0x1946, 0x1946, 0x1946, 0x1946, 0x1946, 0x1946, 0x1946, 0x1946, 0x1946, 0x1946, 0x1946,
  0x1946, 0x1946, 0x1946, 0x1946, 0x1946, 0x1946, 0x1946, 0x1946, 0x1946, 0x1946, 0x1966, 0x1946,
  0x1946, 0x1946, 0x1946, 0x1946, 0x1946, 0x1966, 0x1966, 0x1966, 0x1966, 0x1967, 0x1967, 0x1967,
  0x1967, 0x1967, 0x1967, 0x1987, 0x1967, 0x1967, 0x1967, 0x1967, 0x1967, 0x1967, 0x1967, 0x2187,
  0x2187, 0x2187, 0x2187, 0x2187, 0x2187, 0x2187, 0x2187, 0x2187, 0x1987, 0x1967, 0x2187, 0x1987,
  0x1987, 0x1987, 0x2187, 0x2187, 0x2187, 0x2187, 0x2187, 0x2187, 0x1987, 0x2187, 0x1967, 0x1967
};
const int nissan_width  = 240;
const int nissan_height = 240;
